1 5557 2224 2 1 1113 4446 3335
2 6668 336 669 447 7779 114 3 8189 558 225
3 7335 7224 7446 7113 7557 5224 6780 5002 5558
4 3014 2947 2958 3003 2991
5 1344 1200 1070 1343 884 997 1169 930 1178 1177 1345 894 1040 621
6 3946 1179 1617 8215 3950
7 3946 1179 2953 2364 1796 1209 1645
8 3946 1372 1238 4740 6412 1545
9 3946 1179 1153 3950 1645 1545
10 3946 1179 631 3950 4857 827
11 3946 1179 3037 6519 576 3950
12 3946 1179 5801 2761 3950 6971
13 1353 3946 1179 3949 3831 1645 1362
14 3946 1179 3950 7948 1775 6964
15 1179 1778 1894 1879 1899 1684
16 1168 950 1183 913 1038 884 956 957
17 1179 1537 3273 5391 3220
18 1779 217 1179 3151 4253
19 1179 2917 3016 3950 5391 1275
20 3937 1179 1372 3941 5147 2691 3950 5010 6321 4567 6915 6376 1328 1410
21 1133 1179 3930 2946 5775 3950 1408
22 3464 1179 1899 1900 4490 1217
23 1179 7341 4001 1236 1209
24 1179 1376 6332 8215 1128
25 1179 1856 211 3950 3890
26 3978 1179 6907 6975 3950 7164 6917 550 3893 456 6378
27 1174 926 962 884 993
28 1179 5865 3391 3950 6870
29 1179 1153 4007 3950 1645
30 1860 8205 2909 2910 2911
31 3297 7258 1504 1526 3963 3500 5750 1280 8135 1410
32 3298 523 6318 1504 3500 7021 6917 3174
33 1894 8161 565 1368 1504 3500 576 1345
34 1324 3910 1746 1834 2428 5409 3500 6410 1745 7631 7407
35 6420 6430 5320 5319 3500
36 3301 1044 3823 739 6950 3500 5296
37 1879 1684 5026 4827 3500 3502 1806 1386 1410
38 908 999 1174 1145 971 884 1035 889 771 909 90 951 1059 540 1101 982
39 2768 1238 3506 3259 6318 1857 3500 1090
40 1372 3848 3500 3502 1806 1410
41 2720 1521 645 3500 4839
42 3928 1504 3500 1190 5800 1499
43 1744 5033 3500 1190 7052 6964
44 3303 5889 2246 6521 1513 3500 1512 2689 1288 6993 6215
45 3978 1316 3500 7533 656 1298
46 7583 4578 1371 3505 3500 1090 1806 1412 6931 1419 8135 1410 6857
47 1576 1350 3152 6422 5165 3500 706 4563
48 4608 3505 3500 3502 1806 1410
49 908 1174 1168 949 911 884 1169 893 956 4958 1104 308 933 1139 932 964 912
50 1371 1350 4589 1740 3500 1890
51 6294 1366 5661 3500 4567
52 4580 3500 1419 1373 6964 1297
53 3824 3500 1736 4864 4863 4865
54 1441 3937 6534 4604 632 3500 2704 4621 5107 4294
55 3500 1494 1116 4585 5117
56 4965 4702 7159 3152 5231 3500
57 3894 212 5688 3500 568
58 3923 3500 3502 1806 2356 1419 1410
59 7691 1324 2742 1369 3301 1539 1405 739 3500 1298
60 899 884 1347 993 1349 635 83 1346
61 1764 6206 1667 3500 3862
62 217 4888 6597 8120 3241 2435 4357
63 5616 2685 1483 1350 3834 2957 6917 2151
64 1633 582 1483 961 2968 1632 1195 7768 2735 596 506
65 4575 6404 3510 1483 7420 3375 3373 6671 6844 6041
66 1457 3713 7949 1483 3375 7578
67 1483 3182 6948 7746 5585 684 3212 6990 4326
68 1483 2830 5578 7161 7721 6800 2993
69 1483 1393 2135 7564 588
70 7339 7132 2152 1483 657
71 1133 1180 1186 1200 1183 1060 884 893 957 1104 1176 1024 948
72 1443 4172 1483 4552 174 2135 4616 4885
73 1483 7188 1876 7858 4497
74 3530 1483 1674 3199 4010
75 4390 3301 3809 6695 739 61 3176
76 6666 1324 6574 3277 6417 6695 7969 4007 6917 5745 2944 6522 1386 44
77 4394 6695 1311 1310 6696
78 7055 7724 3924 5763 6204 6695 4888 3457 6923 6696 5163 6677 6964
79 3978 1805 2967 1433 52 6695 1632 1439
80 1779 6375 6695 3433 1877 6696 3996
81 1805 582 4537 6695 4621
82 75 884 4958 771 90 905 982
83 3298 6384 7803 2761 6695 6693 7713 6696
84 2768 2967 3971 5783 2968 1889 6695 7768 6696
85 1223 908 1741 1186 907 1727 6695 900 1160 935
86 3179 2230 6500 6695 1473 6379 1294
87 3511 1741 5428 6695 2690
88 5408 7108 6516 6695 2233 7504 3094 6906
89 4741 4740 6695 1794 4742 5984
90 2684 5950 1384 6695 1513 7081
91 6695 2729 4961 6696 6926
92 7920 2838 6695 1221 7650
93 908 931 886 884 1008 993 5258 1104 82
94 3216 4848 1245 4604 6695 5165
95 6695 4761 5119 4762 7921 3935 6696
96 7055 4740 6695 7969 4007 596 6696 8165 506
97 6695 1632 1579 6696 3471
98 6642 1398 1427 3242 7132 1504 1501 258 1365 1419
99 1427 4596 1458 5720 8164 3501 6322
100 1427 565 4330 568 6537
101 5007 1427 5634 4915 7050 7311 6244
102 3404 1427 5299 4170 1422 626 4228
103 1427 5263 2238 2239 5207 3211 6844
104 915 1132 917 913 884 1350 924 920 894
105 1427 3402 4571 1422 1419 1499
106 4209 1417 1427 4599 3713 4604 3207 2961
107 1427 4195 3207 8162 5201
108 1427 1395 1613 1415 5211 5890 588 616 6124 1152
109 1427 3264 4106 3726 1678 1817
110 2084 1427 4596 1458 7950 524
111 372 2926 40 28 3591
112 5739 6411 28 2711 468
113 261 1767 2961 28 563 6341
114 344 5929 7820 7377 28
115 2969 2947 2958 3003 2991
116 884 1012 963 157 933 982 964 1150
117 7126 590 6952 6990 1908
118 590 5591 7006 7016 591 5137
119 590 6680 5730 6356 5761
120 1719 1733 590 6135 1141 5732 1731 5761 5762 1695
121 279 5172 6324 590 3433
122 3242 5784 1535 1613 590 4887 5525 1404 4200
123 3216 7825 1395 590 3207
124 5754 590 2652 5602 5624
125 3434 590 810 2366 6890
126 4965 6532 6995 590 554 2046 4007 1577 4282
127 77 1027 884 998 921 963 1012 929 80 4958 772
128 3344 5299 3064 3345 5201 4166
129 6298 1646 3475 5201 6553
130 3511 3826 3844 1703 5201
131 1471 2955 3263 5201 6364
132 239 1569 3635 6595 5201
133 3214 1491 6313 4899 1684 3207 5569 5201 2443 5571
134 1762 3580 577 6955 258
135 347 3580 4675 5222 4972 3211 5755 5032 1708 3495
136 3580 1784 4264 6679 5970 5104
137 3580 4895 4970 594 4442
138 926 1145 1060 1001 1019 884 921
139 6741 3580 3062 4833 664
140 2283 4633 668 408 5555
141 32 2283 821 2147 7862
142 8147 6217 7797 4713 3338 7062 1773 7601 7863
143 5241 5223 2149 5464 5463 3011
144 2115 1768 1849 2440 3011
145 1771 2619 4026 4400 1996 3011
146 2956 1490 6587 4715 5569 6408 3011
147 1698 7092 5413 3177 3011
148 3200 1532 4618 5981 7880 3011
149 6803 687 1050 1060 1019 884 1206 1351 80 771 1207 76 951 78 79 1059 985
150 3615 2816 1884 8116 7100 3011
151 5775 1693 1219 5902 3011
152 3219 1347 3110 7958 1275
153 3157 3251 1900 1275 1154
154 3272 3971 3199 3662 1275 6800
155 1655 3257 1140 3009 1275 4016
156 1894 3949 3250 1157 1631 1275 3567
157 7949 4490 7768 2977 7096 1275
158 1697 3971 1374 1316 1274 4761 3915 4763 1808 1828 7721 1275 1298 1273 1679 1476
159 227 3242 10 7317 3232 1275 7541 5441
160 6803 1013 884 953 919 1062
161 3865 2361 4489 2701 2917 3451 1556 1275 6876 3294 6800
162 7088 5019 5788 1275 621
163 5775 2910 2911 1275 282
164 6405 3251 6530 3257 2652 2155
165 3364 2930 2929 638 715
166 4399 3171 2930 5322 5966
167 6420 1344 3995 6915 5179 7323
168 4023 3995 3006 689 1864
169 4673 3995 4972 5033 5046 4966 5027 5055
170 3995 1153 553 1796 551 1896 4193 5970 1828
171 1354 1353 1184 895 884 954 1355 771 1018 896 1356 9 1352
172 3995 6621 4968 7892 5696
173 6819 2957 3995 7588 3938
174 7550 3995 1852 7907 3512 1240 4015
175 3219 3995 1356 8168 1783 6870
176 520 1515 7049 3809 657 521 2738 2709 5886 5433
177 3993 3431 7049 2726 3256
178 1821 3182 7049 306 3212
179 7049 1834 3205 5585 3212 6188 315
180 7049 4624 8118 7529 7928
181 6234 2365 7049 5688 8118
182 884 2125 933 985 996
183 1471 3182 7049 5585 3212
184 7049 2691 5585 3212 5587
185 1674 7049 945 2975 3199 3664
186 2506 1507 7049 3207 2840
187 3182 7049 7746 5585 5946
188 7049 7622 6937 1288 6296
189 7759 56 5729 3073 7795 7119
190 7111 7759 5729 1773 7165
191 5763 2940 5271 5729 2777
192 7116 2940 4480 2694 4519
193 1030 923 999 941 949 1068 86 1112 884 971 1360 1358 1311 968 898 1357
194 5285 4667 4148 5741 2940 4749
195 811 802 817 330 6288
196 1576 5241 1739 6953 1561
197 5400 505 5241 5215 5242 1460 3372
198 505 2966 5241 523 5242 649
199 4565 1443 5784 5241 3729 1818 520 3245 5471 5242 5351 1499 5492
200 5726 5241 6962 4556 1480
201 4587 5241 2896 5317 5464
202 611 5241 7792 7803 5242 7713
203 5241 5452 6503 5990 4370
204 999 1171 952 926 884 993 920 771 1207 890 78 702 674 1009 996
205 1583 1584 4404 5241 3975
206 216 5241 6178 2961 6341 1868 6374
207 5241 5242 4613 7248 6861
208 7422 5241 3259 5242 6887
209 2804 5241 3610 3179 4543 5242 7484
210 2229 5241 8160 1239 6656 5242 6655 1454 8162 1453
211 6741 5241 4110 3056 4100 4676 1453 6742 5052
212 3297 3351 4351 6541 5242 5094 4973 4773 6663 5690
213 2967 8160 1449 2968 742 5242 8164 3248 4165 1802
214 5242 2961 7682 4607 588 6341 7650 1757 4733 5052
215 884 155 1007 90 156 995 540 702 674 982 1151 996 964
216 3245 5242 8164 1494 2696
217 7063 4145 4537 5242 1408
218 8160 5242 5165 3230 1782 8162
219 6784 4589 4604 5242 7156 4146 4480
220 5452 2153 5242 280 1801
221 3978 508 5242 5165 7627
222 1565 5721 5413 4518 5242 1728 619 3060 5637
223 6067 1765 2150 4012 3412 6340
224 3884 151 357 3412 5886
225 1566 4667 4620 3412 8144
226 2969 2947 2958 3003 2991
227 1027 962 1060 884 954 998 993 1012 963 157 80 1006 930 2125 674 775 982 985
228 6300 5173 4009 3391 3412
229 6441 3412 8142 5084 5395
230 5964 1393 1394 7006 364
231 5964 1699 5959 435 3305
232 5964 6642 564 4275 1371 4591 4024 4607 4228 4273 4915
233 5964 4515 8158 3614 3046 1676
234 5964 3585 4345 3131 3374
235 5964 3586 6574 6575 664
236 5964 3894 3308 699 3121
237 5964 6530 2957 7951 2342
238 962 1060 884 953 963 964
239 4600 653 4584 2406 3327 7952
240 941 1741 2966 3262 4584 283 2295
241 4611 1587 241 4584 5287
242 4475 4951 1418 327 7953
243 1461 2182 2791 6850 5577
244 717 3141 6513 4665 7456 2128
245 4909 7741 4541 5275 6263
246 7935 6707 3152 3210 706
247 5243 5246 5245 4890 2786 7128
248 4103 5264 3206 7022 1283 2729
249 999 949 1171 1052 971 884 1032 774 1035 540 674 996 978
250 4743 3206 4127 7181 1283 566 1850 2761 5855 2961 7547 4613 4642
251 1391 3206 1540 5006 3568 5394
252 5049 4913 4131 3206 8091 504 8080 4689 3413 4613 5232
253 3206 1283 7792 6307 6790 4613 4734
254 5889 606 3206 1283 4305 2743
255 3206 4831 1528 3205 4613 7541
256 3079 3206 1283 2850 4613
257 3170 942 3206 1283 1304 1660 7578
258 3206 2428 1523 1501 4105 4613 7156 1745 3890
259 3522 3521 5153 3206 1283 6954 4613
260 915 884 921 4958 1104
261 2998 3206 1283 7188 5244 6971
262 3206 283 512 4812 273
263 3442 3206 505 7612 4613 4368
264 5222 3206 3668 5077 8142
265 2051 3206 7920 4730 4613
266 3206 1283 52 5048 4613
267 1344 3206 4580 1283 6675
268 4281 3206 1283 4613 4718
269 3206 7549 1587 1283 4737
270 567 295 6639 3440 1280 3637 1373
271 950 1186 884 954 1008 955 998 956 993 924 920 945 1035 930 951 78 1160 1051 1059 948
272 1538 3037 1371 2189 295 2156 4701 8135
273 8128 927 295 1423 3723 6663 3716
274 610 235 295 3672 2252
275 4577 1407 1411 295 3885 2151
276 241 231 295 480 287 242 230
277 2981 224 2982 295 1195 243 7323
278 609 296 279 611 295 280 7917 1057 1010 468 506
279 3271 4565 4162 295 1176 3211 1276 469 6389
280 3964 3968 295 4364 3445
281 1397 1190 295 4585 1419 1635
282 949 928 88 1132 917 913 1038 884 907 893 957 963 1055 1035 1249
283 2981 2790 1395 4618 63 5719 5404 548 2982 295 1195 5890
284 4005 295 6207 2591 2593
285 231 234 236 295 517 219 229 233 243 451 240 242 4138
286 7280 241 235 283 224 276 236 622 295 219 242 230 238
287 7545 3323 295 5689 458 3322
288 4672 5056 5445 4709 4731
289 4103 5166 5029 5445 7441
290 395 5466 5445 5465 2244 1406 2258
291 7563 5466 5445 2833 6966 4190
292 6960 6189 7230 5445 5465 2133
293 89 1180 999 1072 931 1027 884 993 157 80 1035 1006 983 771 2125 82 894 78 933 985 776 1175
294 5466 4680 4668 5445 4752
295 4743 7787 1266 4730 5466 5445
296 4711 4643 4721 3093 6784 4645 6217 4101 5466 2053 5445 5465
297 5866 5466 4888 5445 1884 5465 3241
298 5466 4648 5239 5445 320 4726
299 5264 5445 3081 5465 5037 5104 5106
300 5770 4666 7288 5445 5465 3445
301 7489 3413 5445 446 4111 479 7785
302 227 1627 467 5445 5685
303 4710 5239 5445 5465 5099 4292
304 1173 1184 1132 1165 971 884 1032 1104 951 1059
305 5801 4667 2761 1460 5445
306 6365 5221 708 5445 2833 4165 5518 4190 5116
307 4710 5466 5445 4491 4144
308 3919 5466 5445 5465 4753
309 5029 5048 4668 5445 3453 4709 4753
310 4088 1127 4085 3686 4066 4077
311 4063 1127 4068 4064 4077 3687
312 6363 4065 1127 4085 3686 4078 4067
313 4063 4065 1127 4085 4081 4092
314 4088 1127 4066 4064 6355 4078
315 6803 931 1027 884 893 1012 963 920 983 90 890
316 4063 4092 3687 6353 6354 4083
317 4063 4087 4088 6355 6354
318 4063 4087 3686 4092 4083
319 4063 4087 6360 4077 6354
320 4087 4068 4092 6355 6354 4083
321 4064 4092 3516 6355 4083 5426
322 4085 4066 4064 3685 4067
323 7287 5495 520 3194 1844 5888
324 288 5006 1684 2965 3194
325 3442 3194 3451 7288 1770
326 999 949 1171 1052 1183 915 884 998 993 157 1035 771 674 982 996
327 1627 3194 3476 3975 2770 4232
328 5586 1343 1698 1619 2965 2954 3194 3476 1629 1522
329 5095 1234 5264 1235 3182 3194 2221 421 7436 1959 4650
330 4099 3194 3475 7157 2771 3274 7295
331 5994 2240 1701 7712 2241 3194 2081
332 3505 2995 3194 4343 708 5391 2833
333 4730 4955 3194 4968 2770 2952
334 2531 6765 8214 4443 2325
335 350 5757 5729 1773 4432 7239 6827 4597
336 5949 3098 1454 1473 5072 4597
337 3025 2947 2958 3003 2991
338 1171 1361 884 157 929 1035 983 1362
339 8036 6955 2918 6041 4597
340 4918 2934 2691 3061 4597 4734
341 922 4279 7284 1462 6575 7090 3988 6945 458 1297
342 3917 4345 1746 3988 2428 1501 5296 2252 1386 6964
343 6514 3170 2946 4586 3988 5073 2987
344 1613 5413 3988 1405 3908 3501
345 1417 3988 4167 1419 4159
346 5894 1295 1245 3988 1220
347 1895 5784 1208 4543 1534 5214 4649
348 2491 4543 3568 6182 805 1844 2591
349 999 949 1171 1052 884 929 771 975
350 4543 4487 7876 1851 5690
351 7954 1812 4279 4275 4543
352 4560 4543 5214 5584 1600 1634
353 7866 4543 5855 7420 4140
354 1756 7327 3208 4543 5214 6598
355 3615 3993 4543 2732 3854
356 4543 4490 4968 2544 5971
357 1193 2350 4543 3249 1194
358 7011 4543 5214 6588 8125
359 4712 1622 1798 4543 5214 7164 7189 2811 7528
360 1171 884 1035 771 772 540 674 996
361 4871 7628 4543 5214 1423 1995 1813
362 3985 3909 3179 4543 4105
363 6331 5496 4543 5214 5576
364 4145 4543 3066 1318 1851
365 3530 4543 1431 1346 5214
366 7813 7544 4543 7420 7081 4273 3990 6564 6282
367 7153 7783 6637 2604 6387 5500 2816 5789
368 7406 7783 6387 5500 6388
369 7153 7101 2815 5500 2817 2813
370 3870 5147 5499 5500 2817 7768 6388 2813
371 999 949 931 884 8225 771 125
372 3508 7153 5500 1726 3211 3274 7796
373 6636 7406 2604 5500 7510
374 6462 3615 7257 827 116
375 500 2921 2920 116 1250
376 3069 3202 3280 3225 3247 3158 3337 3381
377 3324 3236 3302 2969 3337 3381
378 3202 3291 3324 3280 3225 3102 3247 3091 3169 3213 3191 3337 3381
379 3324 3136 3014 2969 3370 3337
380 3114 3180 3025 3236 3213 3191 3337
381 3114 3147 3091 3191 3337
382 908 999 911 915 931 884
383 3392 3280 3102 3114 3147 3236 3337 3381
384 3069 3280 3180 3025 3091 3191 3337
385 3202 3280 3225 3102 3114 3147 3269 3014 3337 3381
386 3269 3236 3014 3337 3381
387 3091 3213 3191 3337 3381
388 3236 3302 3091 3014 3169 3337
389 3169 3213 3191 3337 3381
390 3302 3091 3014 3169 3337 3381
391 5794 6482 1333 965 2291 7654 7955 5522
392 966 1711 1061 965 1022 970
393 886 884 998 993 1012 963 2125
394 1043 899 1118 965 1022
395 921 966 1061 1018 1252 965
396 1109 1305 1118 965 1022 970 1105
397 945 966 4903 965 1009 938 979 1282
398 965 938 970 1010 1859
399 999 949 1171 971 951
400 89 908 999 949 1112
401 89 1180 949 1008 83 4903 84
402 999 949 1095 1171 1200 1052 915 998 1055 1035
403 908 999 949 1095 88 1169 540
404 949 886 1019 884 998 4958 771 82 1151 996
405 949 993 540 674 996
406 1004 1242 942 1038 85 772 82 83 4903
407 1019 772 83 4914 904 8281 4903 76 79 932
408 983 772 4903 76 933 540 2158 1009 932 985
409 77 921 773 919 983 772 83 4903 78 79 984 776 84
410 772 82 83 4903 76 79 84
411 1006 772 995 79 702 985 964
412 998 772 90 933 982 964
413 1005 773 966 772 3366
414 899 1005 772 1023 78 938 1000
415 88 884 956 1104 1187 951 1059
416 1013 931 1027 962 1001 963 774 772 83 3328
417 77 962 963 772 90 933 934 775 938
418 6858 1001 516 919 772 968 1838 1029 1908
419 773 983 772 83 8281 4903 78 79 775 996 984
420 80 773 772 83 8281 4903
421 80 772 83 78 933 775 985 776 84
422 931 942 1019 774 983 772
423 1012 80 4958 772 4903
424 983 772 83 79 1009 985
425 77 962 772 4903 79
426 908 999 949 884 893 998 157 929 125
427 1006 2125 772 90 156 933 1139 674 1009 985 964 984
428 993 674 982 996 964
429 1006 933 1342 540 982 985 498
430 308 775 982 776 912
431 1052 962 993 909 982 1000
432 998 963 157 983 90 982
433 982 1151 964 1029 984 776
434 89 931 998 993 157 80 983 4903 933 982
435 775 982 985 1151 964 1029 498
436 76 933 1139 982 985
437 89 908 88 1027 895 884 998 993 1012 963 929 945 930 771
438 4947 5294 8281 153 1671 3121
439 1006 83 4914 8281 2158
440 923 927 962 85 954 4958 1006 90 4914 1147 8281 84
441 1222 993 773 983 8281 4903
442 4958 1006 82 8281 995 933 702 674 2158 775 985 1151 996 984
443 8281 156 674 775 932 1151 964 984
444 83 4914 8281 79 984 776 84
445 6035 4914 5469 8281 2158
446 2352 4980 4936 8281 2158 2353
447 90 4914 8281 76 308 79 540 1009 932 979
448 3025 2969 2947 2958 3003 2991
449 886 895 884 1007 983 8281 702 674 996
450 943 1196 1713 1715 1712 935
451 1049 1042 1717 2405 7884 1711 935
452 915 997 1162 905 1175 935
453 3837 3382 7423 5457 935
454 1723 938 1122 1759 978 935
455 1065 1063 943 1022 935
456 1064 946 976 411 935
457 1109 1435 1713 1715 1712 981 935
458 7189 7171 7630 1874 935
459 1111 2475 1550 1109 935
460 75 1038 997 884 956 1363 889 771 1009
461 1117 907 1055 1005 909 968 918 1255 970 935 1284
462 923 86 945 1723 1023 1101 6578 1041 960 935
463 995 775 1151 996 964 1029 498 935
464 1215 1196 1713 1715 981 935
465 395 302 3195 935 698
466 1727 1196 1713 1712 1084 935
467 972 1713 1715 4440 935
468 1196 1713 1715 1712 970 935
469 1013 88 962 85 76
470 1043 1548 1042 976 76 1759 901
471 999 884 893 998 993 157 929 1035 948
472 922 1030 76 898 1000
473 1023 76 87 1435 1255 1011 1009 938 979
474 1049 1050 899 1061 967 76 1046 938
475 1019 945 1549 904 76
476 1030 86 927 942 1067 76 78 1062 1057 84
477 927 1061 83 4265 76 4120
478 928 88 76 932 1151 996
479 955 82 4914 904 76 1039
480 967 76 1009 2158 1201 776
481 1135 85 1019 945 83 76
482 1211 999 949 950 1171 884 971 953
483 941 1186 911 1898 1169 1074 2125 943
484 157 2125 4914 775 1029 984 776
485 89 998 993 1006 2125
486 1006 2125 90 1139 1011
487 963 2125 933 674 932 978
488 953 998 4958 2125 7170
489 4958 1006 919 2125 90
490 1012 963 1006 983 2125 79 933
491 983 2125 90 775 985
492 1006 2125 90 4903 933 1139 985 1151
493 999 949 886 962 884 955 929 930
494 931 1027 998 1006 2125
495 4936 8225 1342 4969 1823 1943
496 8225 5730 2788 6356 6583 6727
497 2809 1342 2811 2812 4969 906
498 2809 2818 1342 3690 4969 1823
499 2809 2818 1342 2812 1823
500 1765 2809 5220 2083 6429 1823
501 7406 7734 5798 5789 7566 1943 7796 3889 5492
502 7406 6387 2817 5789 6388 2813
503 3508 7406 6878 2817 6388 5501
504 884 1012 963 919 498
505 7406 6387 2817 2813 5438
506 1805 2828 7406 7734 6637 1726 6392 5501
507 7406 7783 6387 2817 2813
508 6922 5196 7956 6302 6320 4153 7957 7419
509 579 1827 2966 1232 6302 5884 2399
510 1329 4096 6302 3433 3165 3893
511 1441 5400 208 6302 1804 5351
512 586 1153 6302 3609 8114 1796 1645
513 3242 1350 3908 7858 3316 5449 4554 7959 5715 4333 2268 3567
514 1656 3006 3008 2975 8117 4484 3567
515 886 884 993 157 771 1160 674 982 996
516 7426 2350 2989 5856 5473 6309 1852 2990 7484 5853 1217 1262 5886 6883 3567 3307
517 6205 4871 8216 2934 6935 2691 5688 4496 1090 1865 5886 3567 6793 3256
518 6428 1749 1534 5886 2757 6553 3567 2755
519 4120 4200 569 3246 3567 4231 472
520 1895 1778 1894 1208 5589 4253 3567 6793 3256
521 544 5952 2735 3175 3723 3567
522 2902 1222 1336 1870 3567
523 2902 5952 3261 1645 3567
524 7426 708 1906 6566 2833 6529 3567
525 2242 6992 3204 7176 3205 8164 6434 3567 7318
526 908 931 884 893 998 993
527 1805 1895 1217 3395 621 5886 3996 3567 3256
528 8047 6866 3081 2537 426 3569
529 1756 2978 7881 1852 7170 2330 7171 5588
530 13 496 5846 6210 2941
531 13 5658 8 5714 6025 5836
532 11 13 5658 5703 5847 8
533 6576 13 2678 6475 5977
534 8036 13 6515 4496 1109
535 13 4023 3828 3829 2656
536 11 13 5703 5714 5825 5925 5903 5747 5969 6036
537 1191 1364 1367 885 1366 1369 1371 1368 1365 1297
538 13 5714 5825 5925 5670 9 5903
539 13 5658 5836 5892 5
540 6014 13 5836 14 5914
541 13 5991 5836 5 5825 5980 5803
542 13 6025 5836 5869 5681 5914 5636
543 5158 5792 13 5658 6025 5736 5880 5903
544 13 3291 8 6025 5892 6003 5925 9 6058
545 13 8 5069 5991 5647 3370
546 3827 7878 13 6548 4761 4762 4184
547 8014 7960 2859 1327 4493
548 885 1372 1374 6535 676 1273 1373
549 1369 3482 7960 1861 1365 6926 5396
550 8181 7960 1243 3531 2697 2695
551 5532 5097 3374 1453 7449
552 3338 6497 5256 2549 3533 7449 5799
553 6544 7490 5908 5543 7449
554 3485 3486 7474 7449 4329 2442 450
555 7538 8121 5638 6820 7440 7449 5459 7723 7961
556 5234 5408 6516 1473 7449
557 4298 4893 4977 5322 7449
558 3965 5567 6301 6476 7449
559 3014 2947 2958 3003 2991
560 885 6335 1376 1378 744 1377 1379 1375 748 738 1221
561 615 3855 6841 6434 7449
562 1184 6336 4327 5365 5992 619 7449
563 2965 3452 1537 3444 3455 7449
564 7839 6541 1867 7695 7449 6504
565 605 3535 3537 7449 6985
566 3919 7398 6404 212 5488 6311 5177 7053
567 264 1469 1576 5702 584 2966 2909 4563 583 5177 2910 2911
568 618 6664 4104 2271 3722
569 3534 3722 7170 2695 638
570 3752 7904 7808 3588 3722
571 1092 885 886 1351 1380 1346 1382
572 1681 2488 1229 6891 6113 743 6173
573 6168 6669 1681 2488 3678
574 6168 7224 2480 1681 742 2468 1874
575 7335 6155 7446 7557 1681 3264 1703 5669
576 2967 4565 2968 1681 1703 2135 6183 6224 5112
577 6155 1442 7446 1681 2488 6411 742 739 1703
578 7446 7557 1681 1703 497 2234
579 6168 3823 856 1681 7557
580 745 7224 746 1681 2468 854 6113 5780 857
581 6027 745 6155 2487 7446 746 1681 7557 2488 2468 3726 1703 6176 3390 6165 3175 855
582 885 1385 1384 1383 1387 1388 1386
583 6451 1681 1188 1194 1751
584 740 2487 746 2996 1681 7557
585 4895 3439 6784 4098 4835 4442 1265 6406 5454 7203
586 4895 548 4442 6376 6701 3878
587 4895 6197 4442 3957 6700 7198
588 3218 5994 1827 4895 1438 4442 3217 5635 2839
589 4895 5453 6414 6709 5893 6129 4697 7696 4442 6341 2726
590 4895 6414 6879 5893 6197 5208 4835 4442 6198 7203
591 5253 4966 4442 4642 8144
592 4895 7429 1076 7926 4442
593 885 1186 959 1147 5369 1249 1051
594 8128 461 505 2961 7631
595 509 461 2506 3207 657 3249
596 3218 461 3586 4730 7781 4670 1399 1493
597 1753 3214 3201 461 8299 5952 5569 3248
598 3435 3511 461 1705 2118 4295
599 6585 4913 586 1112 685 2802 461 1443 231 7925 5716 3249 1995 250 2904
600 461 3159 208 520 3457 6842
601 3904 6741 4913 461 3517
602 4602 1461 4310 461 220
603 461 3729 5801 2761 3232
604 1391 885 1193 1389 1398 1390 1395 1393 1397 8215 1394 1399 1396 1365
605 1795 509 461 7814 3212 3223
606 1417 1569 461 5741 4170
607 7327 6783 461 5121 7962
608 6741 7078 4895 6324 3204
609 2377 7721 4189 7532 7439
610 5916 594 5320 5319 6124
611 6511 6430 5320 5319 1140 4779
612 1482 1641 5958 3837 6430 5319 6356 3304 2811 6134
613 2720 5320 5319 7118 3996
614 1768 2741 5319 6408 8113
615 885 1417 1413 1407 1350 1402 1411 1405 1415 1422 1423 1418 1401 1400 1416 1412 1409 1404 1419 1408 1406 1420 575 1421 8157 1410
616 1587 3266 5428 6430 5320 5319 5745 6791 7318
617 6235 6339 6401 5320 5407 5319
618 6235 5319 2298 3049 7428 472
619 1698 1768 5320 5319 3907 1219
620 6430 8181 5320 5319 1243
621 3250 4489 2788 1900 7528
622 3063 3057 2618 4217 4686
623 2051 1622 2618 555 4604 1460
624 1236 1094 1206 462 1207
625 1347 1094 1206 635 4947 120
626 476 885 1316 1426 1298 1424
627 1206 635 1617 1852 1618 6412 1382
628 1641 1094 1206 1485 1207 1654 1657
629 1092 1575 1094 1206 120
630 6300 1633 1641 1094 1206
631 1641 1094 1206 1485 635 1655 4947 1654
632 1206 1485 635 1655 1207 1346
633 7106 6658 1206 526 5893 4517 1596 1571
634 1856 4001 1236 1347 677 1824
635 1856 1236 677 1824 6226
636 2768 1856 7792 5730 7713 1865
637 885 1427 1430 1428 1431 1415 1429 1432
638 1856 545 1238 2460 2873
639 1482 1856 7442 1654 817 1666
640 1856 288 2238 2239 1808 3462
641 1856 3915 4569 1612 1273
642 2768 1856 1238 4475 1236 1909 3934 1287 6976
643 1856 1722 623 6210 4539
644 2849 1826 5749 1158 1153 3667 7963 5731 1161
645 3179 1158 5023 7964 6971 1751
646 5147 1158 3955 1161 5163
647 5894 3221 6773 1158 4576 1161
648 941 885 946 1433 1098 1071
649 1158 7680 3664 1161 4486
650 7017 4194 1826 1158 1153 3163 1645 1161
651 1879 8182 1158 1684 1161 3430
652 2354 5910 3209 1158 1476
653 2902 2935 1158 6928 4306 6372 1161
654 5900 1821 1236 1824 3227 1155
655 3865 7017 1815 4001 1236 1824 1616 1497 5776
656 4001 1821 1236 1578 1824 6226 1409 3664 1273 7338
657 1367 3496 1824 3497 5433
658 6307 1824 4515 6186 8144
659 941 885 1034 653 888 1130 1256 974
660 5038 6610 3951 1824 4539 4961 5044
661 2246 3971 1824 1090 1298
662 6532 1721 4589 1824 2046
663 4684 3843 5028 1549 1824 4640 2573
664 1092 4001 1236 1824 6226
665 1777 4001 1157 6003 1796 1209 1160 1155
666 1816 4001 3160 905 6916
667 7341 4001 1236 1157 1209 6865
668 217 6512 4489 4001 5987 1240 3388
669 4001 1089 1088 6003 3013
670 3025 2947 2958 3003 2991
671 941 885 975 1434 1435 901
672 4001 1228 10 4212 6710 3893
673 5746 4001 1160 3005 1679
674 1482 4001 1442 1889 6439 1316
675 1511 1361 4001 4006 1157 1209 3227
676 1208 4001 1157 1684 1534 2976 1217
677 662 1372 4001 1374 1157 6376 1273
678 2768 1372 2720 1238 4001
679 4001 1153 2917 1796 4742 3664
680 4001 1236 1157 6226 1870
681 1157 6226 3006 1306 1217
682 885 1171 1052 1189 1198 1202 1163 1098 1071
683 1672 1511 2720 6226 3582 4779 2188 1219
684 1344 1081 3929 7648 3328 3895 7338
685 7018 4290 6443 3837 1865 5683 5402
686 1899 679 5848 1086 1162 1645 1217 2706 1545
687 1353 2763 1088 1086 1900 3950
688 971 907 1086 937 1249
689 1064 1055 1035 1086 1253 1104 1249 1051 1046
690 941 1064 774 1048 1086 1215 901
691 1212 1050 1086 940 1082 1196
692 962 85 1086 1104 79
693 885 1441 1443 1442 1438 1439 1437 1315 1440
694 1171 1052 1081 1086 968 1040
695 1086 1198 1213 934 7043
696 5365 487 6035 1839 2787
697 1622 688 2491 406 3953 4007 1330 665 7873
698 2484 298 688 285 284
699 6574 6575 688 302 10 6278 306 2593
700 401 6752 3344 688 3479
701 688 7625 5968 3120 657 3438 6586 7115 6012
702 1753 688 1504 5790 2997
703 3271 1472 3270 688 2432 3268
704 8132 885 461 1443 1446 8160 1449 1444 1445 1456 1454 8162 1453 1452 1450 1451 1455 498
705 4879 4489 688 5922 1111 1473 4539
706 2759 3877 1234 6330 688 3015 4007 7768 3935 5864 3862
707 688 1889 5019 2717 510 2718 990
708 4096 688 1311 7317 1310 1312
709 1688 688 5680 4560 1689 1431 1589 1365 3661
710 1266 688 4024 8146 557 5229
711 688 2351 3110 3828 7528 2544
712 288 688 6884 5688 3211 2726
713 6359 2397 1097 6007 5426 4885
714 6617 3971 3883 3826 3233 5962 2397
715 1464 885 1461 1457 1465 1466 1462 1458 605 1467 1460 1463
716 7002 5891 1378 2397 855
717 1442 3818 2397 1631 6434 1890
718 3642 6177 2146 2397 5558
719 3184 3823 3826 262 6113 738 3188 608 2397
720 4171 6367 5713 2609 2397 1302
721 601 4253 3911 2397 602
722 6693 3824 2212 2397 151
723 5916 1472 3053 1379 706 2398 4414 1600 6132 4112 684 2234
724 477 3383 3240 2475 2398 7533 3922 5525 1301 6859 5433 277
725 6669 2486 2398 3933 3659
726 1391 264 1469 885 1125 1390 1471 1472 50 1475 583 1468 1423 1474 1473 684
727 6335 6113 738 2398 6446
728 5038 1266 2842 5090 2864
729 6403 2867 4282 4671 4716 4952 2864 3472
730 7965 293 7967 7966 2864
731 1418 4200 2136 1874 5940
732 1315 3294 1874 6883 5124 5112
733 7968 6422 7970 1874 3926
734 3713 5453 3715 1874 6374 3716
735 216 3226 6661 4517 1596 5443 4491 6579
736 1765 2705 4330 3150 548 421 6940 4491 4189 3819 5687 6579
737 1482 1367 885 1479 1477 1480 678 1478 1476
738 5894 997 5904 1473 6579
739 5400 508 1786 3204 4912 1460 1997 6579
740 7073 1274 2189 1345 1373 6579
741 1324 2704 1420 6579 2258 1297
742 4545 3930 3396 4610 1594 1906 1220 4585 8135 1410 1373 6579 5229 1297
743 2487 5495 6557 5517 6579
744 3927 5881 1538 5902 4486 6579
745 311 677 7768 1306 6579
746 6294 2722 2719 1368 6579
747 685 4830 3193 7872 6716 5547 7492 6579
748 885 1479 1483 1477 1480 1415 1484
749 5948 5949 4353 3493 4354 3111 554 4198 3153 5409 1997 7012 1871 694 6579
750 5616 2849 1451 3893 6579
751 2487 2843 4363 2700 7626 6579
752 5733 1790 1604 450 6579 6976
753 2776 7082 2704 6916 6579
754 1095 3326 3851 6985 5854
755 4310 2790 3326 1472 3728 3383 4497
756 3326 5147 2849 4813 1767
757 3326 3160 3226 2752 3177
758 3326 911 1200 997 909
759 885 687 1485 98 1246 1207 676
760 3326 3883 4351 3150 574
761 3326 4352 2233 6529 3671
762 3326 5721 1835 3424 4491 2276
763 3326 7132 4007 291 7170
764 6642 3326 3150 4053 1388
765 2998 7153 3326 6637 2999 1696 5244
766 2739 2983 6379 2656 6985
767 2775 3146 5398 3255 2656
768 6421 6506 6915 2656 6842
769 7714 6598 3424 2656 6340
770 885 1486 1491 1366 1489 1488 1490 1487 1494 1496 588 1493 676 1495
771 8181 6680 2696 2734 2656 1865 3325
772 5894 6343 1863 6680 8215 6710 2656
773 6912 1153 1796 7221 2656
774 3930 1786 2776 7714 4555 6408 6566 1693 2656 6510
775 7055 6419 5682 4702 4532 2656 5163
776 7776 1744 6418 4918 2656
777 609 6717 3519 2076 2656
778 3411 4837 2656 2591 2593
779 3985 6574 4586 6575 1190 258 282 7791
780 4918 4490 4491 6638 282
781 3025 3014 2947 2958 3003 2991
782 941 885 1156 1176 1497
783 3530 1902 1539 1809 3175 5107 6982 282 1476
784 3610 3203 5730 1876 2918 282
785 1030 564 251 1452 8126 4211 3890 282
786 3252 2728 1358 4311 1572 3637 282
787 3214 8163 2352 6589 2297 2443 8126 5104 2353 282
788 510 287 233 468 282
789 8170 671 2866 6937 1288 282
790 599 3524 3523 5683 7532 5439 282
791 3266 2157 3163 2005 1451 4017 7862 282
792 624 242 218 704 282
793 1030 885 1034 1112 971 1098 1071
794 2849 1271 5110 3220 7834
795 4516 3116 6319 5110 1051
796 3613 8047 2576 287 5110
797 6741 1477 477 5981 4567 5110
798 1089 1088 8148 5110 8120 2706
799 1535 2350 3239 4538 7828
800 509 3239 275 4838 7955 6979
801 3638 3201 508 7159 1411 3152 1749 3239 622 3885 1318 2709 357
802 1193 1235 3909 3239 1767 4569
803 3410 1407 3239 2188 1302
804 885 916 1055 1082 918 898 1498 1071 1073
805 4418 3928 3239 4474 1523
806 4901 2956 3838 7906 3239 7873 5454
807 1613 3239 3501 8158 6372
808 1443 3239 2691 6427 1422 1416
809 7011 3713 3239 1475 6588 4120 6183 3716
810 4712 509 3239 2157 5584 1600
811 1443 3239 739 1475 7321 4165 4201
812 3271 2476 4312 3239 440 2477
813 6330 3396 3961 3239 1474 3154
814 3239 3263 4773 4173 7167 6364
815 885 1398 1501 8143 1500 1499
816 5220 5719 3239 7557 742 6171 3377
817 6405 7285 6530 3239 3257
818 264 1469 4574 584 4172 3239 2135 583
819 7154 5983 7900 3239 3204 3595 7530 7529
820 4327 3724 3239 1245 8165
821 3270 3239 3383 2475 2718
822 1777 3037 4587 3941 2896 576 2360 1155 5317
823 3037 1316 576 2360 1298
824 1565 2722 1316 576 1315 1890 2748
825 7691 1398 4586 3299 4345 576 1345 5595 4576 1310 5376 1312
826 885 1508 1507 1368 1504 1505 1502 1506
827 7120 1479 1398 1397 2948 6907 576 1345
828 7836 3037 1238 7470 6477 576 6321 571 7050
829 2968 1368 5413 2948 576 1612
830 5616 7067 3297 6521 1374 1528 576 2944
831 4578 1397 2721 576 1420
832 6617 3037 4586 1368 1889 645 3259 6519 576 2360 3233 7451 1288 8135
833 3037 7803 1510 7475 576 2360 7713 5107
834 7186 2935 4394 576 2689 8116
835 1081 7836 576 5391 7853 1288
836 4965 3149 5412 1741 8182 4702 2838 41 576
837 1511 885 1341 1509 1515 1510 1438 1513 1512 1273
838 7503 3037 576 4571 3997 1280 6409 6616
839 3037 3921 4122 7276 576 4363 5637
840 3146 1834 7969 576 4421 1493 1272
841 4631 576 1345 8135 1410
842 567 1834 1405 576 568 3818 1704 6964
843 3870 4848 630 1274 576 3457 4253 602
844 2948 5026 4827 576 2360 6616
845 1316 6519 1504 2137 576 1298
846 1398 4586 3299 3910 1611 576 1519 5902 1298
847 3037 556 7971 1857 576
848 885 1516 1086 1163 1188 1073
849 3037 576 2360 1494 6321
850 3037 7159 2948 5231 576 4593 5252
851 7691 3901 1078 576 5240
852 2720 3037 2428 576 8135 1328
853 7120 7836 3037 576 2360
854 1457 3037 1739 576 1864
855 8182 3037 2365 2731 6500 4555 5981 5913 576 5787 3983
856 3037 5147 576 2713 8168 7004
857 4600 3927 3951 1515 4210 1629
858 4546 3927 1576 1442 4589 4204 4563 3437 1315 4561 1868 7051
859 885 971 997 959 1040 1041
860 3927 6656 657 8118 7342 4164
861 3927 3215 3493 554 7099
862 3927 7137 3438 1097 4201
863 3927 5881 1560 679 6410 4561 3440 1868 1877 4772 4420 4729
864 3927 3052 2474 3729 5299 649 1475 2477 6595 3345 4200
865 3927 611 5582 7188 1906 7006 220 3377 5137 5791
866 3927 6610 3851 7858 1440 3415 7043 2693 5854
867 3927 1479 4598 3308 4567 1404 1419
868 2998 3927 3301 1884 153
869 3149 1472 1572 6990 1476
870 1211 885 928 1044 402 975 1247 1163 1059 1071 1517 1131 1041
871 4677 1398 4560 1075 1476
872 5775 6766 6693 3433 1801 5683 1802 1476
873 1471 971 1074 3245 1055 1104 8143 1476
874 1756 5784 6161 1358 1572 1476
875 5408 1849 313 4888 1476
876 1756 1738 2477 6595 1476
877 2242 4172 4550 583 4163 697 4164 1476
878 1078 578 1079 2252 8135 1328 1476
879 1224 2404 1316 3318 1298 1476
880 4546 3866 1395 1576 1560 3347 1539 1245 4563 3501 1304
881 908 1184 885 994 916 1165 1038 910 1103 1082
882 1398 3833 6450 1613 6516 3501 228
883 6666 7825 1894 3301 4618 5582 5172 5413 4214 1439 739 3501 1996 4621 5117
884 334 1576 1458 2229 50 3501 1415
885 1441 4741 1576 1613 43 5216 4740 4563 4742 3501 5326 5576 3249 4585 1802
886 6617 4546 3937 567 1867 1439 1454 3501 626 5884
887 1376 1613 3501 6957 6455 8129 5701
888 7825 1395 2705 1538 1613 3501 1415
889 1443 4096 1613 4568 3259 1274 5165 3501 4671
890 1613 6907 6691 2999 5409 3501 6993
891 1354 645 1611 3501 1217 3295 1273
892 3025 3014 2947 2958 3003 2991
893 885 1521 1526 1528 1524 1523 1530 1527 1519 1520 1518 1529 1522
894 3186 2685 3609 3501 3009 1651
895 7063 7127 1613 4589 1502 3501 3443 7431
896 1613 6766 1438 6950 5244 1554 1639 3501
897 2152 1613 4170 1530 3501 2263 2151
898 3411 4203 1613 5413 1438 3501 1495
899 4194 1613 2987 2750 3501
900 4212 2146 1365 6876 1865 3185
901 5666 4212 830 4498 1529
902 589 4229 4212 6665 6605
903 1879 4510 2190 1684 6319 4212 4539 3274
904 885 1532 1531 1387 1533
905 5529 3522 6702 3521 5153 7090 7925 1739 7969 4212 4417 7419 7307
906 3214 6331 5496 6401 4212 7331 1736
907 3435 227 4281 288 4212 1666
908 5219 1457 5686 1642 4212 3372
909 5306 4162 4212 6673 6278 2273 4511
910 3214 1361 6309 4212 5853
911 5529 6944 6945 4212 7307
912 5742 7085 5364 4212 1423
913 3484 4408 7011 4341 4212 6493 7769 6588 3486
914 3252 509 3389 522 4022 3327 6799 4159
915 1168 885 1535 1038 1111 1534 1177 1040
916 222 6799 7630 5710 6077
917 1072 1016 1070 1147 940 3246 6799
918 6279 4127 4349 7547 3051
919 1343 2243 3886 6907 4321 4349 3296 1757 7972
920 6330 4919 4349 4773 4500 4499 1671 3424
921 3474 4349 3468 2276 2723
922 6715 4349 5751 4500 4499
923 7706 6382 4815 6534 4349 7756
924 7563 2791 7974 4349 7230 2737 7973 6362 5461
925 7064 478 3456 4349 5444 7872 3708 1387
926 885 1164 1538 1540 1371 1539 1542 1431 1541 1537 1298
927 2728 6884 7332 4349 8116 3445 7528 1484 6282
928 5958 2245 4349 3629 7070 277
929 7836 4170 4349 7858 3466
930 4321 4349 6312 7096 7318 7923
931 3157 556 2243 1347 7781 468
932 5412 3157 7538 1862 3386 1698 3179 2707 6179 2247 6876
933 3157 6574 6575 2284 4016
934 3157 4009 6508 4899 145
935 3157 4741 1761 4740 4742 1757
936 3157 3255 1696 2975 2976
937 1211 885 907 7757 918
938 3157 298 1096 3229 5370
939 2994 3157 5638 7044 5493
940 3157 4721 3418 5027 3495
941 7975 7977 7978 7521 6259 7976 6262 7979
942 1815 5147 1521 2364 3110 3227 1522
943 1223 5147 7680 2263 3300
944 5894 5147 1610 3350 1530
945 5047 5080 5147 5036 5058 5069 5091 5125 5114 5136 5213
946 1004 5147 1360 7981 2713 6594
947 5950 5682 5147 1521 4214 3375 6671 3374 394 4393 7072
948 885 1546 1543 1544 1545
949 5147 3350 4761 5904 4763
950 5147 4214 2460 1537 6842
951 1376 5147 3823 1542 8129 1522
952 5147 5058 5069 5091 5125 5136 5202 5169 5180 5191
953 2963 5147 1356 4024 1304 5869
954 5025 5080 5147 5102 5125 5136 5202 5169 5180 5191
955 5025 5080 5147 5058 5069 5091 5125 5136 5202 5169 5180 5191
956 5147 5036 5102 5125 5202 5169 5180 5191
957 5147 5091 5102 5114 5136 5213
958 5147 5091 5125 5136 5269 5213 5191 5247
959 1068 1135 1548 886 1549 966 967 1146 411 904 902 951 1550 1109 898 1059 960
960 7503 1491 5147 5368 5569
961 5047 5025 5080 5147 5091 5102 5125
962 5147 5102 5125 5180 5213 5225
963 1532 4098 4621 6276 6993 3423
964 7496 6276 6742 5765 4616 1499
965 7925 6422 6839 6276 6638
966 4904 6172 2682 6908 3672 6276
967 5219 1466 6941 6962 2230 1740 3989 6724 1537 1396 3300 6276 5189 7539
968 3510 567 5589 2575 6920 6276 6468
969 2767 4374 4210 5296 5984 6276 5072 4708 4505
970 1070 1081 886 1165 893 1008 402 4958 1086 308
971 4548 2724 4594 548 5589 6276 5542
972 3303 6918 6995 4374 2689 6276
973 2790 7420 2046 1502 6276
974 6920 6276 6520 621 990 6468 6904
975 1307 6584 6548 1596 4878 5564 6276 1272
976 7163 1283 2046 2274 2711
977 3894 6532 2046 3176 3423
978 6532 6417 5981 2046 6920
979 8014 2046 6004 3631 46
980 2236 5855 2046 5244 4167
981 886 1552 1553 1554 1551 1555
982 2804 6532 6619 1700 1166 3884 1355 1568 2046 7131 6620 4419 6531 3885 7543
983 2981 6489 3200 8160 539 3884 2046 1505 3885 469
984 2722 2719 6532 6574 6928 2046 694
985 1795 3877 6532 1721 3493 5404 2046 2982 7354 3844 1195 7860
986 4415 1535 7813 5401 2046 6265 3935 5864
987 6532 6574 2046 1463 3420 7253
988 3832 6532 2046 3907 4326
989 149 1795 5403 1539 2236 2046 697 2188 8165
990 6403 6532 2046 4715 4878 4053
991 6532 1786 311 2046 5917
992 908 999 949 1095 994 1186 1200 915 886 1165 962 895 893 956 774 1557 4958 910 1026 295 1177 76 951 1051 308 1059 540 1556 1131 948
993 6532 6619 3593 2046 3420
994 5686 279 7611 1418 4183
995 1710 3534 7611 1586 4183
996 5986 594 1429 2366 4183
997 7192 6556 7611 4183 5433
998 1462 6574 6575 5190 4544 1541
999 5190 1557 6944 6401 1541 3864 3992 6605 7927
1000 6456 5190 3208 4544 1541 2688
1001 7285 509 5190 3204 3394
1002 5190 4544 5194 1541 4210 3395
1003 3025 3014 2947 2958 2991
1004 6858 1223 1173 1183 915 886 1060 1008 957 1035 909 951 1059 1131
1005 509 5190 4544 5194 6804 5800 1499
1006 1145 5190 1674 5405 1541 3199 5578 2751
1007 1398 5190 4485 4544 6241
1008 5190 4544 4122 5194 1541 5088 6312 4197 2594
1009 227 3242 3396 611 3483 5190 4122 3207 3389 4196 1373
1010 5190 4544 5194 7097 7098 1541 7099
1011 1642 5190 1746 2428 5194 5589 4621 6215
1012 7623 5190 4544 7157 6842
1013 264 5911 5190 2472 5194 1541 2997
1014 5190 5194 1541 5979 2711
1015 1081 886 1169 1032 1055 1035
1016 5190 4544 3245 1541 5790 5492
1017 5190 4544 3083 5194 1541 6659
1018 6666 5190 5862 4544 2999 5194 1530 1541 4161 151 8135 6293
1019 6581 3215 5190 4848 1541 1907 6390
1020 7116 5190 3883 1243 3393
1021 5190 4544 1541 708 6659 2833 2688
1022 5190 3929 3942 4544 1542 5194 3168 7467
1023 4099 5190 5194 4097 6560
1024 5190 6943 5352 5194 6942
1025 5752 5190 4544 7073 5194 313 1541 4821
1026 1171 1052 1183 886 913 895 971 1169 907 1032 1008 955 956 957 920 1055 1178
1027 2354 3630 5190 1541 4211
1028 6599 3228 5190 1541 1463 1327
1029 5190 4544 5194 1541 2363
1030 3474 5190 5194 6989 6481 1334
1031 4913 1457 3219 7159 4544 5231 6656 1504 1541 2711 7156 6665
1032 7687 465 4544 5194 4557
1033 3894 4544 3884 5194 1437 1541
1034 1515 4544 2957 5976 5194 4162 5409 5977
1035 3053 4544 5194 1541 478
1036 6932 1329 5763 4544 1740 6901 2754 4902 6179 6908 4053 2755
1037 1174 928 1135 886 893 998 993 945 930 84
1038 4544 5194 4771 6179 4772
1039 6164 4544 5194 1541 2972
1040 1787 1785 6295 2719 212 1368 4544 8047 4394 1542 5661 4214 5194 1317 2704 2360
1041 4618 4544 3389 5194 2256 6659 6993 2688
1042 6294 3075 1576 3928 1371 4544 1746 1542 5661 2428 1405 5194 5240 1745
1043 2209 507 4544 5108 2917 4557 6526 3445
1044 7545 2946 4544 1358 5194 1572
1045 4548 4544 5194 1541 4395
1046 3063 1391 6575 4544 5194 1373
1047 4544 5194 7983 1541 4393 7982
1048 6803 908 1174 1004 86 886
1049 4544 6516 5194 1541 1790 3443
1050 3344 2575 1766 4616 4166
1051 5159 4170 6012 4166 5953
1052 6015 697 4200 4166 5492
1053 626 3345 1600 4167 4166
1054 710 7721 2846 7532 7630 2845
1055 1338 5691 6873 6504 7630
1056 1186 1888 1074 6691 548 4762 551 1645 6917 1693 656
1057 217 286 4359 3899 8014 4888 4490 1616 230 621 656 2693
1058 526 4214 5405 1646 3319 357 656
1059 1174 886 1008 955 5258
1060 7017 1361 1889 1796 1362 656
1061 2967 1628 2968 1849 6129 1612 656
1062 3865 1854 3910 1311 1310 1312 6392 656 6200
1063 2956 3292 5602 2150 656
1064 1710 1157 1362 7189 1612 656
1065 5915 7090 4351 6598 6855 2150 5105 656 5791
1066 5910 2148 7329 656 707 6224
1067 3496 5480 4066 5008 1906 1306 3497 656 3959 4519
1068 5343 3723 1240 656 707
1069 685 6307 7936 4624 656
1070 1180 1072 1242 886 75 1104 82 4903 1040 964 84
1071 1361 2365 1362 656 3388
1072 2849 1433 1863 630 2706
1073 4672 3870 1587 5037 2706
1074 2768 6168 3883 3664 2706
1075 6004 6998 2706 3212 981 1328
1076 1546 2246 1157 1153 1796 5488 2740 6311 2706
1077 1295 8159 1308 1220 2706 6964
1078 4229 4120 690 6426 857
1079 7585 8130 3192 4066 6953 2911 6426
1080 8130 2745 3457 7984 450
1081 1013 886 907 957 1130 932
1082 6581 3985 2987 6379 616 450 1294
1083 1417 1266 5217 4110 4961 450
1084 3344 3203 2054 5444 3081 4564
1085 666 1628 3344 3108 3451 2443 3154 6362
1086 2994 3344 3203 2260 6207 451
1087 3404 1627 222 3344 3727 5716 1468 2613 4564
1088 3242 5784 6978 3344 4228 6971
1089 5193 3344 4617 5015 1848
1090 5219 3989 4060 7431 1890
1091 6784 6153 3417 5027 4731
1092 999 1013 886 971 1035
1093 7256 7006 6023 2345 6287
1094 1367 2966 5845 7625 5539
1095 4342 7309 8216 2934 7936
1096 5004 7956 7309 4271 7985
1097 3270 2405 3379 3383 2475 440 1468
1098 3271 3270 3379 3383 2475 440 3380 1474 3268
1099 3379 440 3380 2477 3999
1100 3272 3270 2405 3379 2475 3380
1101 3271 3387 3379 3380 5457
1102 2978 3387 3379 3380 3004 3005
1103 1072 926 886 80 772 1093
1104 1641 3380 1654 1887 1262 1657
1105 3387 3380 2477 3384 2478
1106 2468 6113 3380 6165 5558
1107 5876 4526 4823 5314 7834
1108 3135 7463 2622 2565 4774
1109 6903 2266 4633 2507 5930
1110 7438 6903 6849 3909 568 4011
1111 164 1806 4228 7986 6768
1112 2159 941 971 5589 1435 5052
1113 7843 7498 5737 7013 4346
1114 8112 7780 7891 7668 8002
1115 3014 2947 2958 3003 2991
1116 1254 916 1049 886 1130 1055 1006 1035 1162 1247 1249 918 1498 1435 1040 1073 1046
1117 3625 498 637 2931 2921 2920
1118 7798 2216 7987 6866 7988
1119 556 7798 6659 5578 3990
1120 1060 1020 1000 711 984
1121 4947 120 1246 1207 3625 711
1122 7312 1897 6983 3407 5733
1123 505 4443 3407 951 4554 1062
1124 8127 1030 1068 1112 962 328
1125 1779 3250 5775 1543 3261 1497
1126 1193 1543 6411 3264 580 5223 1194
1127 886 1019 1008 1094 1205 1041
1128 1361 3155 1543 1241 1870 7342
1129 1546 1361 3146 2849 1543 2365 3921 6307 5398 2917 583 6701 7543
1130 1361 2955 1543 1306 1217
1131 1800 1743 7124 2966 1543 5216
1132 1762 279 1543 1826 280 6110
1133 2955 1543 1818 5822 7541
1134 1543 3181 283 4501 622 1861 5696
1135 1543 209 4392 7651 211 210 1835 7317
1136 7465 3298 1543 3622 1160
1137 5775 3828 2171 3829 1216 1864
1138 1133 1223 999 886 1165 1060 893 955 963 402 1177 4903 894 1139 775 982 776 1175
1139 6641 8182 6717 5775 5404 5970 4539 6672
1140 5101 5775 4532 3059 1328 5690
1141 3048 3971 5775 6530 3257 1534 1379 4214 1808
1142 5432 5775 6577 3161 1317 3190 8135
1143 1344 1560 5775 1594 1415 4576 6408 1298
1144 3865 3504 1511 5775 990
1145 1777 3250 3251 5867 3318
1146 3865 3186 6641 1777 3250 1157 1155 3664
1147 3250 5700 1852 3667 1596 1365 7702
1148 3435 4279 3250 5343 4919 2442
1149 1013 941 886 75 1008 1104 82 4903
1150 2979 6512 3250 3851 4363
1151 1888 3250 7351 7470 2763 6928
1152 3038 1787 3250 5364 5532 3221 6773 2829 1455 3657
1153 1894 3250 1208 1909 5688 2975 8120 6109
1154 3250 2849 2917 1900 3006
1155 3250 573 3726 6176 6165
1156 1779 3411 1909 5865 3226 6564 571 7051 6800
1157 1779 3215 3821 4370 1500
1158 1779 216 427 2682 1828
1159 1779 7735 4535 7551 8118 7342
1160 1133 89 886 1060 1169 997 907 1008 909 912
1161 1779 7465 1413 7949 6935 5884
1162 1779 1778 1413 1208 3391 578 1736 1216
1163 1779 1072 2365 3226 1727 937
1164 1779 1642 4552 5968 3006 1645 3632
1165 1779 3226 3667 7611 6553
1166 1779 1180 950 1032 1104 1215 1139 905 1131 1175
1167 1779 7735 1893 6206 6954 3183
1168 1779 1546 1361 8182 5867 1089 1088 3817 3013
1169 1779 1909 5865 6649 8114 3652
1170 1779 6281 1258 6284 6283 6954
1171 886 1560 1019 1169 968 1187 1205 912
1172 1779 1862 1809 8216 3255 1317
1173 1779 2739 5352 5708 1388
1174 1656 1128 2977 2910 1497 7342 1273 1908
1175 5368 4569 5697 8120 3973 242 1497
1176 1233 2975 3013 2976 8120 3973 1497 7121
1177 7189 2811 1497 8118 6865 3671
1178 2975 6790 2976 8119 2977 1497 4484 7342
1179 6512 3008 1326 8117 3013 2976 3318 1497 4486
1180 1827 1818 1497 1240 3212
1181 3159 4535 3013 7487 2811 1497 7342
1182 1133 8127 1030 999 949 994 1070 952 886 1165 1060 1008 157
1183 1860 566 1497 1877 6982
1184 3008 2975 3013 3664 1497
1185 3186 2243 1897 5865 3261 1645
1186 2506 3207 3193 3261 4883
1187 3184 1233 3261 1217 2992 6109
1188 5364 3112 6649 3261 2593
1189 2996 1534 3261 1217 1240 5776
1190 5400 7589 5173 7332 3273 3261 7048
1191 1862 5790 2713 3261 1783
1192 6205 2752 1789 3261 6410
1193 886 997 909 1209 951 1051
1194 6783 1595 3261 1520 5987
1195 3146 1578 5398 3261 1409
1196 5810 2954 3261 5706 7295
1197 2902 6517 5866 3261 2253
1198 2955 1087 1088 3261 755
1199 3188 3261 1155 608 1545
1200 3386 2707 3261 3631 3187
1201 666 1688 615 1219 7989
1202 2086 4820 5764 3084 4818 7990 3363
1203 7706 6382 4815 4816 7990 5728 3939 7756 5771
1204 89 1004 926 931 886 899 1012 963 4958 1035 1006 983 772 82 90 83 1093 4903 890 76 79 933 540 985
1205 6382 7990 3708 3920 5771
1206 5722 4818 7990 4819 3939
1207 5764 7990 5351 4382 3939
1208 4516 4985 5495 5867 4668 5053 3962 5034
1209 310 7063 8159 5867 4900 7276
1210 223 5867 304 583 5207
1211 5867 7531 1306 1409 1828 1285
1212 1800 4879 3161 5580 6198 3926
1213 4577 3820 6509 6422 5580 5009
1214 1193 5580 951 1194 550 1131
1215 89 931 77 886 85 962 1008 998 993 963 1006 930 82 964
1216 6336 1165 3151 5580 551 1362
1217 1805 5919 1385 4785 5580
1218 2983 3817 5580 2831 2992
1219 5489 5188 1617 3350 5580 1194 5189 1440
1220 7992 522 5569 517 6114 4896
1221 7040 3709 7348 5622 7375
1222 5497 5763 5000 1593 6839
1223 5763 5216 4604 7872 7869
1224 2837 5763 4206 4177 6946
1225 4131 1786 3277 2776 1788 5763 553 6952 6924 2683
1226 3025 2969 2947 2958 3003 2991
1227 1145 886 1001 953 998 921 993 963 157 930 1202 1561
1228 2684 3831 5723 5763 6275 1867 1596 2366 7804 1279 5762
1229 3508 5364 5368 6001 2275 2274 5371 5595 2816 5370 5367 6930 766 5374
1230 1617 2275 2274 1618 5576
1231 4271 3643 2275 1274 2274
1232 217 2994 539 3178 2274 2831 8136 3424
1233 8153 5412 3270 3383 2475 2275 2274
1234 3964 2728 231 1572 5326 2295 7914
1235 1741 2728 3267 3388 3874
1236 2728 1099 1727 977 1188
1237 2728 3487 4618 4099 3610 5486 6656 6589 4124 2135
1238 1013 1034 1112 1070 886 342 1146 1550
1239 3214 2728 6195 1283 3483 4824 2764 1437 4878 6989 2443 5886
1240 2728 3270 2135 8157 5112
1241 2981 7024 2775 2728 3165
1242 6294 2728 1619 5981 1783 3835
1243 6511 2728 3054 2699 2770
1244 2728 2257 4122 3195 3389
1245 7186 2728 6531 616 6553
1246 5973 7390 3334 5606 3591
1247 7390 811 6398 6026 5609
1248 1750 7127 5726 5955 4604 211 1709 6908 6560 6132
1249 886 75 1165 1060 893 998 993 963 157 80
1250 618 4565 4332 3713 5955 3715 6851
1251 5702 7022 4859 5793 5955 3619 5503
1252 5955 2996 6715 3150 5475 6940 5751 6340
1253 3184 2956 5955 630 1288
1254 4965 3085 505 4145 5955 3088 4357
1255 3870 1521 5955 1746 593 4193
1256 1508 5955 5699 5454 2258
1257 3357 5702 5955 6952 5449 620
1258 3904 1034 1643 5955 4662 918 1071
1259 3063 7856 4736 344 4784 5126
1260 8036 1562 886 940 1040 905 1041
1261 3823 1378 2488 854 737 497
1262 6155 7446 3726 737 5669
1263 3726 737 497 3175 6156 855 6446 5669 857
1264 6027 6617 5891 5446 6155 783 741 6669 740 1378 856 7446 7557 2395 3264 1714 854 1475 3726 737 5780 855 6446 1322 755
1265 7017 7022 5481 689 1276 7316
1266 6530 3181 549 3582 689
1267 2981 2506 465 43 3921 271 1706 4899 3207 2432 1035 2982 1195 689 2710 468
1268 1815 4194 1153 3016 1645 689 1545
1269 7993 5514 2549 939 5117
1270 7993 4376 5387 2756 2757
1271 1565 1564 1034 1068 950 1112 1070 1081 886 1566 937 1146 1116 1109 1563 1255 8143 1011
1272 4925 4980 4936 387 1822
1273 1756 387 1342 2811 2812
1274 5719 3168 5785 1416 697 357 4121 5522 4274
1275 4776 5997 6491 5666 5785
1276 4387 4116 2623 5765 4368
1277 1360 6074 4173 678 3634 2623
1278 7131 7790 2088 2623 6219 2441
1279 4699 7996 7995 7994 4309
1280 599 5477 695 7793 4138 5261
1281 4578 1834 6421 4024 6906 5261
1282 1191 1567 1164 886 1568 295 951 1059 1131 8135
1283 3375 3373 6671 4425 5449
1284 3214 3260 3152 706 1452 2443 6045
1285 442 664 7997 6859 6045 1297
1286 2068 2141 7140 6045 2338
1287 3266 7417 7361 3374 6045
1288 2062 645 8114 7004 6045 5776
1289 6363 4065 4085 3686 4077 4078 4070
1290 3508 3879 1861 2813 5438
1291 7153 2902 7734 6637 1726 6388 2813 5438
1292 149 4006 1726 5984 5438 6200
1293 1180 926 886 1060 1019 998 993 82 982
1294 1750 3929 146 4167 7785 5438
1295 279 6656 649 5088 2997 7157 2234 5438
1296 3630 3461 6487 7796 5438
1297 2994 1905 3476 7013 5438 5106
1298 6636 2815 7734 1726 5501 7796 5438
1299 5749 7566 7372 5501 5438
1300 7101 6492 6637 5373 3512 5501 5438
1301 5994 2841 4713 5150 6639 5438 1817
1302 5789 3512 5498 5438 5637
1303 5900 1234 1235 677 937
1304 1016 1110 1569 886 516 657 1572 1571
1305 586 1633 677 1863 1632
1306 1234 677 2965 6193 5519
1307 1234 677 1239 1233 3867 1306 5884 5519
1308 4310 582 677 578 596 3165
1309 579 1235 1129 1232 677 1078 578 1857 1233 8116 3211 5519
1310 6317 677 1504 1078 678
1311 1234 1235 677 6193 1906 5884 5519 4649
1312 677 1239 6193 1233 1306 1217 6449 2353 5519 1882
1313 2206 7998 3289 4218 3390 1297
1314 2022 7523 7526 3390 7729 6286 6287 6288
1315 1575 1574 886 129 1573 954 1347 1485 635 4947 1207 940
1316 2463 2037 3390 1320 857
1317 2395 2468 3390 6165 3169 5669
1318 6367 5216 4696 262 739 6951
1319 4696 4579 2766 6132 277
1320 2474 856 4696 1229 2473 738 2489 6459
1321 2890 2889 4674 5013 4696 4986 4680 8102 4668 6361 4676
1322 4696 6656 6655 2997 7157
1323 5400 5216 4696 2961 6341 7631
1324 3877 2963 2152 3476 1789 5317 2151 3445
1325 2963 3993 7588 7534 7947
1326 928 886 1008 921 902 76 84
1327 2963 5752 3951 5100 4953 5981 304 318 3473 3248 3232
1328 1778 2963 3949 3219 1862 1208 6003 551 5391 1783 3935 1612 6510 1561
1329 1895 2963 6194 3012 7835 3388 5577
1330 2963 1232 1411 4595 3884 2265 1495
1331 7999 2963 4967 3967 4480
1332 2963 4643 7831 3417 4752 4753
1333 2963 1710 6324 7881 3809 3195 4882
1334 7825 2963 2955 3160 7847
1335 2963 3219 3465 5443 2552
1336 8186 2963 8184 3456 3279 7829
1337 3014 2947 2958 3003 2991
1338 1583 1584 886 1576 1578 1504 1585 1577 1582 1580 1579
1339 5770 2183 3943 7103 4487
1340 1777 5900 1661 1791 3145 4554 6041 1775
1341 2979 1661 7168 7170 7973
1342 1661 152 7548 3973 263
1343 3052 279 8161 1661 5220
1344 86 1212 1661 6851 2244
1345 1575 1661 8216 2691 7858 468
1346 1222 1698 1661 7606 1262 1382
1347 1661 313 5294 1654 7168 3973 1382 1657
1348 1661 1674 6656 6655 5088 3199 2997
1349 1081 886 1008 1206 1586
1350 1661 4598 6684 146 1766 684
1351 1661 6874 3923 5572 2485 1887
1352 5222 7583 1661 5404 8000 6976
1353 1661 7619 3875 6644 1529
1354 5804 1661 5805 572 6904
1355 1385 2365 1661 3921 5108
1356 1661 106 3101 522 287 2090 517 233 240
1357 1367 4652 1661 1477 3240 1629
1358 1738 679 1375 6183 1382
1359 4602 626 4184 1382 4197
1360 886 1044 1587 1008 774 968 868
1361 2791 1271 4773 1262 1382 3430 8157
1362 1689 1852 3008 1582 1262 4480 1382
1363 1641 1655 1654 1262 1382
1364 2539 662 708 1306 2833 2396 1382 1484 277
1365 1656 1887 1210 1382 1285
1366 3905 1262 5527 1382 4016
1367 6517 5952 6935 1639 1262 1382
1368 1819 5795 1262 5464 1382
1369 1887 1262 1865 1382 7541
1370 1654 708 2746 1808 1262 1382
1371 926 886 774 1146 1435 1053
1372 1656 1217 1382 1666 1652
1373 2989 1654 1262 1382 5519
1374 3434 1306 1382 455 3959
1375 5188 1617 1618 1870 1382
1376 4163 4161 1724 1097 4165 6221 263 4190 4164 44
1377 5222 7331 551 2440 1097 7048
1378 3270 4595 1475 1468 1478 1097 4232
1379 5343 3207 3240 2577 1097
1380 4268 8091 8080 5294 4754
1381 3293 4268 1129 1776 1493 42
1382 1013 1112 897 1052 886 1008 1178 1177
1383 3916 5894 1879 4268 3704
1384 5432 4268 2745 7168 7171
1385 3149 4268 1450 4163 2735 697
1386 1343 2720 4268 1530 6815
1387 4276 7094 5567 1694 2399 5566 2327 5127
1388 5858 5792 5936 7 6025 5991 5736 5980 5903 6036 5636
1389 7 5714 6025 5758 5 5636
1390 1391 3918 7124 358 1421
1391 3063 1391 4840 6698 5741 5294
1392 8173 1391 4103 2051 4711 289 7787 1488 3088 7541 4144
1393 1135 1167 926 886 1169 1008 945 1061 82 1178 912 948
1394 1391 1193 6331 3242 1684 739 4162 3232 3864 263 7043
1395 1391 4310 2742 5949 5579 224 1804 1463 588
1396 6893 7006 8001 1484 5137
1397 6893 4229 4622 4265 4120 6362
1398 5170 5015 67 2565 4916
1399 6704 8004 6172 1784 3245 5970 5099 2760
1400 6599 7470 1784 6370 3912
1401 1784 633 6910 2440 2941
1402 1784 1595 6901 1396 7880
1403 584 1784 7094 583 5567
1404 908 886 1008 4958 1007 5258 1104 951
1405 7186 1784 3628 6531 7076 6497 5745
1406 5899 7126 1784 6421 7131 5246 6506 7770 4053 7660
1407 3052 442 1784 372 3263 649 6189 7337 4582 6364 5971
1408 2484 609 1785 2742 7712 1784 2657 549 3631 7314
1409 5742 7085 7030 1784 482 494 3533 5072
1410 2945 6542 5965 6574 1784 3423
1411 1761 6454 2611 6327 2605
1412 2606 2608 2862 6327 2605
1413 1719 3097 518 2859 6327 2605
1414 6804 2859 2862 2611 6327 2605 6046
1415 886 1019 971 955 956
1416 1719 5130 3096 1640 6327 2605
1417 3271 1472 2476 2475 2477 2634 2633
1418 5532 1755 3624 3622 2634 3333
1419 3419 6986 7649 408 598
1420 500 2921 2920 1891 1250
1421 8005 8006 2266 5574 5111 3072
1422 3170 5378 7092 41 1907 1502 2363
1423 264 584 4534 6941 3823 6384 3204 1166 1568 41 6385 7093 583 1736
1424 2946 4406 5983 41 6946
1425 4587 3809 41 2896 2054 273
1426 999 949 1171 1200 886 993 774 1185 1035 771 5369 1247
1427 4600 3301 8014 3823 5983 41 739 5882
1428 3350 41 3652 5362 51
1429 1133 4600 1117 6955 153 1725 6132 1758 5426 1747
1430 1377 6357 6356 5427 5426
1431 4886 6357 5423 6359 5426
1432 6357 5730 6356 5427 5426
1433 4886 6356 5427 6583 3176 5426
1434 5730 6356 6583 6359 5426
1435 1443 1906 2735 5272 4616
1436 261 4924 6427 5272 5604
1437 931 886 1060 1588 1100
1438 1442 7109 1439 4421 3395 5272
1439 3934 3626 4846 3361 5272 6768
1440 2936 712 2631 2630 3332 74 607
1441 4737 7965 2055 8007 5232
1442 4385 4645 5059 7966 3475 4749 2598 437
1443 409 5783 5399 1083 1790
1444 409 5168 4132 6913 5860
1445 6407 6889 6932 409 2082 7029 326 5978 6853
1446 409 1786 5735 3210 3469
1447 2432 5119 6633 3912 7478
1448 3025 3014 2969 2947 2958 3003
1449 886 1038 1008 956 1104 894 1059
1450 7542 7130 2319 7138 4389
1451 1854 961 5019 1674 8008 2298
1452 401 5349 4526 6796 5170 5305 5938
1453 401 215 5638 7044 3099 5493 5459
1454 4548 1193 3928 8009 1368 3910 1527 1194
1455 1753 4026 4578 2948 4567 4072
1456 7679 268 5635 4266 6188
1457 7853 6231 268 232 494 250 513
1458 268 2247 4864 2120 4865 269
1459 257 545 8185 2265 268 6522 6857
1460 994 886 1165 907 402 5258 342 407
1461 609 223 296 606 241 1153 1796 287 1645 268 3874
1462 599 268 596 3183 230
1463 2802 3141 276 650 4976
1464 4371 4372 293 2473 4976
1465 3522 1458 4704 6952 1339 973 2993
1466 6996 8122 774 3609 6800 2993
1467 3181 1243 1210 6800 2993
1468 2691 1475 1478 4164 6800 2993
1469 3887 3888 5578 7497 2993
1470 3943 8185 5404 5017 4161 6800 2993
1471 999 949 1068 950 886 920 1163 674
1472 6794 5005 4016 6800 2753 2993
1473 5038 2548 4657 4660 5027 4656
1474 5041 4841 4673 4985 4744 4721 5013 2052 4727 4661 5033 6910 7967 2548 2842 4680 4657 4668 453 4660 4656
1475 1346 2267 4656 6134 6133
1476 4661 318 4660 4656 4732
1477 4674 4721 5013 4966 4764 4656
1478 4684 4673 4721 4640 4984 3626 5032 5027 4656 4665 5030 4732
1479 5041 4684 579 4673 4661 5028 4660 5027 4656
1480 4674 5013 4661 318 4660 4656
1481 4674 5013 4661 5042 4660 4656
1482 1167 1200 886 913 1032 968 1054
1483 7787 4744 5046 4966 4638 4656 5055 4732 5663 8144
1484 4684 4661 4640 2573 453 4660 4656
1485 4841 4654 4667 4646 2053 4709
1486 4407 4654 3993 1418 4395 3723 1734
1487 6642 216 1894 4586 7475 1437 4303 3059 8129 6372 7873 6293
1488 2153 3915 4569 5326 6372 1612 1273
1489 2352 6824 151 6372 1440 2353 5791 7604
1490 3668 6324 4740 285 7746 5490 284 6372 6322 7604
1491 5810 3838 4304 6706 3059 4718 6372 3878
1492 1911 5567 6372 4630 5577 7072 7604
1493 1173 994 886 997 907 1104
1494 4281 1433 1863 7531 6392 6372 7096 1859 7604
1495 3627 4011 6372 1995 7604
1496 2998 4279 767 7090 2999 6372 7604
1497 7355 1542 4916 6372 7604
1498 6706 3059 6372 2133 7604
1499 3475 4624 3004 3005 2174 5519
1500 3211 4624 7528 1561 6215
1501 4940 6324 2432 4624 4184
1502 4624 2811 4497 6376 3671
1503 1888 6941 6417 2763 4624
1504 1013 88 931 886 1001 772 90 83
1505 4088 5730 4068 6356 2910 3683 4078
1506 4066 3683 4067 3625 3688
1507 1633 2720 1632 1796 8010 1645
1508 1656 1207 1654 2936 3625
1509 2936 776 7183 637 715
1510 1004 1008 774 1557 1035
1511 1165 962 1169 1008 955 998 993 1185 1104 1175 912
1512 994 1052 1050 1008 1539
1513 89 1174 1095 1060 907 1008 955 993 1012 963 82 90 951 79 933 1139 776
1514 1174 1095 1028 1008 79 985 84
1515 1052 886 1589 964 1152
1516 999 931 1008 775 996
1517 1171 1110 1008 1054 1011
1518 1016 1068 927 653 952 1008 981
1519 1184 928 897 997 954 1008 924 920 645 900 943 902 940 944 905 970 960
1520 950 1112 1171 962 971 997 1008 940 1000 960
1521 1441 1186 997 1008 1727 940
1522 1050 85 1008 1055 1177
1523 941 1008 945 82 4903
1524 1184 1167 8036 1070 954 1008
1525 2994 685 971 937 1188
1526 1081 886 1038 962 1060 907 1008 955 1215 4903 948
1527 1099 1132 913 971 956 909 968 1252 1517
1528 6294 1095 1535 971 1147
1529 1183 971 1032 957 974 1111 975 1051 905 3661 1775 901
1530 1112 1548 1186 911 1200 1132 1535 971 997 955 909 976 940 1175 912
1531 1174 1200 971 961 1177 1040 1901 1041
1532 1180 1070 917 971 1311 1310 308
1533 911 1145 1019 971 998 774
1534 971 1074 1082 2910 1071 2911
1535 6611 971 1727 1594 1073 1908
1536 6788 1472 6365 971 5220 2350 3716
1537 999 886 75 955 772 82 4903
1538 1043 1034 1548 946 1042 971 976 411 940
1539 941 1135 897 1049 899 971 1056 1048 1727 943 1098 898 1435 1498 1022 970
1540 1016 897 1110 6381 1028 1042 971 1256 937 1054 1305 898 1041 1105
1541 1034 1016 86 6381 1110 5784 971 968 4321 1178 1116 8143 1071 1724 1053 1000 1041 1105
1542 1324 7629 971 1032 6481 1196 87 898 1255 4440 1041
1543 971 4598 909 1709 951 981
1544 971 3652 1247 1188 1039
1545 1212 1535 971 1074 909 4622 1054 4265 1498
1546 922 1548 1171 971 1055 974 4958 1035 1198 968 1054 1116 918 8143 1071 1046 1084 901
1547 942 971 774 937 939
1548 915 886 895 1590 4958 1035 1595 1594 1061 1596 1591 7768 890 1593 308 693 960
1549 1064 971 974 1276 1073
1550 941 897 8036 1049 971 967
1551 1223 1168 913 971 957 1006 1162
1552 1016 1110 971 1011 1015
1553 994 1052 946 1898 971 1054 1011 3377 1152
1554 1016 1135 8036 1049 971 5801 1256 977 1109 898 1011 1084 6188
1555 1052 971 957 1727 898 1435 1255
1556 1095 1052 1535 971 1256 3828 3829 1951 1040
1557 1095 88 971 1169 955
1558 897 971 938 901 1284
1559 3025 2969 2947 2958 3003
1560 1081 886 157 674 982 1041
1561 971 1253 1146 1116 944 1046
1562 1223 994 1200 1165 955 957 956 1147
1563 1180 1072 994 1038 907 1032 955 1111
1564 1174 1167 1186 955 1035 1104 1162 1247 1249 1556 1175
1565 915 955 1098 1082 951
1566 955 963 1187 1160 1051 1040 1561
1567 908 1072 1186 1200 1145 955 957 1185 912
1568 999 1019 998 955 993 4903
1569 1133 1052 998 955 993 157 1035
1570 994 1070 955 1055 1054
1571 1180 1072 926 886 1060 893 1008 945
1572 1173 917 997 955 956 959
1573 997 6313 1032 955 6401 6186
1574 89 931 955 80 4903
1575 908 1038 997 954 956
1576 1110 1052 1898 956 968 1054 1249 8143
1577 1200 997 956 905 1131
1578 1197 994 1169 956 1051
1579 1068 956 6505 8143 1071 1105
1580 1165 954 956 1074 959 909 1104
1581 1168 1110 1171 1183 956
1582 908 1597 886 1019 893 955 933 948
1583 1223 1186 1183 1165 7735 997 1169 957 1104 411 1178 1039
1584 1180 1070 1019 1169 1055 1185 1498 1040
1585 1133 1180 908 913 1169 90
1586 994 1200 1169 1177 912
1587 1180 908 1072 946 1169
1588 2818 1342 1822 7788 1823
1589 5172 3465 4410 1342 4273 4857 1823 6815
1590 355 430 6895 540 5312
1591 635 1207 1654 540 3625 1657 637
1592 79 933 540 964 498
1593 886 893 771 540 674 982 1175
1594 933 540 702 674 984
1595 1027 962 998 993 157
1596 77 962 1060 1001 997 998 993 1012 920
1597 88 931 899 1019 998 993 945 773
1598 993 963 1012 773 983 1029
1599 931 77 962 1060 998 993 963 157
1600 89 88 998 993 1012 1139 775
1601 931 1027 998 993 963 157
1602 998 1012 963 157 993 80 702
1603 88 998 993 80 82
1604 6858 88 931 886 75 955 4903
1605 2584 6733 7633 4151 3720
1606 217 334 7341 1888 1683 1411 2957 3884 7168 1160 3973
1607 7341 961 5444 1799 3957 6696 7578
1608 6512 7341 3008 2975 2977 7189 6865
1609 7341 3008 1362 3318 7189
1610 2981 6511 3184 7341 3652
1611 5986 7341 5723 1509 3255 6187
1612 3464 7341 1899 1900 3256
1613 7341 6307 5218 6620 3430
1614 1778 7341 1587 1208 1236 3609 1656
1615 886 1019 998 993 540
1616 264 1469 5913 5572 4700 2665 2483
1617 1611 3967 1884 2483 2204
1618 1672 8011 4400 2778 4334 2483 3959
1619 4776 816 2316 6165 7606
1620 816 3829 5602 5606 2024
1621 129 4947 120 1207 1657
1622 47 1821 5590 1656 3661 1766 1657
1623 635 1654 3689 1657 990
1624 579 1656 1654 1262 1657 2353 3862
1625 1246 1207 1346 1654 3625 1657
1626 911 886 75 1165 1008 157 80 983 772
1627 6201 5735 1394 1657 2174
1628 6955 3006 2355 5578 1657
1629 129 467 3262 5343 637
1630 1482 1413 1271 1537 1616 3723
1631 3053 5194 1541 3723 6862 42
1632 5404 3264 3438 5294 7337 5514 3723 8012 7626
1633 928 942 953 945 3723 1022
1634 4579 3723 2820 1561 3388
1635 7807 1232 1078 1233 3867 1306 5884 3723 5519
1636 3386 2707 3631 3187 3723
1637 999 886 75 930 1007 1098 1306 540
1638 3833 2424 5521 5520 3723 228
1639 1641 5379 1549 2942 5516
1640 1641 1094 635 1207 1654
1641 1909 1642 4535 2917 1654 6791 7342
1642 1654 1887 2977 1561 5696
1643 1485 1655 1246 1346 1654 3625
1644 635 3923 1654 3922 6448 1561
1645 1094 635 1655 1246 1207
1646 3201 2405 5343 1656 1887 7155
1647 1180 7280 1656 1209 3008 7532
1648 89 926 886 75 1019 1008 998 993 157 963 80 983 772 82 83 4903 79
1649 5453 276 1656 285 240 284 230
1650 1656 1694 5032 3462 2174 6077
1651 1674 1656 3199 7013 312
1652 7192 5618 5617 2399 146
1653 5478 4375 7565 2399 5520
1654 505 679 1399 2399 684
1655 347 1764 1733 350 5755 5732 2399 1690 1772 2973
1656 2242 2243 2233 2399 7295
1657 4940 3851 2399 5487 2261 7050
1658 609 7188 4897 6937 2399
1659 999 886 1008 4958 1187 1040 996 1041
1660 4840 283 3594 3100 2399
1661 1417 1884 1906 2399 2151 5433
1662 342 220 569 426 1066
1663 2823 1153 1796 1645 1601 1545 6077
1664 2823 4842 5550 5417 7753
1665 63 4345 5737 7781 5064
1666 1628 271 29 5064 5381
1667 5474 957 2934 2236 10 6622
1668 3271 3270 10 2477 3372 3268
1669 3916 3410 5783 10 5853 44
1670 3025 3014 2947 2958 3003
1671 908 946 886 75 955 1247
1672 10 3689 3922 6883 6800
1673 3178 6558 10 2909 2910
1674 5658 8 5836 10 5869 5636
1675 2352 3039 5804 5805 10 2353
1676 390 6786 7267 4926 4941 4360
1677 391 5950 3155 3282 1884
1678 6336 4479 3609 5576 2834
1679 923 4404 2953 5576 5251 1000
1680 3201 7132 1811 5321 5576 1848 1318 1751
1681 1815 2506 4900 3207 7564 5576 2771
1682 1034 1171 1070 1052 886 1163 951 1059 1131
1683 5216 4124 7139 5576 6341
1684 1457 5889 4704 5576 3060
1685 3479 4556 2369 5576 4192
1686 7876 6724 5576 2443 5437 7927
1687 6330 1198 748 3906 5576
1688 7465 1956 7163 6935 5576 5384 7048
1689 7024 6589 7781 5576 616
1690 7691 8013 4567 5576 5961 1420 1297
1691 2537 4996 2598 2665 6729 4231
1692 2537 2665 4989 8015 4864
1693 886 75 4925 967 76
1694 1043 928 86 950 618 3052 4618 3961 774 1253 2297 2717 6594 1550 620 7873 6013
1695 950 1135 77 1027 1060
1696 1043 1211 1064 927 950 1305 1713
1697 950 1183 916 1055 1198 1249 1709
1698 8127 950 1860 1818 1253
1699 923 950 942 7418 940 1053 1122
1700 950 1081 1074 6597 7230 8120 3241 1046
1701 1068 950 88 1027 1038 85 1060 90 940 4903 1187 78
1702 1223 1173 1184 1072 1064 1167 910 1104 1162 1147 1177 1187 8120 1160 905 3241 1053
1703 1072 1068 1254 1200 7949 1074 1253 1177 1082 1498 1276
1704 1599 1427 886 1600 1601 1598
1705 1072 1167 1052 3422 957
1706 1072 1068 946 8130 1032 937 1040 1041 912
1707 1180 6641 1072 1081 564 3151 1178 3890 755 4505
1708 1072 1099 917 953 1727 1051 1284
1709 1072 924 1185 78 1051 905 912
1710 1223 1072 957 959 937 909 968 1054 1178 1176 1196 898 1039 1255 1041
1711 1072 1070 1183 1121 957 909 1252
1712 1133 1180 1173 1072 1162 1356 1519 5010 1139 905 1217 1175
1713 1211 1072 1028 1435 901
1714 1017 1013 88 931 80
1715 1167 1070 886 1602 1604
1716 1135 1028 77 931 85 1060 1001
1717 931 962 157 82 90
1718 1180 1081 931 1165 910 1035 909 1176
1719 931 1006 90 775 984
1720 89 908 1112 1070 931 77
1721 89 88 931 1027 83
1722 88 931 962 1012 80 90 1139 776
1723 1081 931 157 4958 82 940 308 933
1724 4886 5019 2989 1485 3837 2990 1346
1725 1821 3178 2989 4977 6210
1726 886 1027 993 1012 1006 933 982
1727 4598 5568 2989 6743 4916
1728 2989 2990 2975 2976 1262
1729 217 3901 4317 7446 2395 3726
1730 6027 745 6155 4317 7446 746 2395 3826 3264 6113 738 497 3175 6156 855 6446 857
1731 2474 7674 4317 2395 2468 2473
1732 7354 3061 1051 1107 6578 1201
1733 919 1067 1313 6578 1282 1908
1734 1056 7884 1196 1039 6578
1735 1067 1118 5585 6578 1057
1736 6528 1119 7173 1000 6578
1737 887 1605 1608 1607 1606
1738 2909 6851 7606 4022 6876
1739 6165 7606 6446 6160 5669 3933
1740 1367 1324 1472 4203 1379 2944
1741 3894 4203 1844 1473 1495
1742 4711 4203 4688 4710 3413 287
1743 3218 4203 1379 5887 6278
1744 1407 4203 4604 1494 6507 2256 1495
1745 264 1800 584 5582 4203 5862 2954 2729 583 1906 4315 3165 1152 3637
1746 4209 4203 1232 5327 7942 1495
1747 618 1785 507 4203 7157
1748 887 1471 1613 1610 1477 1619 1611 1617 771 1618 1616 1615 1097 1612 1609
1749 3293 4203 285 284 1495
1750 1458 4203 8216 3240 4662 1671
1751 6235 4203 4322 4811 8129 1495
1752 4310 1627 4026 4203 6534 4414 1600
1753 3214 4203 4824 6589 6560
1754 5004 4203 3192 1523 4233 1495
1755 4203 2189 7737 6940 2356
1756 4203 7586 7475 7568 3423 1495
1757 4203 5680 1534 315 1495
1758 3474 4203 5220 5207 6207
1759 887 1622 406 1620 1621
1760 3833 4203 1409 1865 456 1495
1761 4684 5013 4661 5028 5029 2048 3944 5027 3962 4983
1762 6283 3073 105 1949 6853
1763 6437 5856 6309 105 1949
1764 7789 6217 7658 1949 695 7860 4293
1765 7022 1722 6437 8016 105 1949 6852 7835 6438
1766 6437 8016 4509 105 1949 6438
1767 1722 8016 4509 105 1949
1768 8016 4509 6804 105 1949
1769 8016 4509 105 1949 6438
1770 1624 887 1218 1628 586 1627 1407 271 1626 1623 1217 1629 755
1771 2051 7740 4657 5039 7944 4439
1772 1336 2982 1195 1808 7677 3004 3005
1773 3270 2476 2475 1336 440 649 2477 1474
1774 1336 247 1808 46 2538
1775 223 227 1336 649 522
1776 7017 6307 1336 8168 1676
1777 6465 3877 6466 3210 1336 1435
1778 7241 4635 2924 5627 5626
1779 362 94 2140 4295 2924 2024
1780 8004 5287 1240 3004 3005 2751
1781 3069 3036 3047 3102 3080 3058 3114 3091
1782 887 1389 1633 685 1632 305 1356 304 1630 1631 1634 1635
1783 8004 6962 1744 4598 4576 6370
1784 6922 8004 3079 6235 4786 5486 7914 2244
1785 3522 3521 8004 2506 3062 3207 4311 6135
1786 8004 5260 6608 6301 5120
1787 2059 7410 3305 2667 4701 5192
1788 7343 7145 4151 5477 2798
1789 1756 6076 3263 153 6364 5696
1790 543 4643 7831 4633 4638 3944 5252
1791 543 7776 6850 7111 8125 7297
1792 543 7284 1491 5569 1399 2933 5571
1793 887 1575 1637 1638 705
1794 543 7954 4310 1361 5400 1765 4096 3160 6868 8047 6686 4328 1849 3908 1362
1795 543 7008 421 2068 4500 1757
1796 543 1853 977 943 944 934 1022 970
1797 543 3866 5730 7876 1506
1798 543 7483 1893 236 2121
1799 543 1509 6660 3148 1187 3145
1800 543 3919 2890 2889 4986 4389
1801 1197 543 4583 1509 7111 5893 2573
1802 4306 5111 1296 5475 5321 7362
1803 555 5475 6652 3445 7865
1804 887 1092 1575 1347 1640 1639
1805 8161 4490 5475 708 7815 3423 5206
1806 3531 5475 3445 2695 5799
1807 664 3535 5475 4623 3537 6719
1808 1521 5026 2189 2156 5475 2687 6612 3117
1809 5061 5475 5868 3100 6612 6719
1810 6599 5235 5475 3094 5966
1811 1564 2902 1910 5475 6392 6876
1812 5475 247 7533 6497 7795
1813 474 5572 5475 5751 5490
1814 6666 6943 5352 6963 7434
1815 887 1092 1575 1574 1641 1642
1816 5360 5350 7610 4495 4374 4588 7697 4967 1742 4107 7559 7434 3453 6999 4709
1817 4675 3442 4374 1866 4680 3230 4668 7434 1906 5750 1265 5090 4146 3962
1818 4672 7434 4676 5027 4642 4708
1819 5041 7154 5028 4756 5054 7434 4764 6244
1820 2619 2620 1744 4704 7028 2987 5351 1454 518 7340 7434 4100 1453
1821 5350 3908 7434 7548 7829
1822 4744 7434 5053 6442 5034 5044
1823 8169 4740 4742 7434 5687
1824 5033 4966 7434 5032 8144
1825 7483 235 7108 7111 5887 1422 6906
1826 887 1389 1643 1198 1401
1827 7483 5950 212 1789 2156
1828 7483 1768 1702 6187 205
1829 7483 6205 3097 3088 8017 4752
1830 7499 2705 5413 567 6520 5052
1831 7499 3252 251 6410 6362 1419 4174
1832 7499 793 1805 7269 8018
1833 7224 2480 6891 497 1320 6173 6160
1834 3264 497 3175 855 6446 5669
1835 6511 7335 2488 6891 6113 6176 497 6165 5554
1836 5891 3182 7557 2432 854 338 339 497 1322 335 3933 3659
1837 887 1361 1644 1646 1645 1616 1161
1838 2487 2485 497 6167 2489 2464
1839 3726 497 3175 6156 855 5669 857
1840 6155 7224 7446 2488 1229 497 2489
1841 6164 2486 497 2489 6224
1842 7446 3264 3726 497 3175 855 6156 6446 5558
1843 1229 6780 497 5255 5554
1844 923 3052 7024 4537 937 265 1118 4163 308 4120 697 4915 498 6200
1845 1790 2682 1586 2839 498
1846 8160 339 4966 4635 3626
1847 8170 6199 7138 5918 3626 3864
1848 887 1389 1628 685 1649 1650 1648 992 1616 990 1652 1651
1849 3070 8020 3626 8019 7371 5544
1850 1888 3490 4967 3230 3626 7495
1851 4674 4661 4680 3626 4660
1852 5616 2767 4661 1310 3626 4660 1312 1499
1853 4684 4673 4721 3626 4660 5027 5030 4368
1854 4684 4672 4673 4985 2890 4661 4986 2548 4680 7559 8102 4668 4621 4671 4760 3626 4660 5027 4679 3962 4368
1855 5041 4841 4674 4970 3843 453 3944 3626 5032
1856 4965 2739 5231 3626 5096
1857 4684 4671 3626 5027 8113
1858 4875 7665 3838 6488 3626
1859 887 1575 1653 1574 1094 1206 1351 98 1349 1655 4947 120 1246 1020 1207 1346 1654 676
1860 1560 5884 678 5624 4649
1861 579 1807 1232 2751 4649 2591
1862 1234 1540 6541 1221 4649
1863 5893 6197 4835 5884 1387 2726 4649
1864 1030 6867 1910 7131 7094 5238 5567 6192 1451 6860 5374
1865 2775 3578 8149 6192 3864
1866 5361 8021 3368 6192 7944
1867 5723 6998 6652 6379 750
1868 1677 6176 6142 6165 2289 750
1869 1725 2457 1758 1747 2165
1870 887 1092 687 1347 1206 120 1656 1207 1346
1871 1761 3235 6679 1278 5516 1138
1872 943 944 1101 1022 970 1278
1873 897 6822 5082 4438 1118 546 6902
1874 7186 6600 6995 1299 4438 1871 2760
1875 6421 301 6506 5918 4438
1876 3915 4438 6412 6917 1493
1877 2741 4438 2977 6915 550
1878 1697 564 2229 5216 4438
1879 4737 5000 4438 5918 7472
1880 6910 568 6004 4438 6839
1881 887 1092 1575 1653 1574 129 687 1641 1347 1094 1206 1351 98 1349 4947 120 1246 1346 3625
1882 4438 7062 4142 7061 4144
1883 3587 5611 344 7648 4725 4440 1484
1884 3587 568 1141 1731 641 5762 7165
1885 3587 518 2762 2941 4964 3637
1886 4608 3587 5551 1735 5627 5626
1887 3941 7187 7436 7951 7453 5388
1888 3943 3509 3231 1740 7951
1889 4474 25 8251 3531 1431 4008 972
1890 4777 362 2140 2112 5598
1891 3214 3483 3152 706 5492
1892 3036 3047 3102 3080 3125 3136 3147 3158 3091
1893 887 1653 1574 129 687 1641 98 1485 635 4947 1246 1020 1654 3625
1894 3170 1805 3152 3066 4759
1895 3410 3942 3152 3153 706 3233 468
1896 1643 2153 3152 1554 3154
1897 5784 3152 1475 1468 6183
1898 3215 1343 3152 3248 3060 7043
1899 1800 1458 6532 3152 4604 7696 4010
1900 3152 7081 706 3049 6904
1901 5263 3152 3502 7168 7171
1902 706 521 1572 2665 932
1903 1384 706 2156 7488 5637
1904 887 1092 1575 1653 129 687 1347 1094 1206 1351 98 6502 635 4947 120 1246 1207 540 3625 711 1657 637
1905 1706 706 6597 2976 5011 5776
1906 706 2135 6196 2136 4616
1907 1795 706 4569 3241 1612
1908 994 3617 706 6433 6183
1909 4840 706 1423 6297 6322
1910 351 2326 4771 1580 4772
1911 2326 1744 6418 6275 6608 5042
1912 2326 2230 4621 2757 7051 7323 6293
1913 7719 1705 2326 5452 7883
1914 5130 3066 6427 8022 4167 2857 2578 8165
1915 887 1092 1575 1653 1574 129 687 1094 1206 4947 1246
1916 6642 1526 8022 2256 7536
1917 545 584 3228 3116 4897 274 2850 275 8022 488
1918 7330 8022 8023 2756 4964 2757 2755
1919 7330 8022 8023 2857 7536
1920 3066 1640 8215 8022 8023
1921 6528 1700 7840 5992 7416 2437 6612
1922 7287 3179 5992 5866 7682
1923 5976 5992 6620 5978 6531 6916
1924 5992 3320 5414 5076 3267
1925 6611 7589 7470 7813 420 5992 6477 2076 5096
1926 887 1092 1575 1574 129 687 1206 1351 1485 98 635 1207
1927 5364 7030 3509 4900 7981 5992 2268 1676
1928 4304 5992 3594 3596 6661 3821 8148
1929 5682 5712 6503 5992 5822 7314
1930 6542 6576 2731 3884 5992
1931 3898 5992 4773 4499 6916
1932 1353 5992 7081 2744 1273
1933 7538 7537 5545 7748 5992 3467
1934 4088 4081 4068 4066 6353
1935 4088 2968 5730 4066 4092 4077
1936 2364 4761 1513 4762 3582
1937 887 1092 1575 1574 687 1659 1347 1206 98 635 4947 1246 1207 2936 711
1938 4513 3189 3188 2135 3582 608 1766 5105 4616
1939 1064 3251 1215 4490 6851 2734
1940 7017 3146 5398 1356 4490 1140
1941 2257 5532 1449 4490 2710
1942 1441 3108 7551 1437 4490
1943 1271 5700 2772 4264 4490 4346
1944 3160 1897 4490 1077 1079
1945 6978 147 4490 5578 6647
1946 8128 7116 3951 3177 4490 6110
1947 3476 4490 3222 6744 2273
1948 887 1092 1575 1653 1094 1206 1351 1655 1246 1207 1654 1657 1660
1949 7949 6439 3151 5688 4490 9
1950 7757 4490 3059 1720 5109
1951 8130 2404 6362 6109 2832
1952 7999 7787 5101 5032 6871 6109 5034 5120 4642
1953 2054 7650 6109 7048 7543
1954 4678 8113 6109 5034 3185
1955 1860 2955 7092 6109 1908
1956 5185 2889 4374 4967 6109
1957 6741 5686 6960 4702 6214 4496 6109 6742 4734
1958 1224 4476 6935 3867 5207 1694 7227 6109 5882
1959 887 1575 1653 1574 129 687 1347 1094 1206 1351 635 120
1960 4610 1542 2460 6109 1328
1961 3960 2548 5253 6109 5034 4642
1962 2901 6235 565 4392 4968 4878 2267 5011 990 2952
1963 5379 1103 6919 6844 2267 7059 6012
1964 3243 4660 2267 674 5837
1965 2146 2267 4718 1828 3488
1966 1462 2269 5982 1506 2267
1967 2994 5453 1239 6844 2267 3212 3393 6374
1968 8130 2265 5884 2267 4774
1969 4741 4740 4742 5689 2267 3322
1970 887 1092 1653 1574 687 1094 1206 1351 98 635 4947 1207 676 637
1971 3378 7285 486 485 484 463 489 297 490 4356 1840 1838 3368 1839 3394 438 6856 491 1841 4357 493
1972 7285 486 485 7071 1838
1973 4359 4840 7843 7285 7997
1974 7285 7071 7332 3394 7947 1037 1841 4357
1975 3378 7285 4416 486 485 3228 484 463 489 297 490 7652 4356 1840 464 1838 3621 1839 3394 6856 483 5528 1841 491
1976 7285 484 7071 3621 488 3394 483 2253 4357
1977 7285 463 489 7071 297 3619 1840 3394
1978 7285 4416 3498 486 7022 3968 3228 5365 3623
1979 7285 486 485 3228 489 299 1838 3368 3621 3394 438 1842 5531 491
1980 7285 3498 2742 6544 3151 7185
1981 887 1092 1575 1653 1574 687 1661 1347 1094 1206 1351 98 1349 4947 120 1020 1207 1654 3625 711 637 676
1982 5911 7285 2802 3228 484 3371 463 489 7071 297 490 4356 1840 1838 1839 7649 6856 1842 8024 2253 491 4357 493
1983 7285 486 3228 484 489 463 490 487 4356 1840 1907 1838 394 1839 3394 7649 6856 1842 2253 491 4357 493
1984 7285 2802 5361 485 3228 484 7071 490 3620 4356 1840 488 1839 3394 438 3249 483 491 1841 4357 493
1985 7285 6643 485 3228 3371 7071 297 490 4356 1840 1838 5699 488 1839 7649 483 491 4357
1986 3378 7285 4416 7071 299 7652 1838 3394
1987 3378 7285 486 463 7071 490 7884 4356 1840 488 1839 3394 7649 6856 5531 491 1841 4357 493
1988 3378 7285 486 485 484 4356 3621 7640 491 4357
1989 3378 7285 463 489 3368
1990 7285 3615 8122 490 487 4356 1840 1839 483 491 4357 493
1991 7285 7071 490 299 4356 1840 1839
1992 887 1575 1653 687 1094 1206 1351 98 1485 635 4947 1246 1207 1654
1993 3378 7285 485 484 3371 490 4356 1840
1994 7285 7071 297 487 483
1995 7285 2742 2802 3228 7071 2657 2713 3249
1996 7285 2802 7022 4859 5793
1997 3600 119 5921 6030 3072
1998 4407 4214 119 5514 4186 5522 6616
1999 3259 5026 1311 4579 4827 5962 1310 1312 8135
2000 3511 7224 4579 738 6224
2001 5891 6335 2474 742 4579 2473
2002 3642 1489 3826 2463 4579 3824
2003 3036 3047 3180 3169 3191
2004 887 1092 1574 129 687 98
2005 7002 1489 1378 746 3264 4579 3726 4206
2006 2981 3823 4579 2473 2982 1096 4282
2007 4579 4795 1758 2464 1747
2008 1569 3270 3387 4579 1474 2478
2009 6027 6168 6335 2486 746 2488 3826 4579 3844 563 2489 6459 6224 5558
2010 856 6411 4579 1758 1747
2011 3298 3823 3299 1521 3259 1526 548 1638 1187
2012 6640 1638 1693 6564 6510
2013 1532 4555 1166 1568 1638 3963 1742
2014 6407 7538 7748 1638 3997
2015 887 579 1574 1347 1206 98 1663 635 1662 1664 3625
2016 3909 1642 3259 4517 1638 1593
2017 6642 6741 3937 7803 1638 5397 495
2018 4618 2961 1638 5326 5982 5984 6341
2019 1528 1638 5397 5985 563 557 1500
2020 1308 6928 1638 5901 4253
2021 5754 4944 3989 1638 4105 6724 5901
2022 6419 1721 7586 1638 7259
2023 2955 6206 5216 1638 3860 6976
2024 4353 1746 2428 1638 6975 4053 1745
2025 4019 1564 6666 3411 7712 1307 1638 1439 1890
2026 887 1575 1574 1094 1206 98 1349 4947 120 1246 1207
2027 6294 1532 298 4305 2707 4306 1638 4861 2079
2028 2935 3221 1638 5589 6920
2029 1324 4610 1834 1638 4878
2030 577 2424 3439 7674 1867 5456 7699
2031 6343 5721 774 2741 2297 3480 6794 7917
2032 1707 1166 1568 8164 6794 3437 5107
2033 1688 997 1902 3259 1689 6794 2735
2034 4175 6794 3241 3661 5696 4883
2035 7127 6643 505 2961 5699 6794 6341
2036 3053 2351 8026 626 6794 312
2037 1665 887 1347 98 1667 1666
2038 3015 5952 2265 1884 6794 2263 7528
2039 2701 5088 6794 5449 2915 2593
2040 5525 6794 2366 6183 6132 4864 4863 4865
2041 3866 1374 6794 2284 5163
2042 6794 6188 4016 5782 6800
2043 4615 274 275 7824 3398
2044 1467 5401 2686 2269 4623 3517 7824 2268
2045 3535 4383 4655 421 1579 6323 4266
2046 6867 7633 3535 3537 3065
2047 7840 7681 3535 7982 3537
2048 887 1575 1206 120 1654
2049 5372 2439 7734 4306 3535 5377 7062 4199 3537
2050 7011 4104 5757 3535 4329 3537
2051 6603 4132 3535 6639 4133 3537
2052 4509 7884 3535 3064 3537
2053 4408 3529 7621 3173 3535 6493 7769 7306 6394 6498
2054 1491 3535 4759 6481 3537 6409 3878 6468
2055 4418 6661 3535 6660 7474 3537
2056 7470 6477 3535 6860 3537
2057 6878 3535 8027 3537 7722
2058 7422 573 3519 3535 6887 2076 6323 3537 3996 1424
2059 887 1092 1653 1574 120 1246 540 711
2060 6490 2935 3535 1313 3537
2061 7544 8028 4306 3535 4861 3537
2062 7553 4534 1296 2175 4715 7763
2063 340 7763 5487 2147 1321
2064 4430 7377 5551 7763 2293 4440 5972
2065 104 7763 5277 6914 1010
2066 8215 3848 3934 2711 1522
2067 1815 3162 3146 5398 1527 1519 3934 5010 5017
2068 6417 6907 1245 1794 1596 4007 3934 1593 7164 1473
2069 6737 7339 4828 1507 1442 3934
2070 887 687 675 929 120 1668 711
2071 4124 3934 2151 1298 4152
2072 6922 3219 298 5723 633 3934 3896 5990
2073 3870 5006 1539 3652 3934
2074 6450 1728 3934 1396 1412 3244
2075 7856 7920 8006 4683 4655
2076 6918 6718 7920 5231 7637 5993
2077 3845 4345 6573 1463 2427 3423 4731
2078 288 3942 2866 5020 810 4884
2079 810 5591 6273 7362 431 5106
2080 3435 311 1809 810 6473
2081 1290 887 98 4947 1671 269
2082 4359 2913 1411 4615 554 810
2083 6849 1644 5365 1439 4771 1356 3013 2941 3007
2084 1765 6175 2941 7440 788 644
2085 6849 6818 6823 2941 3893
2086 3435 3507 4595 620 2941
2087 5910 3197 333 2141 2941 5626
2088 1441 3668 589 1480 2941
2089 1628 2941 788 2594 1321
2090 4407 1464 7085 6718 4406 7544 6393 5375 6928 5499 1456 1910 5371 5705 5595 3171 5498 6394 5367 766
2091 6514 3866 5742 7085 7030
2092 887 1206 98 4947 1654
2093 5742 7085 7030 1332 1333
2094 264 1469 7085 584 3208 3376 5697 583 697 5396 5531
2095 6489 5742 7085 7030 7061
2096 5742 6465 7085 7030 1350 3210 5479 1478
2097 2354 5742 7085 767 7030 442 1442 1829 3111 1315 7329
2098 5742 7085 7030 1442 6468
2099 5742 7085 3887 4538 6566 3659 6964
2100 1753 2242 5742 7085 4489 7030 1332 4396 1333
2101 5742 7085 7030 7077 7842 5237
2102 5742 7085 7030 3100 4839
2103 1672 887 1655 1020 1207 1346 705
2104 5742 7085 7030 4494 1452
2105 5742 7085 8161 7030 7131 7922
2106 7085 4342 7030 4944 5111 6273 7362 1813
2107 5759 5742 7085 7030 3204
2108 7024 5742 7085 7030 6621 6623 6622 4174
2109 4910 7085 6577 6179 1083
2110 7086 5742 7085 7030 3531 2697 6207 7947 2695
2111 5742 7085 7030 8147 3089
2112 2084 8058 5742 7085 4918
2113 149 5742 7085 1700 7030
2114 3202 3036 3225 3247 3058 3114 3125 3236 3169 3213 3191
2115 887 1674 1656 1673 621
2116 7085 7269 1910 7770 6479 6498
2117 5742 7085 7030 4812 4582
2118 1464 6489 5742 7085 6484
2119 5742 7085 7030 4812 4582
2120 5742 7085 564 4591 3890 3469
2121 1880 8229 138 2516 3836
2122 3814 2474 2473 2824 5327
2123 7464 7954 2763 5794 3394 6846
2124 7464 7326 3111 7431 7472
2125 7464 4735 296 3079 4727 4679 6789
2126 887 1092 544 469 213
2127 7464 298 7565 1330 5745
2128 3057 6746 5161 5172 4832
2129 7343 8030 4259 3033 3721 4472 2668 8029 2089 249
2130 4386 5976 4393 6289 4266
2131 2312 7163 3347 526 6289
2132 2680 8031 6179 3513 6379 1079 2756 2757 1294 2755
2133 1343 8182 1613 3199 690
2134 1343 1560 4580 5893 6197 981 1152 1373
2135 1343 3201 7475 4303 1345 260
2136 4546 1343 3298 7925 7969 5534 5745 550 7497
2137 887 1675 1677 1678 1676
2138 2739 2684 1343 3297 4330 6915
2139 7825 1295 1343 1307 5455 4878 1220 1736 4294
2140 1343 2705 4053 6923 1952 6857
2141 4019 8153 3937 1343 7670 1520 5917 6423
2142 1343 4944 4105 1512 1220 5542
2143 1343 4904 279 605 3668 6324 1739 6597 6406
2144 7106 6886 1343 526 3346 5893
2145 1343 3498 3528 7476 3728 6452 6972 3851
2146 4901 1343 1809 5913 7023
2147 4577 1343 6941 3820 1811 4304 4343 7475 571
2148 887 1627 288 1680 1679
2149 7327 1343 2722 2719 7600 1905 7475 4303
2150 7105 7106 1343 6886 3053 5512 6197 6700
2151 1753 6783 1343 7475 4303 6292
2152 7105 7106 1343 7326 5121 7325 7259
2153 6157 2480 6891 6780 3678
2154 4600 745 5446 7335 6155 741 6669 1378 6157 7446 2468 6891 6557 738
2155 264 6956 584 1378 8138 6157 6948
2156 1378 6157 5805 4601 6173 6931 1420
2157 6157 4204 1406 4164 5492 6046
2158 2966 1378 6157 1228 1703 6971
2159 887 1683 1682 1684 1685 3335
2160 7005 3928 6157 6691 1405 4193 1373
2161 6662 4406 6157 4345 260
2162 6027 5446 2474 6157 2473
2163 7002 741 6669 1378 6157
2164 1378 6157 1513 568 6989
2165 1378 856 6157 7224 7446 2488
2166 3216 4610 6975 6531 4505
2167 3216 1193 1628 618 1194 469 6982 277
2168 3216 5035 6414 6709 5575
2169 3216 1329 1397 1438 588
2170 1688 1687 1686 888 1689
2171 3216 3108 2961 5323 6341 2363
2172 3216 1610 2999 567 1357
2173 3216 1479 8299 5821 4561 1419
2174 3216 6331 3877 5496 5890 1493
2175 3216 7825 3831 5582 6874
2176 3435 3216 1461 7426 6789
2177 3216 4009 7082 2752 5866 1301 3445
2178 3216 1800 1576 4563 5990
2179 1004 927 1548 1242 954 1009
2180 928 1004 927 1135 1242
2181 8121 888 1691 1693 1690
2182 1117 927 653 1242 1099 1121 899 3257
2183 927 1065 1834 1435 1084
2184 1133 927 974 4958 968 1054 1023 308
2185 927 1060 1005 904 1023 970 1057
2186 927 653 897 1110 899 917 1051 1498 6041 1041 901
2187 923 927 897 1256 1011
2188 1004 927 1253 1255 7248
2189 927 1384 1253 1550 87 1109 918
2190 927 1110 1200 1074 1048 1082 1188 1498 1073
2191 1013 927 1135 774 1188
2192 347 888 350 1694 1277 1695
2193 1068 927 1049 83 1053 1357
2194 927 945 918 898 1046 412
2195 1017 941 927 902 1071
2196 927 909 968 1249 1498 972 901
2197 1017 1030 927 1324 1834
2198 89 927 1165 913 1038 962
2199 1004 927 915 945 78
2200 5041 4132 2056 7642 2256
2201 3301 1613 2256 1194 690
2202 6509 4306 3373 5741 4210 2055 5699 2256 1473 1678 4747 6742
2203 1479 1697 888 1700 1699 1698 1701 1696 341
2204 3304 2256 6659 4151 5301 249 3286 4988
2205 5907 7707 3429 3087 5352 5167 6639 4444 2256
2206 3215 7163 6851 5384 2256 4629
2207 7724 4618 3490 5866 2256
2208 4588 6509 6691 6999 2256
2209 1222 2364 1996 6961 2256
2210 4600 1329 1457 508 2966 4537 2236 3008 2256 1387 3377
2211 3196 3452 3444 2256 3455
2212 7105 7106 6879 2948 3902 5893 7115 2256 1108 4732 7478
2213 7063 3877 2233 6977 5223 6179 3279 253 5715 6982
2214 888 1705 1706 1707 1702 4725 1704 1708
2215 5806 4941 253 434 2510
2216 3865 1070 3277 1236 645 548 253
2217 1716 1787 7022 5793 253 6468
2218 4478 355 430 5962 253
2219 253 4200 4173 3384 5786
2220 4153 5274 8032 7830 5154
2221 3356 2533 2586 5154 5837
2222 5314 1552 5338 6732 5959 5154
2223 5781 5625 3807 5603 5614
2224 1344 4786 6875 5595 5116
2225 8145 8212 8123 8190 8201 8134 8156 8178 8167
2226 3036 3047 3102 3080 3247 3258 3269 3158 3091 3213
2227 1174 1095 994 916 888 917 955 1074 905
2228 1064 1055 1727 1215 1201 5116
2229 916 2833 2244 4616 5116
2230 916 2953 6161 4164 5116
2231 4712 1360 4568 6488 5240 4838 3445 5116
2232 264 1469 3298 584 6417 2230 5976 583 6650 5116
2233 265 1116 6505 8143 1766 1406 4616 5116
2234 1329 520 5221 521 5116
2235 505 7094 5567 4193 5566 5116
2236 5801 7881 2761 7722 5116
2237 3484 3630 4510 7886 5405 3485
2238 1174 888 1104 1098 1000
2239 7886 6589 3513 4601 574 3478
2240 4495 7886 4678 320 1732
2241 1471 740 1433 6173 263
2242 1472 2477 6176 6173 6046
2243 2471 746 6173 6156 784
2244 3610 2691 6173 6487 5518 6994 6990 5433
2245 5891 7335 6669 746 6174 6173 784
2246 510 2485 3664 2770 4480
2247 518 2485 1141 5251 2973 5137 1695
2248 7017 1902 2488 2468 3726 6176 2485
2249 926 1145 888 915 1019 1147 1040 1041
2250 6176 2485 6165 5669 3933
2251 6669 2487 856 7224 7446 6171 6891 2485 6780 857
2252 6960 6171 2214 521 6468
2253 6955 6171 6113 4430 2478
2254 1569 3396 6171 263 3384
2255 4172 611 6171 2214 6364
2256 4322 6171 2610 696 2089
2257 6367 3387 6171 6557 3174
2258 1462 4375 7718 6928 7681 7529
2259 3184 1888 1509 6313 8168 5820 608 3996 1676
2260 1223 1191 1081 916 888 1710 959 968 1709 1187 1098 308 1040
2261 6405 34 6530 311 3257 811 5820 817
2262 8122 631 1897 7588 2699 5820 3860 1077 4238 6853
2263 1331 4469 5820 2598 2059 3979
2264 421 5753 5728 5820 4718
2265 1795 1643 7188 2212 6971
2266 4026 3099 4383 7919 4715 2212
2267 6532 3493 2678 2212 1463
2268 6335 783 6175 2212 563
2269 1795 1441 3506 3277 2212 5882
2270 2767 7132 6956 1849 6952 2212
2271 888 1711 1178 1116 1550 1109 8143
2272 6155 7446 7557 3976 6174
2273 1753 4501 6967 6782 4206 5901 7004 6526 7261
2274 3242 5408 1678 3497 7261
2275 3402 3345 1432 6768 5383
2276 3134 5343 4622 4265 4120
2277 6168 1848 2262 6007 4016
2278 1234 1235 1619 5028 4972 2262 1154 8144
2279 5872 4338 4339 2262 4199
2280 1521 3465 1260 7012 2262
2281 5155 4823 6460 4276 3907 1555
2282 1117 653 888 1049 1050 909 918 898 1071 2158
2283 4823 8036 6656 6655 2997
2284 5722 4556 5741 8164 7463 1450 1817
2285 208 3971 6587 1477 3809 1767 1439 4771 5787
2286 1617 5787 1618 1865 2751
2287 3037 4537 5407 5787 1520
2288 1879 1710 5787 1582 6412 312 1604 3256
2289 3303 6918 1350 1794 2157 5787 2689 4621
2290 5171 5787 5589 6940 3395
2291 6295 4586 3942 3883 3259 5787 3818
2292 1538 1791 4196 5787 1906
2293 888 1042 1434 1713 1715 1712
2294 2232 6201 3150 5787 6940 4484
2295 1376 1384 4214 5787 1906 6041
2296 296 6532 6234 5188 3161 1396 3232 1828 2261
2297 3260 1699 6234 2203 1142 1861 2272
2298 1004 6726 6382 3197 1021
2299 5007 3149 5168 544 5060 63 6464 4650
2300 47 63 3308 1053 4486
2301 1395 63 5048 5589 4676
2302 4596 1458 3665 1553 63
2303 4526 6284 2589 6954 4506 5123 7986
2304 1716 888 1042 976 411 1196
2305 6320 2275 1487 437 6896
2306 5949 8033 1487 3640 704
2307 5718 1487 5410 7299 2884
2308 8033 7082 1487 7151 4757 2552
2309 8133 2086 8006 3084 7988
2310 8006 3338 4144 600 2551
2311 4223 5471 5855 56 5470
2312 4223 2610 6561 7636 4293
2313 3271 611 1360 4223 3084 2610 3948 7685
2314 4223 7910 5111 2296 7062 6273 3533 7811 491 3874
2315 1548 888 1434 1498 1715 981
2316 5337 6732 5959 3290 4834
2317 257 7908 7998 3289 5337
2318 1471 521 663 1450 4601 2766 697 4161 4164 7604
2319 2742 2743 2657 663 2565
2320 2404 2666 6697 7833 4221 2884
2321 1430 1428 4106 7448 1817
2322 1643 1430 1428 6676 1128 3304 3882 2596
2323 4468 3386 1430 1428 2707 1664 5781
2324 1430 1428 6548 8034 7639 1751
2325 1430 1428 2749 4373 1454 1453
2326 922 916 888 1717 976 1138
2327 2084 1457 1430 1428 1739
2328 7127 1430 1428 7146 3350 3230
2329 1430 6184 1428 1749 7288
2330 1430 1428 4206 5585 1301
2331 5512 1430 1428 7112 4716
2332 1430 1428 3418 6352 8146
2333 4265 1082 6488 938 1057 1010 6013
2334 1643 679 4229 1375 4622 4265 1387
2335 1475 4265 1468 6595 6183 5786
2336 783 2477 4265 1322 5327
2337 3069 3202 3291 3036 3047 3324 3280 3102 3247 3058 3125 3136 3180 3025 3313 3269 3236 3302
2338 1719 888 1718 1215 1720
2339 3727 4265 1109 1011 1053
2340 4229 6197 4265 232 1484
2341 5243 606 2299 7925 1096 5321 6564 7835 1841
2342 5948 5243 5171 4702 7129 5846 3594 5984 5245 1473 6915 3890
2343 7064 5243 4096 6978 4848 7738
2344 1764 5243 293 5246 5245
2345 4672 5243 1998 1906 7342
2346 5243 6419 1700 1998 1871 8035 1881
2347 5243 5738 6508 5246 5245 557
2348 5948 5243 5949 5246 5245 5205
2349 1254 888 1434 1196 972 1713 1715 1046 981
2350 4172 1552 6574 5016 4617 5952 657 4393 2944
2351 3652 1501 6987 3400 2834 3398 990
2352 1193 1628 1585 2834 1194
2353 3904 6588 2834 1766 616
2354 544 5856 6309 4613 7307 2834
2355 1535 2690 6843 2834 6400 6844 3461 6700
2356 507 3971 1826 563 3616 2834 4480 3060
2357 5481 1619 8181 1243 2834 4519
2358 1491 1490 5569 2738 3518 2834 5527 5863
2359 7691 1136 1894 3928 4586 1405 3502 2744 3818 2834 8135
2360 888 895 1032 910 889 411 1207
2361 2995 2834 4539 4263 4192
2362 3149 6743 1820 2834 6554
2363 2595 4586 2834 2150 2770 2771
2364 1491 2901 1490 4517 1596 5569 1593 1848 3234 5571
2365 6407 3916 1787 1800 4026 1788 3108 7081 3153 5589 1848 2594 6616
2366 3487 8138 4508 708 1848 5017 5395
2367 3977 1848 3345 3300 4157
2368 1366 3039 5804 5802 6699 572 4601 6974 3244
2369 3916 1512 4393 1220 6974 8135
2370 1043 1834 6699 572 6974
2371 1095 888 1717 1721 1722 1073
2372 5805 1834 5802 6699 6931 6974 7865 7016 7162
2373 5428 572 1806 6931 6974 7947
2374 3502 1806 4601 6974 3244 4616
2375 1371 5804 5805 5802 6974
2376 3487 5804 1510 5802 6974
2377 4574 6619 6699 6620 6974 574
2378 3434 1369 5805 427 572 4601 4273 6974
2379 1260 4601 6931 989 6974
2380 4375 3820 4198 4759 8158 5924
2381 8131 5924 4864 4863 4865
2382 1211 888 1048 966 1040
2383 7312 1829 7820 6216 8037
2384 6576 7312 5481 3281 42
2385 347 1691 2146 5251 690 5762
2386 5894 5720 1379 3153 690 4729
2387 6685 5004 1433 8038 8039
2388 4615 1228 274 632 1551 2885 3477
2389 4390 3883 1088 4264 3907
2390 4390 3108 2729 61 1318
2391 4577 4390 5822 1396 61 6659 5189 571
2392 2945 4390 1376 1594 3465
2393 1013 941 897 8036 952 888 1048 966 940 972 1713 1057
2394 4390 5895 1347 1578 2134 1611
2395 4390 5474 3507 1274 4366 2272 3246
2396 5159 4215 2238 5410 4788
2397 5060 4686 3046 4855 673
2398 4279 7465 3201 4871 7090 673
2399 2912 7028 3433 7631 3212
2400 5739 7028 4397 2428 4759 1745 7427 5542
2401 1308 1744 6418 7028 3896 4878
2402 5408 6574 7028 6516 1260 285 6931 284 3839 2253
2403 3956 298 7028 1811 5362
2404 1004 888 1535 974 1163 244
2405 1488 7625 3724 5188 3177 1396 5189
2406 1488 3182 3205 7746 7321 5886 3882
2407 6737 7339 6688 4832 3634 5786 4159
2408 6737 4599 1458 4604 1460 4189
2409 6642 1223 4019 4546 6581 3506 4586 1307 1834 1542 1526 4214 52 1530 1437 5409 1512 3938 4576 6993
2410 8040 4586 4594 1791 1345 3672
2411 2981 4586 7159 5231 5391
2412 4586 2230 1190 5800 4576 1187
2413 4586 6575 7875 4557 6495
2414 6528 1324 1443 4586 3845 2460 2156 8143 1272
2415 1034 1068 1112 8036 1070 916 888 907 516 968 1116 898 8143 1046 1053 1084 1561
2416 6420 5889 545 3924 5171 4586 1190 5800
2417 3937 4618 4586 1513 1512 6904
2418 4586 1613 1524 1571 1272
2419 310 5478 7005 2242 6886 1911 4586 3595 2970 6937
2420 6407 4586 6849 4155 3707 6534 6204 1791 2961 5589 6840 6341 1220 4839
2421 4580 4586 6575 1613 7160
2422 1762 4586 3929 5000 7332 2687 3631 6840 7713
2423 3865 1697 4586 43 1178
2424 2685 4586 3929 2704 1704 1499
2425 5744 4586 1494 4393 2944
2426 916 888 1723 1024 1724 1284
2427 8153 6295 4586 496 6250 1513
2428 6685 4178 4897 1510 3205 5802 3246 7834
2429 6685 2998 47 5408 8165
2430 7565 8047 5000 5023 6751 4344
2431 657 3195 5716 7068 620
2432 3638 7465 289 1534 657 3684
2433 4279 5474 3993 7090 657 3859 2716
2434 4859 2405 5793 6656 657 1572 7157
2435 2471 2837 5299 2475 657 2085 2478
2436 8161 4578 4178 4612 657 7317 5433
2437 1068 8036 888 1550 1109 8143
2438 3496 657 3497 1302 5492
2439 7022 657 1147 1247 3913 1039 6990
2440 657 1422 2295 7527 4199 4753
2441 1369 2966 5952 1415 4857 3515 6815
2442 1395 3506 2948 5952 1528
2443 5952 3938 1896 1362 3664
2444 3272 3383 5952 2475 8158 4864 4863 4865
2445 4479 6577 5952 1852 2729 2733
2446 5130 4375 4919 5078 2297 2245 2944 4277
2447 5234 6886 3894 1462 2837 6574 6575 3347 6001 1454 6292 2944 6476 5117
2448 3069 3202 3291 3036 3047 3324 3280 3102 3247 3125 3136 3258 3180 3025 3313 3269 3236 3302 3091
2449 922 916 888 967 898 1011
2450 1307 4393 1315 6923 2944
2451 1746 4397 630 2428 7969 5409 5990 1745 6917 2944 1272
2452 7969 8171 6923 2944 1499
2453 4019 6294 2998 1167 564 3221 2999 1526 5822 5244 1512 3457 4591 4393 4671 5990 1220 2944 3890
2454 3510 3507 6589 4393 2944
2455 6365 708 2833 2944 5518 6994 277
2456 4408 3485 6493 7769 3486 2944
2457 4281 474 5375 2135 452 5322 2787 1289 2944
2458 5948 6599 1535 2838 4393 5205 2944
2459 6617 3149 7127 3724 2944
2460 1068 888 1116 8143 1152
2461 4396 4177 2247 2944 5107
2462 2998 3149 582 222 5368 1397 2838 2999 3884 1791 4631 5244 5096 4585 2944
2463 5912 5283 4393 7164 2944
2464 1350 1368 3505 4393 2944
2465 1136 1308 3954 1542 3955 1512 2744 4393 3997 2944
2466 2722 2719 1513 4393 2944
2467 4776 5320 5352 5094 2944
2468 7129 4007 4393 5689 6920
2469 3866 1329 4588 1521 4393 6244
2470 6420 3937 4393 5589 4024
2471 916 888 1384 968 1249 1040
2472 3916 4574 3218 3195 4214 1755 4393 3217 4500 4499 5527 7495 7541
2473 4755 7008 4737 4393 3520 6241
2474 3870 4394 5165 4393 7051
2475 1190 2704 4393 6915 6993
2476 609 7776 4393 1451 7603
2477 6335 1513 4762 2713 4393 1709 3462
2478 6986 3928 3909 1521 1834 4393 4607 2252 1952 7472
2479 3303 6986 3942 1504 4393
2480 3909 5712 632 4393 6839 4921
2481 4831 3593 2241 7906 5821 4393
2482 888 917 1074 1727 909 968 1726 1255 1073
2483 1258 6284 2240 4831 2241 6954 2294 4393
2484 1716 3297 3929 5800 4393 3911
2485 5016 4816 1374 6587 6201 1140 1365 1561
2486 4684 5016 5050 4671 5027
2487 1787 4103 5264 5016 6509 4474 6724
2488 6600 5016 4321 7173 3862
2489 5016 1271 5700 4264 710
2490 1583 1584 4404 5016 3610
2491 4279 6611 6574 7867 2506 7712 4304
2492 4227 6574 6575 7108 1594 7431
2493 1068 916 888 774 1056 1048 910 1728 1178 898 1435 1040
2494 6574 3921 3320 622 304
2495 6381 6574 3245 5822 3440
2496 1508 7825 6574 2506 6575 7286 524 4011 1357
2497 4279 6581 6574 6575 7090 7073 1530 1408
2498 5586 149 7067 6528 6574 6575 442 3610 4568 3204 7781 1910 2135 8162 1455 3051 4616
2499 7776 1787 1785 6574 6575 6920 3469 6468
2500 6574 6575 4813 3093 2829 2827
2501 6918 564 6574 6575 7188 3890 6815
2502 216 1795 5403 6574 6575 5428 1473
2503 3242 6574 3820 5093 52 5096
2504 6858 916 888 1055 1048 909 968 1098 1082
2505 5153 4096 6574 6575 2486 7940 238
2506 3149 1344 6574 6575 7073 1804 1460 1190
2507 6574 6575 6688 3083 1456 6989 3684 152 153 1387 7329 3716
2508 3303 6918 6574 4155 3707 5985 2689 7568 6701 4630
2509 6922 6574 7565 6615 5305 1790
2510 7086 6574 1505 6189 2406 6520 6616
2511 6279 6574 2745 7737 7133
2512 4574 4279 2679 6574 7077 6575 7090
2513 6574 4702 5368 4588 1456 5321 6999 4707
2514 6419 6574 1740 7081 6620
2515 888 1738 1730 1733 1737 1735 1731 1734 1729 1732
2516 6574 5051 601 2548 602
2517 7789 5784 6574 2867 4663 5051 7679 233 699 5796
2518 1508 6574 6575 4944 4105 7601
2519 1441 942 6574 3886 6907 7076 3267
2520 7055 2084 6567 6574 6575 5231 7115
2521 6574 3887 1744 7950 7529 7834
2522 6574 6575 7910 7738 7462 6612 4739 6719
2523 4172 5019 1852 2771 6647
2524 4545 4172 4757 3012 3662 6905
2525 6528 395 4172 671 3230 4718
2526 8173 888 942 945 1498 1046
2527 5894 4172 1074 6874 3244 3862
2528 5910 1443 4172 8215 456
2529 5784 4172 2236 697 5457
2530 4172 4162 7439 5587 4616
2531 149 4172 3396 1507 1416
2532 4172 3610 520 4162 1450 4163 2735 697
2533 1753 4172 3729 5568 1740 4483 1450 2735 697 1766 263 6568 4616
2534 264 1469 4172 5739 1515 5738 583
2535 4172 6161 4162 1766 4190 4616
2536 1753 4172 4489 7159 2735 4165 263 4190 44
2537 1741 1743 888 1744 1740 1739 1742 8146
2538 4172 4550 4162 4206 1450 2735
2539 4172 3729 2735 2709 4165 4190
2540 7698 4172 5795 4900 7229 3480
2541 7540 6992 8047 7249 1412 6341 4011 5766
2542 4153 1519 7986 4151 5826
2543 4598 6950 4300 5525 4167
2544 7339 4170 2157 4167 2612
2545 4227 7825 3248 4167 4159
2546 5172 4552 4557 146 4167
2547 4207 518 7451 7112 4186 4167 6979
2548 916 888 645 1746 4958 1187 308 1745
2549 4227 589 4552 5855 6427 5470 1451 6565 4167
2550 7833 2610 7917 4167 4865
2551 5173 6684 146 4167 6638
2552 4529 1128 4607 5415 7156 5701 5797
2553 5222 5881 6201 350 3849 1355 1128 3850 3890
2554 3978 334 586 8299 1683 1477 2965 1439 1128 1612 1410
2555 2978 4912 3938 1128 5588
2556 279 4518 7907 4197 3495
2557 279 5721 2697 5294 1671
2558 279 6437 4124 4500 6315
2559 3069 3291 3036 3324 3280 3225 3102 3058
2560 8127 916 888 1018 1101
2561 279 3628 6967 3389 1450 357 3065 1817
2562 5168 5038 5778 279 6544 3968 1742 3616
2563 279 6978 7160 4217 3099 236 6266 4107 2075
2564 279 4207 516 626 4117
2565 1868 5464 6333 5463 1495
2566 5434 3821 3457 7566 6566 3469 5463 5577
2567 3245 8177 2271 5464 5463
2568 3431 4328 2657 5463 3495
2569 2679 2680 4179 5464 5463
2570 6375 3708 5464 5463 2596
2571 653 1254 1028 888 1049 1212 402 1196 1213 1748
2572 6235 8114 5207 5464 5463
2573 8041 5939 6266 4799 7680
2574 1642 4409 4761 6321 1406
2575 3281 4472 5877 2538 3310
2576 4842 4757 5630 3310 4152
2577 47 1366 1431 3308 42
2578 5067 298 1967 1096 4959 42
2579 7179 8102 7547 4752 3660 4726 5083 8144
2580 3009 6882 4181 6562 5083
2581 6718 4667 563 4507 5083
2582 1117 1031 916 888 1056 1723 1255 1122 1057 1010 948
2583 4721 1664 4760 2598 5083 5124 5109
2584 4755 4103 5361 3079 7549 7612 7146 5056 3222 4753 5083
2585 3260 3586 4737 7489 5083
2586 6608 4884 4507 5083 4731
2587 7179 7594 2952 5083 4357
2588 4672 8091 4678 4720 5083
2589 7664 5087 4668 7333 5083
2590 4744 4495 8170 7842 5237 2842 4321 5083
2591 7637 4373 4497 4507 5083
2592 3820 1375 4228 3859 460
2593 1034 86 1070 946 888 968 1178 1116 1196 1109 8143 1084
2594 7585 288 222 4615 274 5221
2595 2355 3516 1616 1748 2136
2596 2666 8034 2565 4857 2136 4720
2597 8161 679 3197 1411 4556 6971 2136 707
2598 4607 7156 4228 2136 2538
2599 4416 5948 5355 5949 5094 5205 6572
2600 2352 5355 520 7137 3727 4345 5719 580 518
2601 5355 1722 3873 3689 3121 6077
2602 1950 5355 5755 1693 3854
2603 7127 4194 3883 5568 8215 2750 3908 1554 1601 2173 5516
2604 1750 1034 1072 916 888 1049 1749 1752 1751
2605 6868 3320 2750 1796 1545
2606 2209 1457 4194 1368 5215 7420 1739 2750 1326 8117 8119
2607 4194 6003 2750 1556 1629
2608 4194 2791 6558 1103 2750
2609 2804 6551 2750 3230 6506 6323 5322
2610 4194 2750 3400 3398 7478
2611 6741 5101 5035 5905 6709 2961 2750 4967 3476 4697 3965 5208 4835 6341 4739 6406 6010 6742 7203
2612 5400 4194 2750 458 6560
2613 5164 8186 5185 4918 3226 2750 4226 1533
2614 507 1863 4977 210 7837 4978
2615 1753 1034 916 888 1754 909 968
2616 6796 1031 2841 522 7377
2617 4205 6796 7339 6766 5630
2618 4602 6796 4099 4007 3440 4010 7835
2619 4909 1622 4410 3311 4152
2620 3643 6732 3399 3400 3241 3311 4152
2621 4360 5630 3354 3311 4367
2622 4949 4911 3352 4573 3876 5382
2623 4540 5653 6734 5656 8042 7889
2624 6932 3856 1707 5223 2293
2625 6932 4489 1849 1693 6582
2626 888 1162 1755 1215 1249 1163
2627 6932 2115 6649 6187 5755
2628 6932 6437 5981 3860 5005 6438
2629 3057 6722 4216 3288 4941 7680 6457
2630 3643 8042 3288 7293 5963 4855
2631 6457 435 6729 7742 3286
2632 5203 8033 4908 6457 5944
2633 1879 7971 1684 25 3502
2634 7971 4644 3944 5090 7441 5044 1410
2635 6343 4534 7971 7073 5119 5572
2636 691 2595 6610 7971 3350 3532 1593
2637 888 974 975 1249 1550
2638 7176 5352 5211 6908 6942 7634
2639 582 5893 6197 1571 6908 1288 5902 468 7027
2640 2686 274 3965 6908 3672 1495
2641 5845 7827 7079 4417 7958 696 6908 4177
2642 1701 2241 6908 151 277
2643 3411 5171 8150 1707 1740 6910 8154 7004 6908 8158 6826 6196 151 3458
2644 4352 4904 1505 6179 6908 4898
2645 6910 2970 6908 2738 3982
2646 6067 1710 7803 6908 4500 3839 3990
2647 7064 564 4786 3054 4706 3375 3373 5092 4591 6908 6342
2648 1756 916 888 1098 153
2649 2765 922 5171 3944 6908
2650 1465 1467 2686 6908 2738
2651 6450 1530 2369 5005 6638
2652 6450 3260 395 2987 6319 4008 3296
2653 4129 6450 4534 504 517
2654 1879 6450 288 1683 4955 1684 1693 3295
2655 5130 4771 1728 4772 7048 1373
2656 1540 5130 2607 2606 2609
2657 5130 1640 2606 2861 2605
2658 6884 3179 1549 3476 5223 2843 3466 7056 2734 4734 315 7942
2659 888 1713 1715 1712 1757
2660 7399 6688 4864 4863 4865
2661 7399 5764 4818 5275 1846
2662 2684 1234 5724 7787 7399 3490 3989
2663 8043 4426 5431 4157 457
2664 5299 4215 4170 3721 4157 457 3286
2665 4310 1627 3162 6749 4908 4494 6278 2538
2666 1257 5172 6967 7179 5567 5566 1531 4159 1105
2667 4127 3431 5721 7547 4159 5044
2668 2084 3639 3112 4665 1995 4159
2669 3521 5153 5172 1776 284 4159
2670 3202 3036 3047 3114 3125 3348 3258 3025 3213 3337
2671 916 888 917 971 1759 901 978
2672 4711 4737 4710 2764 588 7248 6861 4159
2673 2299 7044 6820 3446 5493 1452 2933 4179 3864 5459 4159
2674 5172 3066 2668 4221 4159
2675 2152 5172 2968 7858 4159 5577
2676 5173 3929 6684 146 4159
2677 4165 250 4159 4190 6374
2678 4322 5172 4170 6684 4159
2679 4128 428 5961 3121 7955 249
2680 2763 6645 6006 5961 4344
2681 7127 1324 3112 5862 4882 4486 3325
2682 149 1762 1764 1765 888 1761 1760 1763 1766
2683 3834 6848 4842 4882 4996
2684 8058 4510 5474 4882 6107 641
2685 3200 6324 539 4882 3513 2151 707 5457 4896
2686 1031 4550 7652 4882 4538 2151 8044 5290 5528 5457 315
2687 8058 4882 6135 8148 5297 4773
2688 4848 5721 2987 1454 1639
2689 1857 1233 1639 3867 7121
2690 1639 2613 6160 788 5554
2691 4602 2084 4711 589 4710 524
2692 4711 7257 4710 5098 5056 4749
2693 1771 888 565 1768 1767 568 1770
2694 5360 4495 4710 5033 4968 5465 6210 3962 2952
2695 7489 4710 4101 5082 8000 3415
2696 4279 4711 7090 504 6606 4710 293 517 7917
2697 4711 4710 3519 4648 2076
2698 4875 4687 4730 4710 7785
2699 4488 4710 7134 6107 7371
2700 4711 4710 4101 8021 7004 4718
2701 4711 2890 2889 4986 3660 8144
2702 4711 4645 7471 5239 4749 4111 7785
2703 4711 4741 4886 4740 4742 2355 3976 7578
2704 888 1577 1774 1773 939 1772
2705 3964 2759 7443 4711 4744 8091 8080 3232
2706 4743 4103 4711 5048 5054 4946
2707 5285 4527 6550 4853 6798
2708 3496 4527 1396 5189 5417
2709 43 2838 6417 5976 4740 3389 506
2710 8182 6995 4618 43 6907 5428 630 4024 2146 5970 7880
2711 476 5910 43 1393 1379 1394 6523 3321 698
2712 43 1515 4264 2710 7448
2713 4828 43 4829 1801 7947 1288 3212 686 2594 5454
2714 43 2953 3182 7963 3906 1154 686
2715 888 1738 1776 1735 1775 1772 1695
2716 4741 43 3097 2729 8116
2717 4618 43 4740 1405 621
2718 6532 8182 2966 43 3231
2719 6199 43 7803 7713 7702
2720 4126 43 4955 4740 3966
2721 8170 5167 5926 4635 4637
2722 5155 645 4763 4272 6041 3462
2723 334 1683 1433 2368 1611
2724 1433 1863 1089 1088 6916
2725 1587 1433 3496 467 2990 3497
2726 1777 1778 1032 1644 889 909 1249 940 8118
2727 1376 1576 2246 1433 6417 1863 4560 5373 5595 5987 6400 1634
2728 1433 1863 5568 5352 3227
2729 7077 1433 1863 4193 7488
2730 1433 1863 601 602 1561
2731 5378 5895 6590 1433 4955
2732 1433 4517 1596 1593 7342
2733 4271 6722 3281 8038 4473 704
2734 3643 45 8039 4655 7615
2735 6682 2945 5894 4550 3205 1315 4334
2736 4132 7020 4133 4764 4961
2737 1779 1361 889 1782 1783 1231 1273
2738 3303 6419 6509 7429 7020 3373
2739 3243 6645 7020 7639 4273
2740 1043 2354 86 1112 516 4229 1054 1011 4120 1057
2741 7062 4120 2074 4138 4921
2742 4171 4229 1640 4120 4915
2743 2837 7343 1377 3090 4366 1062 7782
2744 2595 5872 4338 4366 3708
2745 4398 4366 3645 6923 437 6677
2746 5998 1554 4366 6937 4757
2747 4271 4730 1142 4366 1833
2748 1167 994 1132 1165 917 956 930 889 968 295 1051 960
2749 4962 2190 6662 3596 2741 4366 7875
2750 209 5983 4366 6840 6400
2751 539 477 4366 478 4757
2752 1031 4510 4378 4366 4748
2753 3643 5852 5092 4366 2762
2754 5779 3977 2860 3067 3281 3516 2263 1412 3244 1561
2755 6444 3312 4231 3705 4201
2756 691 5164 7735 6313 4155 1245 6701
2757 691 6451 3277 2955 5404 7847 596
2758 5485 691 4352 7949 6201 1811
2759 1628 1787 1785 1786 1788 1784 889
2760 691 1509 3855 5023 7317 3433 2366
2761 691 4214 2687 6400 6520
2762 3149 7002 3511 691 5446
2763 691 556 6307 3259 7768 6985
2764 691 5031 4871 2964 1596 8120 1593 1870 5873
2765 691 7326 4303 7325 7051
2766 691 6335 856 2996 6459
2767 3827 7878 7714 3896 5982
2768 3498 7878 496 495 5096
2769 7878 6804 1783 2291 7636
2770 1173 1095 1171 911 1132 917 895 1111 910 1006 889 1104 1207 900 1249 1160
2771 7351 7878 1521 4106 4591 6915
2772 7064 1862 7878 3376 7828
2773 7878 7792 1140 7713 7702
2774 3916 4281 5795 7878 552 5405 1537 1318 6842 3874
2775 6294 7878 7129 4501 1804
2776 4546 1193 1560 2246 7878 6587 1767 3255 4004 7021 4593
2777 7878 8160 311 5981 6694 3168 7921
2778 1353 2152 7139 1801 6431
2779 3096 5056 7139 3428 3660
2780 6005 2961 7139 3417 6341 6406
2781 3202 3036 3280 3114 3313 3269 3158 3236 3302 3359 3091 3169 2969 3370 3381
2782 1168 916 917 889 1187
2783 2867 6414 7087 7139 5575
2784 1643 7139 4011 5863 5454
2785 6172 5735 7139 7603 7427 7301
2786 3085 5682 3098 3099 5712 7139 5901 2760
2787 5262 2653 1731 1773 7165
2788 2972 1763 1731 5760 6138
2789 2971 5262 2972 1731 2327
2790 2057 7083 1719 7315 4097 6189 3238 1141 1731 1531 5099
2791 565 1733 568 7164 1731
2792 6934 5729 1951 1731 5760
2793 89 999 1171 1052 993 1035 889 771 1249 982
2794 577 7315 1733 1772 1216
2795 1271 5700 8148 1772 6902
2796 6918 3097 1767 2689 1951 1772
2797 7252 5925 6843 6844 1772
2798 1951 6410 4747 1772 5627
2799 565 1767 1709 1772 3931
2800 1733 6558 1577 1951 1772 5761
2801 3944 5732 6454 1772 1695
2802 1722 5737 5925 1772 3393
2803 3924 2137 1577 5729 1773 641
2804 1174 994 1038 1035 889
2805 5378 1798 1684 7804 1732
2806 7127 3260 1738 1360 5801 3204 3066 1494 3443 1758 4862 7578 1732
2807 3506 1316 3259 3163 1828 3462 1732
2808 6687 6686 1494 7156 6565 1732
2809 1218 1827 311 464 1732
2810 1310 5564 7680 3433 3345 1312
2811 611 1310 1312 7917 4883
2812 7017 2983 3442 1384 5848 1310 1312
2813 1193 1234 8161 1310 4621 1312 1194
2814 2741 2729 2189 1310 6744 1312 6844 1451 978 6241
2815 1174 1186 1070 1183 915 1165 917 913 895 1169 907 1056 1035 889 1249 868 1175 912
2816 1565 1397 1089 3259 1088 6660 5699 1310 1312 1288 1386 3893
2817 2705 8185 7081 1311 1310 619 1312 6857
2818 3301 2948 1310 6560 7577
2819 1132 1212 2948 1311 1310
2820 4912 3502 1310 1312 3497 1651
2821 7612 4955 4956 1310 1312
2822 3530 7132 505 1475 1310 1468 3497
2823 1044 1311 1310 1315 1312 1412
2824 4550 2761 3352 1310 1312 3996
2825 1238 6127 1667 1311 1310 1312 3926 4708
2826 6858 6803 1200 1081 955 889
2827 2719 3711 2246 3909 1442 4145 630 2156 1310 3818 6410 1808 788
2828 2998 1371 1594 1310 1312 1890 1373
2829 7067 2684 3297 7470 1442 1307 1889 3989 1311 1317 3848 1310 1315 3818 1312 6915 1220 1408 1328 1298
2830 1698 4980 1078 1311 1310 1312
2831 1311 4563 1310 1312 8129
2832 1395 1397 1311 1310 5890
2833 1397 1345 1310 1312 8135
2834 2946 3259 6344 1311 1310 1312 6376 8045
2835 4578 1311 6197 2360 1310 4671 1877
2836 1310 1589 6412 1312 1440
2837 1167 1132 913 956 889 1160
2838 2912 1311 3279 1310 4984 1312 7548
2839 6421 482 1311 2961 4631 4591 4593 1312 6341 3890
2840 47 5173 7159 5231 4955 4956 1311 3966 3308 1312 1419
2841 2981 1753 5686 1044 1311 4517 1596 2982 1195 693 1736 3212
2842 5894 1167 2722 1911 3146 3942 5398 1311 3532 7858 7164 1312 1736
2843 6420 1894 1395 1208 4618 6519 1311 4105 5589 4571 5890 5094 1952 5690 6677 6842
2844 1374 6318 1311 1312 550
2845 1081 2246 1397 1311 5800 1312 6409 1216
2846 4580 3929 1311 1312 3443
2847 1311 1312 6882 5518 6994
2848 1173 1174 1167 1200 915 913 1350 956 889 968 1789 1147 1790 1175
2849 1464 2935 6867 1593 766
2850 5865 7803 1596 1593 3893
2851 4517 1596 4977 1593 4978
2852 7473 8152 4517 1596 3279 1593 2700 7481
2853 6451 2849 7735 4517 1596 7768 1593 2544
2854 1753 2352 6960 2236 2214 1593 7157 1751 2353 4164
2855 3479 6508 4517 1596 1593
2856 976 7876 1304 1593 8046
2857 1795 6995 3899 5413 1596 1593 8129
2858 7503 5368 6874 6598 1593
2859 1184 1171 1110 911 1183 1156 1038 895 1169 907 998 957 993 402 910 1035 1086 5258 889 968 1162 1051 1131 1561 912 1152
2860 2902 2724 5737 553 1593
2861 3505 1746 2428 1593 1745 1280 5690
2862 5188 1596 1399 1396 1593 2188 5189
2863 1133 1800 4517 5244 1593 273 6124
2864 4517 1596 1593 5230 2700 1484 2723
2865 1465 4631 1596 1593 616
2866 6511 1258 8182 7073 2961 1593 694 693 6520
2867 6667 6589 1596 6998 1593 7325
2868 1753 6503 1078 4517 1596 5904 1593 1388
2869 7064 8048 4517 1596 1593 1533
2870 1133 1168 1167 915 895 956 957 1055 1111 1035 930 889 968 1178 894 1187 1196 1160 905 912
2871 8159 4534 5051 6983 4517 1596 4107 1593
2872 1785 1888 4106 1452 1593 6487
2873 2956 1596 1426 8148 1593
2874 4555 4517 1596 3896 1593
2875 7153 2902 1888 6912 1593
2876 6511 4785 4517 1593 3538
2877 5568 4517 3908 1596 1593
2878 3529 6466 3210 1593 2138
2879 1353 1361 1208 3262 1534 1233 3664
2880 1353 3464 6922 5035 5173 3439 7137 5289 1089 1088 1358 9 3230 1572 8120 1404 7497 3256 5776
2881 1200 1183 1132 957 974 1111 889 975 1791 1147 1187 1082 1550 905 1073 1175
2882 1353 3369 6515 4881 6507
2883 1353 5095 5049 7999 7787 2889
2884 1353 1234 1862 1826 7543
2885 1353 3909 1866 2428 4210 5984 1745 3395 5052
2886 1353 6489 6619 3097 6620 5886
2887 1353 1509 6129 4697 4835 6341
2888 1354 3464 1218 1778 5857 1587 1208 1899 5749 1820
2889 1354 5900 3219 7724 3146 1087 1088 3950 1073 3524 3523 2992
2890 1354 5350 4985 2890 5101 4986 5028 4972 4966 318 4668 3944 5090 5027 7441 5055
2891 1354 507 1393 1394 4751
2892 3392 3036 3324 3280 3080 3247 3058 3114 3136 3313 3269 3359 3091 3014 3169
2893 1173 1184 1167 913 1038 889
2894 1354 5865 910 3391 7051
2895 1354 3956 5222 5900 3151 2701 3944 6526 1561
2896 1354 1778 3993 5122 312 3256
2897 1354 2983 5379 1087 1089
2898 1354 5586 6517 5866 8215
2899 1354 7127 6937 1694 1828
2900 767 6382 4816 1791 4818 3708 5728
2901 1719 5262 5760 6441 7165 1695
2902 1141 5251 7140 5760 5762 1601
2903 5452 2971 8049 5760 6441
2904 1133 949 1072 893 889 1556
2905 6032 1135 2124 2316 5262 7859 56 340 6513 4293 5612
2906 6642 5262 1061 1388 6244
2907 4548 2739 5950 6419 5262 2972
2908 1095 913 1104 1177 905
2909 1171 1110 994 1052 1177 1152
2910 1200 1165 1177 940 1051
2911 1165 917 1038 1055 1104 1177 1082 1201 1175
2912 1133 1174 1168 911 1200 1104 1177 912
2913 941 1004 1242 1200 1177 1188 1435
2914 1133 1180 1186 1038 1032 1177
2915 1795 1793 889 1794 1037
2916 1133 908 1184 1110 1035 1054 1177 905
2917 923 1171 1052 1185 1177
2918 8127 1034 946 4195 1146 1177
2919 653 1177 918 3433 1071
2920 1186 1200 915 913 997 907 1177 3233
2921 1200 1165 909 1198 1162 1177 1147 1046
2922 1147 1178 1177 944 905 912
2923 1183 1165 1032 957 1177 905
2924 1184 1132 913 1035 1177 4973
2925 89 1070 1038 1177 1160
2926 1186 997 930 889 1104 1215 1163 1187
2927 994 1186 1200 1111 909 1177
2928 1200 1177 1051 1556 901
2929 1168 907 1074 909 1498
2930 1174 907 82 1146 4903
2931 1180 1168 1183 1165 907 957 1012
2932 1168 907 1074 1103 968 1039 1160 1000 1759
2933 1168 907 1032 1249 1039
2934 1168 1068 86 8036 907 957 909 1054 1201
2935 1168 1167 1242 1186 1183 1132 907 959 910
2936 1223 1180 908 1186 907 1035
2937 1184 928 1167 994 1200 913 997 907 930 889 1147 940 960 1175
2938 1168 1200 917 907 1032 1249 1160
2939 1168 907 1054 1215 1249 1160 1201
2940 917 907 7625 3120 1247 2085
2941 916 907 909 1054 918 1498 979
2942 1200 915 942 907 774 1111 1188
2943 1112 907 1905 1039 1759
2944 1168 1254 907 1032 1104 1247 1073
2945 1145 1222 907 1305 1039 1041
2946 1070 5726 1187 1160 6970 8046 1748
2947 1174 994 911 1070 1200 1183 1132 1165 997 924
2948 961 1153 889 1796 1645 1545
2949 1070 3506 261 3820 1245 6183
2950 1070 411 943 1109 1022
2951 1016 1112 1171 8036 1070 1052 1061 940 1109 1118 1040 1000
2952 1034 1068 1070 1516 1146
2953 1030 928 1070 954 920 940
2954 1110 1070 1044 85 937 1061 1252 1188
2955 1184 994 1070 917 1032 957 951 1073
2956 1070 915 1132 913 968 1187
2957 1173 911 1070 1183 905
2958 1068 8036 1070 940 960
2959 1798 889 1797 951 656
2960 1165 1185 900 1051 905 6378
2961 1168 1162 900 1178 1249
2962 1860 1099 900 1040 659 1000 1041
2963 85 1215 900 1082 1435 905 1175
2964 915 920 4918 900 1252 1131
2965 920 1215 900 918 1071
2966 1168 1167 1111 900 940
2967 1173 1168 1171 4702 910 1035 909 1073 1131
2968 217 1168 1052 915 2982 1187 1051 1040
2969 1168 1068 916 4535 1111 1048 1215 1178 4283
2970 1805 1800 1539 1804 889 7781 1799 1806 1801 1802
2971 1168 1032 1074 1056 1185 1727 909
2972 1168 1074 1727 1249 1098 1039 1201
2973 1168 1074 909 1249 1082 1160 1039 1498 1435
2974 1133 1168 1186 911 1052 910 1000
2975 1173 1168 1095 1186 942 910
2976 5881 1183 917 957 902 3850
2977 1211 1004 1212 1044 1050 957 1215 905
2978 897 957 774 1005 945 411 977 943 902 944 1550 898 1435 1022 1053 1062
2979 1173 1200 1165 1038 957 1055 1035
2980 1180 1167 994 957 1035 1247 1187 1051 550
2981 1117 8036 946 1807 889
2982 957 3449 1823 4883 4284
2983 1183 957 921 1074 1104 1178
2984 89 1186 1183 1263 957 80
2985 1223 915 957 774 1051
2986 941 8036 1212 940 1046
2987 904 940 1040 1011 1101 1010
2988 1133 1013 915 920 940
2989 1133 1030 994 1019 157 1176 940 308 933 964
2990 1173 1171 1050 940 912
2991 264 1469 584 959 1147 583
2992 8036 1081 946 889 1020 1146 1215 1550 1109 1040 263 1041
2993 1028 1807 959 1249 1276 3657 2723
2994 1186 959 1185 1162 1249 8143 1101 1041
2995 1044 2946 5958 959 1041 1561 978 1908
2996 1186 911 5958 959 1187
2997 959 774 1111 1162 1147
2998 1064 1717 959 1332 1138
2999 915 959 1111 1147 6844 7295
3000 1717 2978 959 1247 918
3001 959 1249 1039 1108 901
3002 1064 1167 1171 1052 1132 913 959 1185 1035 968 1054 1147 1247 1249 1039 1051 1498 1276 1201 1561 1152
3003 3392 3202 3291 3036 3324 3280 3247 3058 3125 3136 3258 3180 3313 3269 3236 3302 3091 3014 3169 3213 3191 3337 3381
3004 1068 956 930 889 909 896 940 1051 1040 960 912
3005 1254 959 1253 1024 1284
3006 1013 959 774 1082 1435 1255 1000 901
3007 959 1005 773 967 1119 1023 78 79 1009 939
3008 1095 1004 1242 1183 1038 913 954 951 905
3009 1004 1242 77 962 85 1074 80 1104 964
3010 941 1004 653 1242 916 1074
3011 89 1004 88 1242 911 1065 1807 85 921 963
3012 1242 1121 80 944 1023
3013 1004 1242 516 6558 5716 3531 2697
3014 6585 1034 1112 1200 946 1146
3015 1385 1810 1263 1811 1809 889 1808
3016 1174 911 1200 909 898 1039 1000
3017 1200 916 910 1162 1187 1556
3018 1200 974 1111 975 6013
3019 6381 1200 7021 1196 3174
3020 1200 942 1044 1074 1071
3021 1200 1212 1032 1111 1196 1282
3022 1081 4702 5573 7332 1160
3023 1034 1068 1081 909 1146 1116 8143 1071
3024 1110 1081 1044 917 1187 1051 84
3025 1081 2946 1397 1298 1297
3026 1812 1167 913 889 968 1147 1517 1813
3027 1081 1698 1316 2460 1298
3028 1004 86 1081 1550 1109 1122 6013
3029 1081 2246 1397 1316 8135 1298
3030 1777 1087 2368 1644 1089 4328 1155
3031 1821 1087 1088 3817 1022 1517
3032 3464 1087 1089 3204 1088 1796
3033 4904 2953 3182 1087 1088 1861 2738
3034 1815 1087 4535 1089 3227 7268 3145 755
3035 3978 1879 1087 1089 1088 3938
3036 6941 2776 1087 3161 1089 1088 8215 1545 4519
3037 216 1815 1816 1793 1818 889 1632 1356 285 8168 1817
3038 6205 4871 1087 1089 1088 553 1201
3039 1862 6199 1087 1088 621
3040 1087 2368 1089 2488 1088
3041 1089 1088 6655 1437 1077
3042 1827 1698 1089 1088 1534
3043 6938 7063 1088 3534 1861 3248
3044 1361 1826 1089 1088 1362
3045 3235 1088 6515 147 5105
3046 6235 4828 1088 3350 4829
3047 928 1888 1089 1088 4010 5104 1629 5106
3048 1805 1158 889 1615 1161
3049 4009 1088 3990 7096 5105
3050 685 1089 1088 1209 5635
3051 4214 4888 2573 3818 456
3052 2996 6401 4214 5699 4505
3053 7132 4214 211 210 1306 1828
3054 1787 1785 4813 4214 2688
3055 4214 1530 7068 1220 1634
3056 6884 4550 4214 1501 2831
3057 4209 1398 1472 4343 4214 8165
3058 1044 1371 1542 4214 6917 1328
3059 922 1017 1016 897 8036 942 899 1256 889 1061
3060 4962 6490 4214 6545 7477
3061 6492 4214 7736 1531 6494
3062 1397 3809 3923 4214 3176
3063 6330 553 4214 1832 5460
3064 6407 6849 3929 4214 3469
3065 6642 1746 4214 2428 7164 1745
3066 1787 5784 1044 4214 3153
3067 7925 6400 7504 7185 7165
3068 5905 3856 6439 1549 2926 7165
3069 7256 4109 1735 4738 7165
3070 1132 1535 1038 1350 956 957 1055 889 909 1147 1247 1196 918
3071 6884 5729 1773 3893 7165
3072 5285 6030 7254 1773 7165
3073 223 5732 6988 7165 7072
3074 7315 7663 4878 5622 2757 2755
3075 6773 7663 2266 6573 6030
3076 2358 6403 7663 1690 4184
3077 2358 6403 7663 2653 4715 4293
3078 7663 7134 3437 4716 2151 7492 3165 5112 4292 2693
3079 7473 3422 6587 3179 7663
3080 7022 4859 1826 5793 3181 1796 5391 1645
3081 917 913 1038 957 956 1130 959 889 1104 1215 1435
3082 1826 2233 1789 549 2829 6976
3083 1099 1826 1157 3255 1209 8168 3190 2992 1629
3084 1826 3954 3955 1304 1615
3085 3184 1826 1153 553 2752 1796 3188 551 1645 608 1545 6293
3086 1546 911 2849 1826 2365 3349 5398 1796 1155 6392 7248 7590 1154
3087 7017 5752 3146 2243 1826 2365 4535 5398 3667
3088 1826 2404 4196 6041 6183
3089 1826 5848 3667 6319 1900 1154
3090 216 3146 1826 3227 7590 1561 2591 2593
3091 1826 1619 8164 4888 1262 5864 1285
3092 917 998 889 1247 1249
3093 7019 1826 8164 7331 6041 1882
3094 8058 4489 1826 6551 5731
3095 1826 1300 7551 3667 1664 3631 3187 5873
3096 1826 2600 5061 5868 2593
3097 261 3299 6379 1388 8157
3098 5770 3943 8299 2576 6523 8157
3099 1805 1576 4563 550 8157
3100 6975 6042 4024 3862 8157
3101 1516 7320 918 1071 4629 8157
3102 2994 8185 3151 313 1556 1288 8157
3103 1819 1218 1064 910 889 1820 1249
3104 5770 5194 1541 2291 4585 4294 4921 8157 5544
3105 5994 1261 5702 7286 6311 6312 5797 8157 7053
3106 5495 2134 4756 3163 5888 8157 5854
3107 7540 1566 353 5766 8157
3108 1746 2954 6901 2713 2873 6523 8157
3109 1827 6587 4598 4759 3998 6653
3110 1827 1458 6201 2368 1537 6296
3111 5994 1827 4513 3851 6876 250 6138
3112 3511 1827 1902 4550 4024 2150 2244
3113 1827 3507 5856 6309 5407 5853 1302 3662
3114 3392 3202 3036 3136 3269 3236 3359
3115 1038 956 1185 889 909 1162 1247 1201 1175
3116 1688 1827 1689 1589 6412
3117 6281 4901 1827 6284 6283 5638 5494 6589 4177
3118 1827 3442 313 7161 4165 4190
3119 3252 1827 4175 271 5404
3120 3266 420 3942 7361 7266 5322 7702
3121 8163 420 1905 4024 6185
3122 7470 420 3161 6477 5111 5982 5072 3423
3123 4104 3929 420 3221 6975
3124 5912 420 7531 5078 4392 5077
3125 5795 1818 1521 1644 1611 2657 1645 1362 1616 1828 1240 1545
3126 1168 1117 1200 959 889 905
3127 147 5033 6724 5353 3081 4364 5090 1828 7541 5209 4917
3128 1356 3145 1556 1828 4197 3060
3129 1876 5688 6356 1828 7048
3130 4534 1411 4560 2741 5008 1828 1634 4197
3131 1361 7228 3146 1244 1153 5398 1796 1645 1828 1545
3132 1068 1135 5222 1042 967 1022 412
3133 1211 1135 653 974 1834 975 944 1550 970
3134 1135 952 899 1001 945 904 78 1009 970 960 1010
3135 1135 8036 1178 1109 1041
3136 618 5361 5845 1360 7900 7079 710
3137 286 7280 606 298 1821 283 276 889 236 229 240 242
3138 3422 1557 7859 6531 4117 6304
3139 3422 8014 2849 1998 1997
3140 476 7825 3422 4304 4604 1345 588 3423 3998
3141 3422 7108 1811 6409 6663 5690 6793
3142 5360 3422 4352 2243 3179 3817
3143 3200 3422 4900 1804 6843 6844 6982
3144 3422 3529 7544 1339 3450 3472
3145 3422 5545 3277 2838 4589
3146 3422 4610 7057 3433 6340 7128
3147 3422 5810 4371 4372 6214 5079
3148 1004 1156 1032 889 1163 1822 1823
3149 3422 3254 545 482 6620 464 494
3150 4019 3422 7154 4904 4785 5822 7266 7431
3151 1764 5680 2791 3849 3850 7166 5761 1695
3152 350 5925 7166 5761 3996
3153 6439 340 2146 2732 7166 3854 5761 5762
3154 4171 6335 1741 3908 5761
3155 1110 516 1253 1146 1550 1109
3156 86 1117 1031 1183 1074 1048 1711 967 1146 918 1255
3157 5716 1146 1550 1109 3437 3327
3158 80 1146 1021 944 78 87
3159 6803 1827 1826 420 1824 1828 8157
3160 1211 86 1049 974 1146 1215
3161 8036 899 1048 945 1146 943 87 898 1435
3162 922 7563 1146 1247 1188
3163 1762 1146 1550 1109 905
3164 1361 994 5900 1032 1146
3165 1141 7004 3524 7166 5762 7862
3166 1764 1767 1141 6843 5762
3167 4417 5251 7140 7636 5762
3168 5905 3846 774 1141 3850 5762 1695
3169 3918 1733 1544 518 1141 7329 5762
3170 6803 1830 1257 1829 355
3171 1141 7539 5762 3819 1695
3172 5222 5905 1544 1141 7636 5762 2973
3173 1697 902 1039 934 5762
3174 3255 3908 1141 3944 6993 5762
3175 565 568 1141 5755 5762
3176 3846 3849 1691 1549 1141 3850 5251
3177 1733 3846 6181 3849 5729 1141 1773 1690
3178 7084 2134 6527 6187 1554 1141 2440
3179 6182 1549 1141 2942 5732 5381 2174 7862
3180 1173 1032 1215 918 1071
3181 6803 994 1165 917 959 1104
3182 1173 913 963 920 912
3183 6294 1173 7724 4702 1365 151 5715
3184 1173 6585 467 2968 6766
3185 1212 1050 1038 909 1709
3186 1055 909 1082 1040 1041
3187 909 968 972 901 1284
3188 1074 1111 1006 909 1147 1249 898 1039 1498 8143 1073 1105
3189 941 1048 937 909 1082 1039 1435
3190 941 1016 1110 1048 909 1190
3191 946 1019 1055 909 902 1252 938 970
3192 6803 1135 967 904 902 940 894 1252 1282
3193 1185 1111 975 909 1073 1101
3194 917 1222 1185 1111 1048 1727 909 6790 3220
3195 1110 6381 1898 909 1247
3196 1171 1055 1048 1178 1160
3197 1171 974 1253 975 6479 1051 1040
3198 1211 1171 1165 1048 3619
3199 2354 8153 1171 1052 1018
3200 941 1034 928 1171 1110 1052 946 1049 1044 3490 902 1082 1051 1040 1000 1175 5882
3201 1171 1110 1052 1212 1898
3202 1016 1171 1110 994 1710 962
3203 6803 342 977 943 944 1284
3204 8127 1030 1016 1171 1110 1894 968
3205 653 1171 1049 1074 1104 898 1071 1057
3206 1171 1052 1165 1055 968
3207 1030 1171 1052 962 1011 412
3208 1171 1052 1212 1198 1054
3209 1171 1110 1535 962 968 1162 1187 1175 1152
3210 1016 1171 1052 6784 1054 1000
3211 1171 1110 1052 1244 1054 1000
3212 239 1171 3201 2954 7781 6486
3213 1171 942 953 4958 983 1011
3214 6803 1211 75 85 155 1007 83 156 995 992 540 674 996 84
3215 5476 7372 1073 4121 1037
3216 1254 1253 1073 1313 978 1284
3217 1222 5221 7332 1073 5333 3466 2133 3633
3218 1043 1711 976 411 1098 1073 978 1037 1138
3219 1117 1254 1255 1073 1057 5501
3220 1064 1548 411 1215 1011 1071 1073
3221 1132 1212 1038 913 3188 1276 1073
3222 922 1030 923 946 1024 1071 1073 1041 6976
3223 653 942 937 1039 1071 1073 1759
3224 1055 968 1054 1176 1116 1040 1073 1201 1561
3225 3069 3392 3291 3036 3324 3280 3225 3247 3058 3125 3136 3313 3269 3236 3302
3226 6803 1030 1145 75 1019 998 993 1023 4903 76
3227 3508 6637 4328 1726 3211 1073
3228 6517 4967 6790 1265 1073
3229 941 1110 1048 1104 1176 1082 1073
3230 1034 1535 516 918 898 1040 1073
3231 1212 1038 2190 1498 1073 978
3232 1117 86 653 1071 1073
3233 773 1247 934 1073 1517
3234 6511 1889 3652 1247 1073
3235 1174 1064 921 1035 1498 981
3236 1184 917 974 1111 910 1035 1162 943
3237 6803 1013 1027 962 998 993 929 1185 1104 898 1101 901
3238 3899 6313 1644 1166 1035 5688
3239 1056 1035 7919 1046 1122 1201 978
3240 2968 1035 2964 3881 2710
3241 539 910 478 5527 3268
3242 5810 1897 910 3905 1251 1077 1500
3243 910 4515 1241 3907 2085 7835
3244 1005 919 1061 967 1063 943 944 951 984 1131
3245 5680 951 1844 1387 1131
3246 2739 3937 4702 3909 6901
3247 6420 4702 4963 1696 1910 1455
3248 6803 908 2891 2336 1831
3249 6514 3303 8159 6918 3928 4702 1521 1512 2689 5205
3250 7879 4702 4963 6193 2258
3251 1461 1716 1787 7825 1491 486 4702 4300 5525 6297 6394 7636
3252 4702 5249 4967 2697 4660
3253 6783 1466 4702 7222 6509 645 3963 1742 7340 7940
3254 4702 4728 4723 6408 2545 1720
3255 7148 3201 4702 4598 3438
3256 1017 1787 1462 4702 6575 4383 1501 4300 7156 905 1455 6920 1386 6468
3257 1785 4702 1454 4100 613 6663
3258 4702 6715 2816 5396 1328 3998
3259 922 6803 1030 653 1050 899
3260 1787 1785 2902 5948 5949 5364 4702 7470 6901 6477 5373 5733 5595 4576 7702
3261 7055 5950 4702 4105 4878
3262 5948 5949 4702 6521 4306 5901 7156 1745
3263 6642 6528 6783 4702 4305 4944 4306 6906
3264 3298 4702 7792 7713 7702
3265 5965 4702 7470 7565 6933 4294 4921 1075
3266 6420 4702 3901 4610 5589 3657
3267 7540 7593 4735 5378 1754 4702 6275
3268 2935 4702 1910 7872 1455 1499 1373
3269 5616 4548 8159 4702 3505 3905 2699 3437 3939 1288 3893
3270 6803 974 975 1833 1832 1075
3271 3063 5086 3856 6255 1737
3272 7610 2804 354 5086 2175
3273 7909 7565 6214 1806 4519
3274 7909 3652 4533 7768 3708 1806 1251 4498 1288 990 1328 2594
3275 6666 7909 4476 2973 3538
3276 7909 6587 1287 6362 1386
3277 5950 4337 7909 6929 7185 5089
3278 7909 4489 5101 5453 7096
3279 5164 4331 7018 7909 1905 1185 1767 6070 3193 4024 6423
3280 5545 7909 3485 6493 7769 3486
3281 6803 1068 474 1834 1835
3282 7909 6558 6785 6539 7371
3283 6456 7909 3846 3193 3850
3284 1733 4881 1502 6507 1695
3285 4618 7257 3221 526 5244 7118
3286 334 3434 1768 7118 1868
3287 1167 3178 6439 8215 2942 1694
3288 6439 1959 990 2591 2593
3289 6439 2909 2910 2919 5782
3290 1193 6912 6439 7803 2942 1194 5251 1693 7702 2174
3291 6439 1549 5309 2174 901
3292 6803 1165 966 1093 965
3293 347 5881 6439 1549 8215 1695
3294 6439 1140 5131 2150 1693 7121
3295 3846 6439 3849 1355 3850
3296 7284 8048 6784 7781 8126 8044
3297 4415 4416 7008 484 3623 3624 2787 8126 7070
3298 3620 3531 2697 7131 301 8126
3299 7856 7565 4156 8126 3854
3300 539 4598 5093 1791 1096 211 210 8126 6434 7869
3301 1049 7159 1082 1071 8126 1046
3302 4611 4331 3615 4371 4372 7084 2600 8126 7467 2760
3303 6803 486 490 1840 1838 1837 1839 1842 483 1841 491 493
3304 4100 5096 8126 4350 5052
3305 3847 3858 538 3825 3836
3306 5746 2978 6577 1355 5405 1243 6855 3174 6378
3307 3600 1300 6875 1142 5405 1527 3296 7321 7578
3308 2791 2752 5405 6953 3944 1140 1589 1079
3309 5746 3596 6661 5405 3012
3310 3504 7792 7803 2707 5405 6042 6660 1241 2873 4779 6306 6441 7928
3311 5405 1808 5251 1219 3996
3312 1245 5405 1580 1693 1216 6653
3313 7086 5746 4813 3951 5721 4518 2745 2954 5405 4961 4734 4326
3314 6803 773 919 983 772 79 1000
3315 1807 5405 1243 4968 5729
3316 5746 5739 5738 5405 2233 7815
3317 3956 1092 1329 4378 3060
3318 1482 5881 1698 6530 3257 2366 1864
3319 3200 6317 2901 3439 3837 8216 1580 1864
3320 5929 3232 3662 990 1864
3321 3971 3915 623 4569 1612 1864
3322 1511 1395 2968 1617 1618 1864
3323 3829 1362 1289 5402 1864
3324 5412 215 545 5795 240
3325 819 1843 890 802 1844
3326 215 7589 3054 3116 2850 4506 5851
3327 7011 215 5721 2364 6161 5733 1463 6588 1051 2734 1373
3328 215 7008 2072 290 8050 5097 8051 7988 6531
3329 215 5948 4904 5949 3672 5205
3330 215 6217 1005 7059 7660 4292
3331 609 3638 4840 215 3260 2866 5394 7969 4666 287 4648 588 7914
3332 215 5408 7486 1349 6651 7633 8052
3333 215 4604 7093 6531 5470 7254 4292
3334 215 6911 7929 5553 229 620
3335 215 7022 4859 5793 3897 7832
3336 8223 8234 8245 8267 8256
3337 3069 3392 3202 3036 3047 3324 3280 3247 3058 3258 3180 3025 3269 3236
3338 1006 900 940 890 905 938 939 1057 1010 84
3339 215 6784 4128 7430 3248 620
3340 215 224 236 301 7419 243
3341 215 6217 2086 5591 3100 7450 7296
3342 215 4337 509 6343 3968 5472 3098 924 2086 7914
3343 215 7430 446 3267 4112 6861 4144
3344 1136 1186 215 3509 1085
3345 3846 3849 2701 1204 3850
3346 1034 1068 946 966 1116 1082
3347 941 1049 1050 899 1032 4392 1054 1147 1098 1082 1435 1040 1071
3348 897 1049 899 1082 918 898 905 1517
3349 1001 1005 966 772 890 540
3350 1082 1039 1040 1201 1041
3351 1211 1016 1048 1116 1082 1040 8143
3352 1049 1054 1249 1082 972 1011 1046 1053 1041
3353 1048 6097 1178 1116 1082 1255
3354 941 1048 1082 970 901
3355 1117 937 1252 1082 1262 2723
3356 653 1082 898 978 1284
3357 1082 3443 2138 6013 1152
3358 941 1247 1082 1550 1435 1053 901
3359 3242 6992 1360 1054 1082
3360 155 1067 904 890 76 985 1062 84
3361 6858 1145 1111 4903 1082
3362 1001 1189 1104 1082 918 1046 1561 1908
3363 1016 1049 937 1082 1011 1053 1759 7590
3364 3160 1897 1082 1077 2723
3365 1013 897 1104 904 898 1255
3366 922 1034 897 8036 898
3367 1017 897 4270 2351 3204 898
3368 922 897 898 1053 1015
3369 1043 1064 897 1548 1042 1056 1723 976 411 1215 898
3370 1016 897 1011 1053 1105
3371 945 83 1021 904 890 674 932 1000 1057 84
3372 897 1049 1050 1213 898 3145
3373 941 653 897 1050 1048 1188
3374 5965 897 1491 1490 6537 5569
3375 897 966 944 898 1024 970 1010
3376 1034 1068 1112 897 1111 937
3377 653 897 1049 937 1498
3378 941 897 1018 1249 1116 1071 1057
3379 922 1013 897 1112 919 898
3380 1016 897 898 1011 1053
3381 1056 1727 898 1435 6132 1517 1759 901
3382 1001 940 890 1011 932
3383 1034 1064 1548 946 1717 6184 898 1039 1071
3384 977 898 1759 1105 978
3385 1254 917 1717 943 898 1435 1255 1022 901
3386 4535 7354 898 5987 1561 1908
3387 1074 1249 898 1498 1435 1046
3388 942 917 5801 1853 1241 898
3389 1110 1056 1098 918 898 1498 1435 1071
3390 86 945 1109 898 1435 1040 1046
3391 1013 941 1016 653 946 898 932
3392 1211 899 1056 898 1071
3393 1093 977 902 890 1011
3394 898 1435 1201 901 981
3395 1074 898 1498 1435 2252
3396 3887 3888 8124 898 4502
3397 898 1009 1053 1022 1122 970 1138 1284
3398 1074 977 1252 1213 898 1122
3399 5108 1185 1580 6791 1138
3400 1042 7919 1334 5376 3046 1138
3401 4227 4416 7589 921 5215 1834 1215 1024 6570 1138
3402 1548 1717 976 1011 1138
3403 7637 1196 1713 1715 1138
3404 156 890 995 965 992 932 970
3405 1064 1117 1042 976 411 1138
3406 1548 1042 1717 976 1138
3407 6428 6960 7919 1251 1138 1908
3408 1064 653 1723 1517 1138
3409 928 1068 997 920 1104
3410 1211 2967 1068 1188 1053
3411 1068 1112 2242 8036 968 1109
3412 1068 1110 1028 1052 974 1054
3413 1068 8036 946 968 1550 1109
3414 1017 1068 1778 1186 946 5723 1178 1109 1009 1053
3415 1056 902 890 934 1101
3416 1211 1068 1121 4431 1550 3398 6013
3417 1068 994 952 1165 1001
3418 1068 946 1111 411 1147 7564
3419 1043 1016 1068 1110 952
3420 1117 1717 967 1249 901 1846
3421 1117 1099 1727 1247 901 978
3422 1099 1056 1215 1498 1724 901
3423 941 967 1071 901 978
3424 1750 4209 4910 1046 901 1284
3425 922 945 1018 1063 1098 901
3426 1845 377 921 6602 967 890 812
3427 1727 1215 1498 1435 1759
3428 1211 1305 1435 1040 1000 981
3429 941 7086 653 977 943 1435 1255 1022 412 979 970 1759
3430 1116 1435 1255 8143 1101
3431 941 1049 516 1048 1018 968 1435 1022 1053
3432 1385 3707 6910 1435 7164
3433 941 653 1183 1249 1435 978 5776
3434 1439 902 3944 1432 1693 1408 2174 1695
3435 904 902 1046 1107 978
3436 7108 1067 902 1053 3055
3437 85 83 4914 890 76
3438 6858 974 975 411 902 1282
3439 904 902 79 702 1009 775
3440 902 6353 1774 1995 3515 5797 4978
3441 941 1028 6195 1834 945 1215
3442 941 928 1117 1099 917 1054 1249 1046
3443 941 1117 1723 918 1024 1071 938 1010
3444 941 3668 5101 6717 6861
3445 967 411 944 5602 1066 1282 5624
3446 1061 411 3948 542 4185
3447 946 1042 411 976 1249 1098 1040 1713 8143
3448 3392 3036 3058 3136 3258 3236 3169
3449 537 1654 890 711 1657 1282 1285
3450 1548 1042 6184 1085 976 411 7919 1083
3451 1548 1256 411 1022 970
3452 1043 1548 411 1215 1517
3453 1064 1074 1056 976 411 1305 87 1011 1041 1105 978
3454 1043 1018 967 411 904
3455 1548 1042 3226 976 411
3456 1043 1034 1065 946 1042 411
3457 1034 1016 1064 946 966 411 1023
3458 923 1064 1042 1360 411 976
3459 1043 1853 1166 411 1066
3460 890 1227 939 996 935 1846
3461 1548 1042 1717 976 411 7919
3462 1064 1042 1717 1048 411
3463 8036 1042 976 411 1550 5689 1109 412
3464 1043 1064 1548 976 411 1498
3465 411 1011 1009 938 84
3466 923 1064 937 1215 904
3467 904 1024 934 1724 1284
3468 86 1065 1253 904 1062
3469 942 1005 904 938 1062 1010
3470 653 942 1049 974 978
3471 77 1121 80 773 772 8281 890 79
3472 1145 942 1121 1247 8135
3473 942 1049 4229 919 1104
3474 942 774 974 975 1071 1041
3475 942 6962 512 1048 4666 918 1071 1201 1105
3476 1016 653 942 1011 1053
3477 942 1049 937 938 1057 1010
3478 942 1121 943 944 412
3479 1110 1023 1255 1000 84
3480 6824 1256 966 937 967 1053 1000 413
3481 966 773 82 944 1000
3482 75 1019 998 956 4958 1035 82 4903 890 76 1051 308
3483 3434 7088 6953 6851 5683
3484 3434 6127 1667 3875 6597 5732 6306
3485 1482 3434 6530 3257 1534 2235
3486 3434 1613 1415 1618 2150 2258
3487 3504 1762 334 3434 6405 1683
3488 1266 1761 5098 7637 5855 4967 3455 1265
3489 1761 1911 4552 3728 1611 4731
3490 2768 3069 6209 3260 3413 2693
3491 1212 1074 1727 1178 1119
3492 1212 1060 1723 1040 1255 938 1724 979 1057 1284
3493 921 902 890 1101 932
3494 1034 946 1212 1711 918 1071
3495 7593 1212 1711 1213 1201
3496 1254 1212 85 1198 1202 1213
3497 1028 1212 85 1222 1198
3498 5986 3930 1862 1212 2849 2731 1298 5977
3499 4352 1212 7021 708 3174
3500 1005 1046 979 1057 1201 1010 3363
3501 6184 1215 1046 3327 1759
3502 1043 1064 1042 1011 1046 938
3503 922 1121 966 1046 979
3504 1133 1135 1535 1850 1849 890 87 1848 1205 1851
3505 1853 1067 1046 1062 412 979
3506 1032 1048 1247 1249 1046
3507 1185 1111 1727 1249 1046 1201 1908
3508 1031 1727 6843 1046 1759 3393
3509 7024 3215 966 1046 1015 970
3510 1099 1147 1249 1098 1046 4192
3511 2979 1167 1046 1708 1908
3512 8127 1034 8036 1510 7578
3513 86 8036 1550 8143 1053
3514 8036 1550 1109 7917 939
3515 771 83 8281 4903 156 890 1252 933 932 412
3516 1016 86 1112 8036 1052 1165 5848 918 1053
3517 8127 8036 1550 1109 938
3518 1017 8036 342 1116 1550 1109 8143
3519 923 1016 1110 8036 1054
3520 1457 6324 504 1739 5699
3521 6235 5216 1739 3433 7314 5888
3522 505 3439 5289 4098 6375 1739 3965 1452 3467 6857
3523 2352 1739 2297 7746 5490 2353
3524 5095 1739 521 3446 4228 263
3525 208 6589 1739 5790 2575
3526 1852 1654 890 87 979
3527 8173 5082 1739 7490 4942
3528 1457 1739 3445 4174 5782
3529 7064 4612 1595 1739 3060
3530 283 4662 1739 1496 1404 3248 4200 228
3531 3200 7787 3921 1739 3417 3327 4978 5457
3532 2219 946 4662 1739 2961
3533 2619 1457 1643 5496 1739 1505 3163 3217 2151 5849 1676
3534 5216 1578 1739 1877 6454 5454
3535 1457 5215 1739 1775 3882
3536 1739 7173 3295 3007 5462
3537 1853 80 1252 890 1009 1066
3538 7063 2742 6978 3299 2743 2657 1739 2690
3539 1457 1743 6962 1739 7338
3540 1457 5216 1739 6406 3471
3541 2229 1876 6953 258 5223
3542 1482 4608 1560 6953 5598
3543 1689 6953 1582 2732 2846 2845
3544 7610 6953 2340 2345 3931
3545 6294 4546 1471 1576 2935 4848 3844 4563 1474 563 1745
3546 4546 1576 4604 5165 1728
3547 1576 3301 739 7768 1221 1865
3548 998 921 993 963 157 4958 1006 82 90 1026 1093 890 308 933 702 932 982 775 1151 964 1029 960 776
3549 1395 1576 2956 4563 8129 1882
3550 3442 1576 1266 4353 1587 4813 4589 4563 6410 1265 3440 4505
3551 1576 1613 7696 4563 1801 7631 1802
3552 1576 5006 1307 4563 3996
3553 216 1800 1576 4096 2889 1477 4004 6422 4563 5745
3554 1576 4563 3437 7577 6696
3555 1576 7807 4485 4563 7649 1288 7880
3556 2967 1234 1576 5413 1594 4563 3818
3557 6295 1576 8047 1504 7484
3558 1753 2967 1576 1371 5019 5719 3345 659 3121 1612
3559 3392 3036 3247 3114 3125 3147 3348 3180 3025 3313 3269 3158 3236
3560 1854 1019 902 890 932
3561 257 1576 3971 6534 3938 4984
3562 6666 1576 1360 1439 4563 588
3563 4913 2967 1329 1576 1216
3564 6666 1576 5398 3902 1439 4563
3565 1576 2235 4563 550 1877
3566 1576 1560 1610 4563 1877
3567 1894 7949 1689 1632 3177 1900 1589 1561
3568 1095 1516 997 944 1561
3569 5472 305 2406 3295 1561
3570 465 4730 3231 3163 4961 1561
3571 890 1252 79 933 1139 932
3572 3728 1054 1116 1255 1561
3573 7120 3188 608 3440 1561
3574 7691 7019 7949 1727 1561 5396
3575 1710 1198 1202 1119 1561
3576 3956 1350 4955 4956 3966 7978 3497 1269
3577 3956 7280 606 231 293 622 219 229 233 624 228 269
3578 3956 1587 5006 3277 4397 3193 3970 3049
3579 3956 3178 3231 1619 6560 1154
3580 3956 264 1469 4209 584 671
3581 4374 2148 3177 3273 8119
3582 82 1093 83 890 84
3583 1112 2148 977 5288 1011 6374
3584 2148 4615 7425 4952 5227
3585 2257 5101 4886 2148 3001 7441
3586 4743 2148 7436 5090 4620
3587 5041 4684 4673 4675 4677 4674 5013 2148 4728 4640 2573 4984 4660 5032 5030 4732
3588 4684 2148 3843 4986 4680 4640 4966 2573 4984 4660 5032
3589 2148 7160 3151 8171 6876 6993
3590 2148 7664 7146 5087 7333
3591 6819 8159 5857 606 3993 8160 2148 3299 5216
3592 1361 2148 7619 1571 3867 1362 5884
3593 908 1856 1132 913 893 1824 1857 1855 1859
3594 5038 4687 2148 6484 4182 4181
3595 2148 1232 1233 3915 3867 5884 678 5902
3596 2148 4101 479 3659 5395
3597 1805 1867 4508 8162 6650 1440 5715 707 6982 1075
3598 5616 3831 565 1744 6418 7692 3177 568 4508 1577
3599 3435 6343 2966 4508 5433
3600 4508 3935 710 5864 4333
3601 6912 1767 6804 7097 7099 4508
3602 4392 7068 4508 5415 6342
3603 7068 4508 1861 3012 7877
3604 1052 1860 893 929 1861
3605 8016 6850 8177 4508 7622
3606 4298 8058 4375 6070 2961 5071 1499
3607 8011 3410 6070 2346 5312
3608 1368 7426 1076 7484 2738 7164
3609 7426 1905 7484 44 4731
3610 1688 7426 4594 7484 1345 2687 3433 1288 1499
3611 6178 7426 3667 7484 3417
3612 3215 7426 7484 6744 6742
3613 3978 1795 3642 2730 1393 7426 2230 1794 7484 1473
3614 7426 3108 7484 3230 7096
3615 1156 1862 1060 893 402 1863 929 1086 1177 1176 1352
3616 6576 1167 7698 5795 3266 7426 6548 7681 5733 546 6196 6539 3276
3617 2299 6275 7426 5093 7484 2704 5096
3618 7426 5093 7484 5096 4326
3619 7426 7803 7484 7702 6315 1297
3620 6741 7063 7426 1811 7484 3489
3621 7426 6508 7484 5072 5690
3622 7426 5093 6924 1416 5096
3623 7426 6952 471 7133 4187
3624 6741 5724 7426 7484 5096 4482
3625 2352 1397 7426 7484 981
3626 908 893 1866 1867 1128 1868 1865 1864
3627 7287 7426 4963 2829 6044
3628 2901 3351 7426 4971 7875
3629 2901 7426 1513 7484 1537 6842
3630 6741 5171 7426 4419 6620 8049
3631 2899 7773 6502 2926 2023 5284 6436
3632 3828 7658 3829 1737 5602 6436
3633 5485 3474 6617 7127 4674 3724 2230 3233 1327
3634 5007 1895 3219 3971 3724
3635 3724 5638 7044 2230 6820 5494 7621 8051 6370
3636 6452 3724 5865 1789 8168 2273
3637 926 893 4958 1104 1147 1187 1051 1868 1000
3638 6617 4813 3724 3233 6937 6924 7488
3639 3724 1056 1796 1645 1545
3640 7186 7024 5401 3724 4392 4346
3641 4418 1283 6717 3593 5082 3595 7075 1502 620 4192 2748
3642 3593 5757 5856 2266 8216 4333
3643 298 1490 3593 6944 7781 6945 3595 1096 1330 5569 3913 5990 1412 6520 3051 4917
3644 4279 7132 7320 4618 4831 1507 7090 3593 5051 3595 7075 6989 3145
3645 2705 3593 4704 3595 1426 1312 6132 7431
3646 7687 3593 3595 1506 3478
3647 3593 3595 7746 2735 1556 755
3648 949 926 962 893 955 998 993 1012 929 983 308 933 1139
3649 1507 3593 5802 3595 1260 6931 7947 574
3650 6667 3593 3596 6661 3595
3651 4418 6667 3593 3595 3844 6998
3652 5529 3593 1557 1849 3596 6661 3595
3653 7005 3593 4304 3595 4078 7579
3654 3593 4944 3595 8053 3148 4263
3655 8150 6313 3593 3595 2133
3656 4970 3593 1166 7670 3595
3657 217 3593 5486 3595 6744
3658 6704 6462 3510 3593 4263 4329
3659 1180 908 1070 971 893 82 894 905
3660 6343 7813 3593 1339 3595
3661 1672 4327 3593 5737 4400 4779
3662 7813 3593 2689 1734 1531 5395
3663 7067 7610 6589 1734 7074
3664 1643 3510 1734 4231 4294 1298
3665 5750 340 1734 8136 6409
3666 6986 4306 6506 1734 784
3667 5822 6620 2970 5569 6323 1734 557
3668 4910 1299 4824 1318 1734
3669 1753 4618 4228 1734 574 7603 4630
3670 3036 3280 3147 3025 3236
3671 1133 908 1173 1628 997 893 955 956 1363 1055 1020 900 1187 1870 1871 912
3672 5810 3097 6005 4124 1906 1506 1734
3673 4551 4124 1734 613 2217
3674 3214 3610 7084 7876 4582 2443 1734 2247 3060
3675 6784 5082 471 1734 4018
3676 4099 3479 5216 1437 4097 1734 3672 6522 5229
3677 7320 3629 340 1735 4500
3678 5770 4429 350 7820 1735
3679 7256 6443 5729 1735 7089 541
3680 4220 3726 2577 1735 3933
3681 1482 1165 1153 7564 1645 1844 1160
3682 893 993 1055 1035 771
3683 1180 1165 917 913 3146
3684 1184 1095 1165 1038 1498 905
3685 88 911 1165 962 1032 1055
3686 89 994 1186 1074 1147 960
3687 1218 1787 2902 994 3369 1888
3688 994 2913 7181 3061 287 5084
3689 994 1132 1044 1160 905
3690 1223 923 1013 928 1031 919 943
3691 1223 1469 584 1111 583 2696 2244
3692 1223 1183 1642 6972 2917 1107 1676
3693 1200 1183 1081 1132 962 913 1038 893 1147 894 960
3694 1223 3929 1521 477 2687 5437
3695 1223 2954 4785 6901 1076 550
3696 3809 6515 4761 5010 4533
3697 767 2935 6515 1910 1334 1455 694 766
3698 6515 1789 1537 5908 7466
3699 1441 4901 4130 3613 2772 4474 6515 3220 6241
3700 6515 4483 2717 5451 3399 3398
3701 1778 1208 4474 6515 2977 7318
3702 3855 2752 6515 6597 6448 3223
3703 4279 1208 7090 1534 2752 6515 3189 6478 2992 3256
3704 1173 1174 1184 1095 1165 1169 893 907 998 955 956 993 774 5258 1146 940 951 1160 1059 982 1131 1175 912 84
3705 6515 5696 6883 6793 7297
3706 5185 7612 6515 5054 5103
3707 1911 4476 6515 6961 3211
3708 3182 6515 7059 5902 2544 7829
3709 3898 6515 1789 2942 3897 6696
3710 3170 4730 6515 623 3256
3711 4019 7825 4330 6515 2076
3712 1236 3505 3259 6400 1216
3713 217 6179 1693 1219 1216
3714 3831 1698 6187 568 2711 6408 1216
3715 908 1174 931 1872 895 1169 893 998 4958 771
3716 3369 2720 3971 1698 3905 1782 1216
3717 4771 2711 6376 4772 1216
3718 7999 2729 6919 3657 7860 1216
3719 212 2157 2704 1494 1280 1216 1297
3720 3465 6506 1757 616 1216
3721 5616 1374 5890 1272 1216
3722 2724 1786 1788 6649 3512 7887 1216
3723 6199 3905 4576 3212 1216 1273
3724 7315 6909 3183 7440 5687 5206 7850
3725 6067 7315 1706 6527 6910
3726 1133 1174 1095 1060 1169 893 1032 1008 157 1111
3727 7315 4970 5253 5732 6442
3728 351 7315 3828 4620 3854
3729 6996 7018 7315 8122 6290 3183
3730 577 2961 5165 4607 7156 6341 3265
3731 4673 577 1439 1345 1500
3732 8054 2426 577 4606 6266
3733 7120 577 7719 4109 5754
3734 1457 1741 577 7154 4813 6659 3060
3735 6416 1719 577 2861 5211 1951
3736 2219 1719 577 3097 3829
3737 1133 8036 1165 962 893 955 1104 1147
3738 2684 5950 1167 3989 1867 151
3739 2684 2722 2719 6521 4610 4394 3989 4878 4576 1220 6993
3740 4611 2684 1462 5726 1208 496 3929
3741 2684 1376 7129 3300 6340
3742 2684 3178 7714 4394 3989 6876
3743 6511 2684 3411 4610 7531 3989 495 6876
3744 1565 2684 7836 6422 2189
3745 2684 5889 6911 6907 1316 1526 3824 1298 6340
3746 2684 3297 7724 3924 7470 1307 3267 6923 1220 6993 6677 6904
3747 4546 2684 8159 7757 7969 6917 621
3748 1081 1169 893 4958 896 1151 1029 912 84
3749 2684 2230 8116 3461 6653
3750 2684 1526 1594 1405 1480
3751 2684 1744 6418 3989 4300 4299
3752 2684 5412 7075 5987 557
3753 2684 1746 2687 1745 6915 550
3754 2739 2684 3827 208 5188 1396 5189 6582
3755 2684 2137 557 1586 3001
3756 3303 2684 6918 1462 6782 3989 2689 8171 6455 6701
3757 2684 3937 3898 1521 4557 3897
3758 2684 593 1166 1568 3824
3759 908 1168 1184 913 893 957 1055 1035 1104 900 1178 940 894 1160
3760 2684 5948 5949 3989 5205
3761 4610 4878 2738 219 7815 6923
3762 4610 5026 1317 1512 7578
3763 4375 4610 6421 6915 8135 7579
3764 3909 7130 4610 7757 4397 3908 5918
3765 1466 2705 4610 7429 7925 6901 7969 5589 6389
3766 7653 4610 601 6352 8146 4253 602
3767 6420 6528 4610 5800 3516 1288 1298
3768 2998 1466 2901 3351 1888 6521 4330 4610 6691 2999 1834 5244 2704 3672 6920 4266
3769 1232 7586 1307 4610 4560 5051 1746 2428 5589 2689 1745 1220 1634
3770 1133 908 1873 949 1171 75 1027 1060 1019 893 953 993 1012 963 1006 983 771 2125 125 387 940 1606 76 78 8224 1139 933 1342 540 982 932 996 912
3771 2967 1741 5784 3845 4568 4610 3255 1220 4186
3772 1372 5726 5171 7130 4610 7138 5918 3538
3773 6666 1461 6420 1385 2722 1307 4610 3164 632 6193 1345 6915 2252 1499 2258
3774 4985 8182 3386 4610 2707 4944 3989 4105 7936
3775 4610 1707 3963 1742 6940 6993
3776 4546 3901 1998 1307 4610 1997 1871
3777 1477 4610 2156 1480 1221 3443
3778 1895 5950 4610 4501 7056
3779 564 3277 4610 5428 1791 5054 3502
3780 2902 2935 4610 593 4555 4973
3781 3036 3102 3080 3247 3269 3302 3359 3191
3782 908 1110 1200 915 1132 75 917 1169 893 955 1104 1247 940 1251 1051 905 8143 1073 1874
3783 5889 4610 3259 6321 1499 6964
3784 5950 3985 4610 6009 6008
3785 6344 5449 4857 6441 4326
3786 5038 4342 3639 8170 2867 3053 4687 4667 5020 4719 5286 6441 5099
3787 5195 4537 3477 7164 6441 3962 3878
3788 6443 1063 3292 6441 6376
3789 2739 2057 2722 2719 6441
3790 4602 471 7530 6441 7318
3791 354 7697 2653 7859 2175 3589 2344
3792 7859 2296 6497 5476 102
3793 908 88 911 895 893 998 993 1035 5258 1131
3794 1819 216 3442 1578 6375 2987 2961 4671 1409
3795 3442 1308 1888 6691 3997
3796 3442 3510 2137 3230 2700 2258
3797 7825 3442 5719 4228 1419 591
3798 3442 520 516 3451 3230 7654
3799 5007 5965 3442 5634 3230
3800 3442 2243 8164 1460 8162 7248
3801 3442 1587 3146 7131 4671 3433
3802 3442 2901 3351 4300 3520 4299
3803 3442 5738 4571 4621 1386
3804 893 910 1035 1162 1051 905
3805 3442 1360 7884 3451 3230
3806 4985 3442 5031 8170 4674 1866 7757 4723 4984 8113
3807 4985 3442 3451 4680 4668 4133
3808 1860 3442 6235 1449 3475
3809 2595 3442 3230 1493 2915
3810 5222 4985 2890 4970 3843
3811 7610 354 4970 7697 3589
3812 5095 5101 4970 8102 4368 4729
3813 3978 5360 4684 7999 1266 3899 4674 5013 4970 7786 4972 5954 4676 5288
3814 4516 4985 2890 2889 4970 2712 4728 4644 4764 4729
3815 1186 915 893 959 774
3816 4970 7093 7892 6653 2755
3817 7545 4970 5023 5689 2748
3818 5222 7879 4970 1742 4640 3944
3819 7879 4970 5253 7804 1273
3820 5579 4970 4893 7448 5106
3821 5264 4130 4970 4648 3453
3822 5041 4970 3843 5253 6442 5252 1720
3823 6416 7083 921 6649 1061
3824 7083 2358 7610 2082 4638
3825 6294 4587 3831 1767 1452 4018
3826 1180 908 1132 1222 997 893 956 1111 909 1147 1875 1187
3827 6995 1540 3831 1374 4563 1868
3828 5682 3831 6941 6318 5244
3829 3831 565 5568 593 1166 1568 568 3502
3830 2722 2719 3386 3831 1224 7969
3831 8159 3831 1744 6418 5094 2973
3832 216 5378 1234 3831 3255 4662
3833 347 3831 4886 350 3959
3834 3831 565 1374 5922 3477 6244
3835 3831 3350 7768 5209 1388
3836 5724 5726 3831 8069 1867 1577 4671 6010
3837 928 1068 1548 1070 962 893 929 945 1006 940 1022 938 1000
3838 3831 1528 632 563 5437 6839 5542
3839 3831 6875 7681 6477 6486 5790 5908 4860
3840 3930 3831 2599 4198 4761 4762 3708 4763 7504 2973
3841 3831 6199 578 3896 4878 550
3842 3942 4204 3818 7166 4486
3843 5792 6025 5991 5736 14 5925 5747
3844 5881 372 5925 2942 2174
3845 1549 5925 2146 1690 1695
3846 5658 5936 3291 8 5991 14 5825 5925
3847 5858 5991 5925 9 5869 6036
3848 908 1016 1110 1171 893 1008 1054 1039 1000
3849 5825 5980 5925 5647 6036
3850 5658 3291 5758 5991 5836 14 5980 5925 6058 5636
3851 5825 5925 9 5814 5914
3852 5858 5703 14 5925 5869 5747 5969
3853 5792 8299 5703 6025 5925 5647 5747 6036 5947
3854 11 5836 5925 5670 5969
3855 5792 5936 5714 5925 5647 6036
3856 3291 5836 5925 9 5670
3857 5158 11 5658 5714 5758 5991 5925 5647 6036 5947
3858 5725 5958 5714 5892 14 5925 5880 5803
3859 908 893 1876 1877 1154
3860 6014 5847 5836 5925 6058 5636
3861 5703 5758 5 5925 5914
3862 11 5991 5925 5681 5914
3863 5892 5980 5925 9 5636
3864 5936 5703 6025 14 5825 5925 5869 5747 5969
3865 5703 5925 5869 5903 6036
3866 5792 11 5714 5758 5 5825 5925 5647 6036
3867 5703 5 5925 5869 5969
3868 5991 5836 5892 14 5825 5925
3869 5736 5980 5925 5670 5869 5914 5636
3870 1878 895 893 900 1177 1084
3871 5847 5836 5925 5647 6058 5903 5747 5814 5681
3872 3439 1477 5326 4582 2150 5104 3294 4502 2268 7492
3873 5434 4126 4833 2406 5326 5602 4165
3874 6952 524 2406 5326 4915 6012
3875 5220 4229 5326 3009 8129 4165 2596
3876 1458 1578 5326 1305 1105
3877 6952 1776 7847 5326 698
3878 4735 4126 5752 5408 6516 5326
3879 1583 6603 1479 1584 4404 2956 1866 5455 3844 6207 557 3377 1357 6406 6568 6554 5107
3880 1565 8161 1407 3928 567 4837 1504 1528 1405 4591 4593 1357 6964
3881 89 1167 1471 971 893 968 1147 1498
3882 3431 1438 3176 1493 1678 1357
3883 3916 5744 4898 1357 8165 4921 698
3884 3894 3913 4395 1357 8135 5433
3885 6784 3375 3373 2961 1454 6671 3374 6639 5296 6341 1357 6861 5117
3886 6741 3242 2946 5582 567 1437 1357 616
3887 1541 3064 3061 6594 613 1600 1357 6572 5107
3888 4600 2998 1367 1112 1324 4900 2999 1834 3826 4898 1357
3889 1441 4310 1379 1579 697 1357
3890 4602 4279 4129 1490 7090 517 3248 1357
3891 6642 286 264 1469 605 1789 6004 583 1357
3892 3202 3036 3080 3058 3114 3158 3337
3893 1133 908 1165 893 1006 90 951 78 1059 1131 960
3894 6784 2230 5455 2697 1357
3895 1550 8143 1011 1053 1357
3896 5412 1508 7825 4552 3726 1357
3897 7825 2352 505 4228 1357
3898 3054 7073 1357 6870 2544
3899 6407 6849 601 4253 602
3900 1407 601 4253 1288 602
3901 7008 601 4253 5323 4839 602 6554
3902 564 630 601 4591 4253 3890 602
3903 2955 601 4253 602 3671
3904 908 1038 1169 907 893 1247 1196 1041 1175 912
3905 4704 6645 601 4623 4253 602
3906 3504 4704 7925 1526 601 7969
3907 4096 2961 601 4253 6341
3908 3096 601 1951 4253 602
3909 1308 3924 1521 6983 6318 601 5733 3997 602
3910 667 4096 6901 3848 3524 3523
3911 4096 3245 4373 7416 6660 6612 5556
3912 4840 5778 4096 3455 4952 1775
3913 4096 7586 1866 5413 1867 1501 6993
3914 6741 5894 6666 1466 1395 4096 3411 6742
3915 1068 1171 1132 75 1060 1019 1169 893 907 894 1059 1131 1041 960
3916 4096 6367 4578 3909 7073
3917 4208 3242 4565 4096 3727 5719 1439 1499
3918 4611 4131 4096 4604 1501 1460 4733
3919 1441 544 4096 2867 5215 1379 1849 52 1437 596
3920 4096 4475 2713 1272 4344
3921 4096 4371 4372 2995 6044 7944 3232
3922 5744 1491 4096 5569 7815 5571
3923 1417 3586 4704 5289 2438 5471 5111 7362 7922
3924 4546 2705 5948 6575 4704 52 6917 6564
3925 1795 5403 1532 6417 4704 1528 2970 1577 7407
3926 1186 1081 1879 913 893 1684 909 1146 935 1881
3927 7186 3075 605 4704 3055
3928 2084 4704 523 7288 3457 4719 5207
3929 3928 4704 2134 1405 6915
3930 4704 5093 6620 240 6529 3478
3931 3490 4704 6132 6553 2757
3932 8153 1411 4704 6743 3884 6987 6659 3217 4585 3423 5107
3933 5948 5949 4704 147 2829 5561 5205 6496 7832
3934 217 4704 2489 3935 2734 5864 2594
3935 6343 1271 6973 4704 1863 5700 4264
3936 3617 6912 4704 4394 1767 6503 5391 4497 7096
3937 1180 1173 994 1132 893 955 956 1074 1177
3938 1034 5742 946 2246 4704 1907 8024
3939 4878 1140 6560 4197 3671
3940 3435 3899 4327 1160 1140 6412 1410
3941 2242 3201 3242 1458 1140 4898 1602
3942 1133 7063 5400 3203 1140 3327 7096 5882
3943 544 1411 3884 1140 3885
3944 5219 1411 5188 1506 1140
3945 1546 2902 2983 3369 3255 1140
3946 1508 6868 5093 3433 1140
3947 573 7420 7907 4881 2682 1140
3948 6858 1017 1013 949 1171 994 1052 926 931 893 955 1882
3949 6610 6983 1582 1140 4348
3950 1546 7116 5298 1140 4480
3951 6938 1578 4394 2741 3848 3908 6408 5251
3952 4756 1542 5026 2741 4827
3953 3303 6918 3909 2741 5409 1280
3954 5872 4338 7949 4339 4340 2741 2137 2146
3955 2739 6420 2741 5800 4881
3956 2721 6743 2741 4370 8171 5745 1952 7835 7841
3957 2721 3259 6421 5320 2741
3958 6581 2741 3848 2146 1269 1522
3959 911 1200 1052 915 893
3960 1136 6521 5739 5738 5026 2741 2744 468
3961 3297 7159 4375 6782 2741
3962 2741 6531 3423 2591 2593
3963 3583 2741 3935 5864 5635
3964 7005 2741 4143 2757 2755
3965 6955 739 3824 855 6951 6224
3966 6955 5019 2135 1766 4165 4190 4164
3967 3272 6955 7797 2475 5716
3968 5446 3642 6956 1489 6955 6557 2909 2910 6183
3969 7017 6955 1233 5884 6041
3970 1183 1883 893 956 1247 1163 1196 1556
3971 1762 5759 2837 4817 4816 6201 7432 5753 7164 3939 6138
3972 1762 5188 1626 1396 5189
3973 1762 1633 3971 1243 1632
3974 1762 5171 1788 6418 1744
3975 1762 2679 2680 4900 1260 574
3976 6067 1762 4901 5986 5726
3977 1812 1762 2987 4430 5602
3978 1405 258 1315 571 4197
3979 7186 4901 1743 4912 258 6322
3980 3150 5397 258 4395 7650
3981 908 895 893 1177 1884 1082 1040 960
3982 4910 4900 258 697 1652
3983 7188 6184 4162 258 2295
3984 3375 1541 258 5904 3818
3985 6956 7124 1437 258 743
3986 2239 3273 5864 1660 7295
3987 239 5059 3595 3006 7611 7295 6296
3988 6577 6179 2737 2839 7295 455 3979
3989 462 4315 7295 4519 1679
3990 1398 6532 6179 4163 1365 6523 1406 2353 7295 1499 6215
3991 3610 3821 7543 5696 7295 3933
3992 908 1019 893 993 930
3993 7017 1234 1235 6193 3867 7295
3994 4495 3586 3938 5585 7295
3995 3435 5538 5290 3890 5099 7543 7295
3996 7073 6967 7133 6665 2766 2594
3997 7792 7073 4761 4762 7702
3998 1397 5983 7073 7969 2545
3999 283 7073 2986 622 6210 3661
4000 7503 8153 4546 1308 3221 5051 7073 7925 7475 4303 7969 3997
4001 7073 8216 2934 3120 2691 3922 3249 4022
4002 7073 2733 3233 1835 1210 7721 7923 2693
4003 3202 3036 3025 3269 3236 3302 3213 3381
4004 1171 1110 1052 893 968
4005 4009 311 7073 8114 1755
4006 1147 1247 1196 1039 1282
4007 1133 7126 1190 1187 674 1282
4008 664 5296 6207 1995 1282 1406 7722
4009 972 1713 1715 1712 1282
4010 1074 1834 1247 1282 978
4011 1211 1174 1074 1811 1498
4012 1211 1074 1188 1498 1071 1201
4013 1771 86 1074 1498 938
4014 1074 2158 932 984 1041
4015 908 1168 1070 907 955 957 959 5258 900 1177 940 894
4016 1038 1032 1074 1054 1249 1039
4017 1117 6381 3711 1074 1188 1276
4018 923 1099 1074 1105 978
4019 1074 1247 1071 978 6200
4020 7132 3482 8136 7638 6993 7051
4021 8216 2934 2909 2054 2910 2911 6210 7638
4022 6528 1861 3486 7638 6902
4023 4831 5398 5730 1726 6356 2816
4024 5730 7068 6356 6554 1373 5637
4025 5730 6356 7115 2910 5637
4026 77 75 1027 80 773 1007 772 1093 4903 156 894 1606 76 78 79 1009
4027 6357 5730 6356 5427 6007
4028 6357 6356 5427 6583 6359 6007
4029 1546 1534 7331 3959 3659
4030 6716 5547 1105 3959 4505
4031 1764 5724 6534 3959 4482
4032 5035 5173 6709 5575 4835 6374 3959
4033 4545 2619 3968 4479 6597 7914 1499
4034 509 611 610 6597 7858 220
4035 485 3228 484 3371 489 6597 3621 4174 4357
4036 6597 3273 8120 3241 5696
4037 928 962 993 402 1086 5258 894 1201 1175 912
4038 1741 3519 6597 4193 3881 3154
4039 1218 1587 1857 4888 6597
4040 4840 3214 4415 3613 4495 4145 4713 4953 5218 5993 6597
4041 4900 7068 6597 7746 4346 5854
4042 4813 6401 3896 6597 7626
4043 5726 2229 372 6597 2988 1251 2146 4018 2755
4044 4901 3899 6597 4177 4896
4045 4594 4881 6507 1345 1577 3513
4046 5164 5889 1577 2146 4348 5687
4047 1466 961 6509 7429 7881 1577
4048 1167 1183 968 1162 1249 894 1196 1160 1051 905
4049 8153 6664 6986 6978 4104 1374 1577
4050 4415 1743 4178 496 4375 1577 2611
4051 1234 3930 1374 5379 1243 7168 1577
4052 3369 1577 1782 6840 5970
4053 5723 3255 1577 8129 4480 2839
4054 4178 1577 3881 335 1775 6553
4055 6275 6004 1577 4973 7427
4056 4587 7792 7803 2896 1577 7713 5317 7702
4057 2776 4878 4500 6916 3998
4058 6922 6532 3275 4878 4174
4059 8197 1653 1885 687 1641 1351 635 4947 1246 1656 1207 900 1654 894 1887 1886 676 637
4060 1324 2763 6933 1834 4303 5589 4878 6588 1220 1952 6870
4061 1324 5804 1507 5802 5409 4878 572 4601 6931 3244 7016 1410
4062 8182 8181 1243 304 4878 1399
4063 3929 1317 5979 4878 6684 2973
4064 1166 1568 4785 4004 4878
4065 5994 5915 6614 6371 4807 5230 6495
4066 6489 5994 7078 6393 3171 6394 3533 3274
4067 5994 1235 4009 3160 7176
4068 5994 5472 2297 5415 3296 6342
4069 5994 544 582 7565 1245 1166 1568 1694
4070 1183 1888 917 913 957 959 4958 894 1160
4071 6300 5994 5976 304 596 506
4072 1464 5994 1578 1585 3485
4073 5994 5736 6615 786 712
4074 1257 4417 6860 6522 5374 2253 6389 5863
4075 1257 5371 3229 5373 5595 5370 5367 6476 766 3046
4076 1257 5372 5883 5367 6476 766
4077 3038 1716 5911 1257 4717 3630 4859 6867 5793 6967 6468
4078 1257 5593 7077 610 4754
4079 1830 1257 1368 4106 2068 1817
4080 1257 2829 5798 7372 6485
4081 926 75 962 774 4903 894
4082 1257 5375 6928 4474 5073 9 2972 8175 4862 2827
4083 6407 1257 767 4717 358 6001 668 3089 6464
4084 1257 4652 7857 7811 7054
4085 1741 1324 1834 6967 5567 1455 5566 6568 2827
4086 3015 2999 5244 5088 5567 5566
4087 1902 4145 3989 5566 3466
4088 3809 7094 5790 5567 5566
4089 7188 520 6573 5567 7363 5566 3377 3637
4090 7629 7181 3208 7094 5566
4091 7284 2152 5567 7547 5566 2151
4092 1173 586 1156 915 997 1889 1086 900 894 905
4093 6339 3707 1528 6945 5566 2151
4094 7737 6479 6706 3512 5566 4504
4095 6419 7094 5567 7649 5566 3878
4096 6164 7094 5567 7746 5566
4097 3919 4737 474 632 1531 5044
4098 1508 6509 4145 7429 5449 451 284 1531
4099 6962 4977 1531 960 4978
4100 6718 5046 5353 3238 1531 5293
4101 509 3968 290 5365 7645 3056 7179
4102 4392 7179 7594 6301 5456 4502
4103 1168 1186 926 1038 907 894 1082
4104 4495 7471 7179 3081 1813 7829
4105 7148 5845 7079 7179 3965 4161
4106 2358 2722 5726 6403 6978 7550 8047 7179
4107 5682 4687 5712 5221 7179 7594 3101
4108 3713 7179 3715 7594 3716
4109 7179 7594 5088 4017 7318 7203
4110 5150 4382 5567 7568 4367
4111 1442 6967 7094 5377 5567 6481 1455 6487 6859
4112 4848 4198 3205 4206 6135 5567 4300 8055 5437 1751 4299 3472 8165 7301 2760
4113 3038 7475 5567 6989 5531
4114 3036 3280 3225 3080 3247 3125 3348 3258 3180 3025 3269 3158 3169 3337
4115 1095 928 8182 956 1104 1177 894 951 1160 1131
4116 1462 7094 4311 5567 6487 6568
4117 4209 3820 4556 7094 5567 4187
4118 6867 5372 6773 5375 6001 6967 6477 1456 4106 6486 5371 5377 5373 5595 5376 3533 5367 6930 6476 766 1817
4119 7030 3845 1263 1539 6967 1455
4120 1464 767 2935 7022 5368 4859 6867 5793 5197 6967 5238 4417 458 7070 3533 766 3065
4121 5222 564 8056 6875 6967 5373 4591 3944 5367 7636 5518 6990 2174
4122 767 6967 6482 6999 6930
4123 4407 6967 4106 1910 5377 5503 1455 694
4124 6490 4406 8139 6967 4399 5966 6474
4125 5911 1324 6393 6967 4106 1910 5377 5376 6394 1455 1943
4126 956 774 1055 910 1035 1103 900 387 7858 894 1187 1040
4127 6967 3619 2085 7362 4439 4266
4128 4407 6164 4940 6967 5503
4129 1716 2352 5784 6967 6421 6477 6506 7076 1452
4130 7022 7621 6967 4106 1910 5377 1455
4131 5593 5497 1810 6867 6967 1332 6497 766
4132 5368 6867 6773 6161 6967 4306 4106 1910 5503 1455 4860 766 6389 3065 1817
4133 3918 3149 1787 1785 1804 6967 4106 5883 1455 6742
4134 1716 5911 6967 3619 2156 6537 5534
4135 2439 6967 7679 2816 6719 4266
4136 1716 6567 767 6490 4305 474 6967 3229 5377
4137 949 928 895 971 997 1032 1008 955 957 774 930 909 894
4138 5911 2299 7840 6967 3485 5503 2937 6719 4486
4139 4131 593 6967 3111 1910 3267 1455
4140 5532 6874 6967 1456 2156 6389
4141 8058 4489 3628 6967 2061
4142 3053 6466 3210 6967 7622 8116
4143 4845 4408 6489 6967 3450
4144 609 1461 1329 6967 1456 4210 1463 1579 3395 5690
4145 8057 8139 3628 6967 2238 6481
4146 5907 7629 7429 1118 7494 6742 7433 1105 6979
4147 6542 3623 1018 5572 1105
4148 1173 994 1183 1165 917 900 1247 894 951
4149 8127 6032 1064 1042 1105
4150 1222 1005 1727 1305 1550 1109 918 1105
4151 1254 937 1253 1015 1057 1105
4152 3578 2437 3537 616 1105
4153 3623 3168 939 1105 7043
4154 928 86 1005 1009 1022 1105
4155 4310 2406 8049 4812 1066 1105
4156 923 1018 1252 1305 1105
4157 7503 3369 3610 3179 1782 1887 6379 6186 1105
4158 2620 496 7735 7748 5846 1513 3519 495 6924 6826
4159 1807 895 971 900 894
4160 1344 4576 6316 6826 4839
4161 6419 3493 4345 6507 6598 4253 6826 6569
4162 1467 4506 6009 6826 6008
4163 4662 7240 2961 6341 3657
4164 1863 3667 4487 1453 3657
4165 7691 3391 3657 4192 6870
4166 7019 4535 1534 7331 7059 3657
4167 6666 3347 526 1594 1530 8164 1439 1437 3657 6905
4168 1643 4352 3160 1726 3273 3657 6870 6793
4169 7024 5379 4499 2820 3657 6296
4170 1169 1008 910 5258 894
4171 5965 5434 4126 5263 1379 588 6999 3835 1631 7721 1288
4172 539 7997 3816 3835 2544
4173 6998 511 3835 4325 228 3468 456
4174 3511 7078 7625 3838 3120 3835
4175 7186 7126 3838 3835 1995
4176 7078 7159 5455 1454 1453 6566 3835 8115
4177 5353 4719 3835 3935 240 4017 5354
4178 1719 3713 1585 3715 1409 3268
4179 2219 1719 3075 1705 6849 4109 4237
4180 1719 5222 2972 3944 3850 1690
4181 922 1180 1184 1167 915 1132 1044 907 5258 1162 1177 1147 940 894 1082 1040 912
4182 1719 2124 1166 1568 7089
4183 7538 1719 7537 7867 2777 7301
4184 1719 3097 2607 2859 2608 2605
4185 5173 3431 7481 7479 3671
4186 1750 4227 5173 4552 4215 5442 1422 4557
4187 5173 5048 4680 5122 4668 4660
4188 5173 8138 4552 2406 6684 146 4022
4189 5173 6684 2076 5437 146
4190 565 7642 4964 2342 2172
4191 4374 7642 4496 2548 8102
4192 967 82 900 894 1098 1040 1517
4193 7642 6961 2081 4650 7982 6010
4194 7757 7642 4728 2548 7590
4195 347 5222 350 3944 2942 2973
4196 5910 2996 6319 1703 960
4197 1133 1186 911 3146 5398 1104 960 3659
4198 1052 4352 6313 1809 968 1160 960 6939 1152
4199 1016 1049 3493 5399 1048 554 1188 1011 1053 960
4200 1385 5686 6590 1185 549 3300 960 2276
4201 2981 1516 1535 7781 1178 1195 1187 3473 1556 960 912
4202 1112 1550 1109 1053 970 7626
4203 1135 954 943 894 1550
4204 653 975 1188 1109 1071
4205 1034 946 975 1550 1109
4206 1054 1116 1098 1109 918 8143 6013
4207 611 1109 4707 7917 4738
4208 7257 5265 4351 5352 1109
4209 1407 7665 1109 2746 6185
4210 1043 1548 1042 2948 1118
4211 1043 86 653 1548 1717 1063 976
4212 1548 1215 1188 1101 1175
4213 922 1117 1548 1717 6013
4214 1184 1167 1132 1111 1035 930 967 900 894 1098 1160 1498 1255 1041
4215 1548 1145 954 924 1062
4216 565 1549 568 1693 1690
4217 4104 5495 1707 1549 7288
4218 3849 1549 3944 3850 5251 1601
4219 5412 3832 1821 465 3262 6443 1809 1549 1079
4220 4673 3843 1549 453 4660 5032
4221 1005 1550 1009 938 1062 412 939
4222 1056 1005 1048 967 1550 938
4223 974 975 7062 1550 4863 4865
4224 1550 1713 1715 1084 1284
4225 3036 3313 3169 3213 3337
4226 1345 894 1709 1187 951 1051 905 1220 1108 1131 1890
4227 1516 1116 6855 1550 8143 1071 1009
4228 1001 1256 966 944 1023
4229 966 1067 943 1022 1062 1057
4230 5035 967 1276 1724 1057 1010
4231 1016 1256 937 967 1011
4232 5350 5360 5264 4966 5122 2770
4233 4741 4742 2770 2244 5854
4234 4887 3455 2770 5457 7578
4235 5895 4687 7881 6933 3352 3234 2770
4236 1800 1369 2901 3953 2770
4237 1167 1008 955 1206 956 1061 1021 904 940 4903 894 78
4238 1672 5095 4400 4779 2770 4952
4239 523 3195 2986 2770 3840
4240 3496 3843 4640 4984 2770
4241 4270 4955 3455 2770 5293
4242 4398 4385 4472 437 3305
4243 1664 3143 4472 8059 5578 5710 5873
4244 1283 5590 6649 4613 3325
4245 3351 4721 3006 6522 3998 6985 3325
4246 3301 739 3824 3049 3325
4247 7021 1901 1556 3174 3325
4248 1104 900 1178 894 951 1059
4249 6911 5804 1510 5119 1269 1037
4250 7086 3487 3221 3349 2364 1037
4251 5790 1423 5179 1301 1037
4252 5587 1037 6793 3256 1908
4253 283 4977 8125 4978 1037
4254 1778 3632 2992 1037 5971 1908
4255 4009 1300 4264 7227 1037
4256 4396 5251 8125 6853 1037
4257 5529 1119 918 7307 1037
4258 1532 6250 8047 260 6920 6468
4259 1169 402 1035 5258 894
4260 3667 1439 260 6791 6570
4261 6420 1688 8159 7108 260 6412 2252 6800
4262 6849 260 2777 5987 5490 5456
4263 6641 7011 3221 1595 3205 1505 260
4264 1491 6704 1490 4394 5569 260 7431 6993 6871 5163 5571
4265 3435 8148 260 4838 1220
4266 264 1469 584 583 260
4267 6556 4631 2988 260 7474 4018
4268 2471 6199 260 3708 3187 6448 5873
4269 7473 6451 6724 7495 4917
4270 1173 915 1132 1147 894
4271 7473 5759 5582 555 7092
4272 7473 1746 1740 6503 2428 1745 3819
4273 2981 3170 5770 4662 2982 1195 2933 1318
4274 5770 6960 4206 6859 3212
4275 3063 5770 2219 6934 4902 2755
4276 6067 5770 3600 2756 2757
4277 5770 1765 6403 4715 4716
4278 5770 3399 3400 3398 4864 4863 4865
4279 5770 545 1809 1632 549
4280 6525 3087 5150 8060 5972
4281 1167 1186 1132 959 894 1187
4282 2486 3855 6411 620 8012
4283 5448 517 3068 8012 2441
4284 4712 431 8012 4015 5460
4285 1110 1898 968 1054 1051
4286 1110 974 975 939 1846
4287 1016 1110 1898 1054 622 918
4288 1110 1535 954 920 937
4289 1016 653 1110 1085 1083
4290 5375 4306 7461 6572 2079 8061
4291 2060 5921 6006 7745 6572
4292 1183 917 907 774 1111 1104 1247 1591 894 1041
4293 7067 7589 6986 565 568 6135 7296 6572
4294 6497 7306 699 7427 6572
4295 5411 6311 5908 6988 6572
4296 1469 584 4587 2896 6572
4297 3069 3114 3359 3169 2969 3370 3381
4298 3102 3247 3147 3348 3180 3236 3359 3091 3014 3169 3213
4299 3102 3247 3180 3313 3359
4300 3069 3392 3114 3359 3169 2969 3370 3381
4301 3313 3269 3236 3302 3359 3091 2969 3213 3381
4302 3114 3180 3313 3359 3091
4303 1110 915 1132 913 907 956 1055 1111 1048 1104 1054 894 1011
4304 3236 3359 3091 3370 3213 3381
4305 3069 3280 3102 3080 3147 3091
4306 3280 3225 3247 3180 3158 3191 3381
4307 3069 3280 3180 3158 3370 3403
4308 3392 3202 3280 3225 3102 3147 3236
4309 3392 3280 3225 3102 3114 3147 3014 3381
4310 3324 3280 3114 3147 3269 3158 3236
4311 3324 3280 3102 3247 3136
4312 6014 5703 5670 6223 5969
4313 5703 5847 6003 5670 6223 5647 5903 6036
4314 1168 994 916 1165 917 913 954 910 1162 894 413
4315 5703 5892 9 6223 5969
4316 5758 5991 5670 5880 6223 5647 5869 5903 5747 6036
4317 6025 5991 5 6223 5647
4318 2733 2909 1210 2910 7439 1285
4319 1485 7533 990 1285 6296 6077
4320 2838 1411 2704 2756 1285 5687
4321 6278 6342 3462 1285 1495
4322 786 3295 7439 1285 5782
4323 3275 6187 5088 7288 1285 1652
4324 219 243 242 3625 1285
4325 928 950 895 1169 954 956 959 920 967 896 900 894 905 960 1175 912 948 1152
4326 296 480 8102 446 5045 441 5027 600 269
4327 3349 3255 3273 2992 269
4328 5184 7494 6473 7742 269
4329 1208 3921 3440 8062 3256
4330 7002 5446 3823 1378 738 6163
4331 1193 5446 5900 1610 8129 1865
4332 2979 5446 7335 3177 1249
4333 6335 5446 1166 1568 1468 3175 3462 5554
4334 5446 2405 2236 2475 2406
4335 4600 5446 2486 6780 3678 6224
4336 3036 3047 3258 3180 3269 3158 3236 3302 3014
4337 908 75 962 1008 904 1163 894 982
4338 2471 6027 745 5446 6155 6669 2487 7446 2472 2468 6113 6224 755
4339 5446 1714 6780 5525 857
4340 745 5446 3726 738 6459
4341 6155 2487 1378 746 6557 738 1468 855 784 6160 857 5558
4342 742 6557 738 1725 6446 5669
4343 739 1703 738 8158 2489 6459 6224
4344 5891 6155 7224 7446 746 854 6113 738 5780 1725 1758 6459 6951 1747
4345 6027 745 741 739 738 5780 6951 5558
4346 7002 6155 2486 7224 7446 746 7557 1229 738 743 1758
4347 3726 738 743 3175 6446 5669
4348 1060 1169 1035 1104 894 912
4349 7954 7598 1714 2468 6176 6165
4350 6367 2487 7224 2488 6165
4351 261 742 6176 6165 6160
4352 2468 6176 6165 5255 5554 857
4353 745 6002 6176 743 6165
4354 6155 7446 742 6113 789
4355 6155 7224 2488 3726 6446
4356 6155 5343 7446 2996 3726
4357 6027 5891 2474 6155 7446 2468 855 6446
4358 6155 741 855 6446 1747
4359 1180 908 1173 1184 994 911 1070 1132 1165 1008 5258 1177 940 894
4360 6155 6669 7446 854 855
4361 6155 7446 3726 3175 855 5669 5558
4362 3271 1472 3383 265 440 1474 3154 3268 506 3659
4363 5365 3623 2764 315 3659
4364 2240 1701 2241 4518 5716 5457 3659
4365 1860 2730 774 7173 3659
4366 6911 6702 6365 2076 5518 6994 3659
4367 2742 4550 2743 7230 7914 3659
4368 6824 4328 6422 7528 468 3659
4369 1193 4940 1194 678 2596
4370 1186 917 907 1162 1178 1247 894 1039
4371 1234 3867 1306 678 5519
4372 2364 302 4821 5381 678 7342
4373 3978 7583 1355 7627 678 6976
4374 3053 5512 3084 4107 2718 3143 428 3109 3165 145 5637
4375 1050 8299 4947 120 1887 3625
4376 1721 4215 8063 1833 1832
4377 6205 2975 2977 4497 3632 4484 4486
4378 5721 1239 1326 2975 8117 2771
4379 3391 2975 2977 6696 3632
4380 2975 7875 8120 8118 4484 7342
4381 895 1893 1405 894 1275
4382 3652 1326 2975 2976 3632 4484 5776
4383 1157 1889 1209 2975 2976
4384 7907 2975 6790 4751 1240
4385 7907 1326 2975 7189 3671
4386 4510 3507 3323 2995 4343 5040 1326 2975 3322 8118 7259
4387 3255 2976 2977 3632 5882
4388 1176 3013 2976 8118 4484
4389 3146 1224 3013 2976 7189
4390 3013 2976 7487 7189 6865
4391 2978 2909 1210 2910 2911 2188
4392 1894 907 959 900 894 1041 901
4393 2978 4006 7442 8000 3165
4394 1756 2978 1706 4968 7487 3973 7170 1708 591
4395 6300 5783 2743 7363 3466 8000
4396 6300 6621 622 6623 6622
4397 6300 6209 2909 2910 2911 4016
4398 7357 3715 6885 3716 4367
4399 5423 7357 7131 421 3428 3859 6494 6966
4400 6298 7357 6482 4405 7737 6862 6863
4401 7357 6482 5238 7844 4978
4402 3474 6603 4840 4359 7685
4403 89 1180 1016 946 894
4404 4602 3474 509 3586 7958
4405 3474 1787 2804 6783 2724 7488 7253
4406 264 3474 544 584 6384 4501 583
4407 3474 6707 5487 5381 6905
4408 3474 3728 4283 5290 3469 315
4409 3474 2759 6178 3637 1817
4410 3149 6773 4155 3707 1794 1106 4206 5979
4411 5403 5912 8169 1794 7075 6476 5072
4412 2998 7550 2999 1794 551
4413 1795 2767 1794 3446 1473 8165
4414 1135 1778 895 997 921 966 967 902 940 965 1282 960
4415 1743 6702 2678 1794 2683
4416 2981 3149 4879 1466 3298 7429 2230 1804 7551 4004 1794 2982 1195 1537 5589 5490 6842 2760
4417 476 3277 4900 3275 1794 2704 524 1399 4898 694
4418 2358 6403 611 1794 4715 2591
4419 605 5949 4353 2849 1794
4420 3511 4735 6451 1794 4505
4421 1795 1367 4546 2767 1411 154 2230 6691 3884 1794 1530 1437 3064 4538 3885
4422 1369 2232 6551 1794 4898 4174
4423 2837 1794 4968 2952 6985
4424 6641 8181 1794 1243 7872
4425 1133 1200 1019 895 907 956 957
4426 1324 2767 2935 6874 3502
4427 1507 4598 6699 1260 3502 1806 4601 7947
4428 1044 4375 6691 3502 3374 1432 1745 4232
4429 3252 1266 2236 52 3502 4163 7758
4430 1366 3928 1371 3502 1315 1297
4431 1507 6699 2157 3502 3230 4576
4432 3505 3905 3502 1090 6915 4334 1410
4433 4534 6867 3502 694 8135
4434 7836 3146 3208 1166 5398 1568 3502 5984
4435 6858 3054 6608 7250 243
4436 1174 1895 1038 895 1111 1104 1207 1249 940 1645 960
4437 1027 773 1021 79 1009
4438 6135 2711 6965 5556 7955
4439 1367 6931 1194 5556 4885
4440 7087 5556 7982 4890 7478
4441 1491 4521 6484 5556 4520
4442 7077 4399 5993 6531 4861 5556 5966
4443 149 7154 5088 5514 5556
4444 1299 7075 1783 5556 3382
4445 6511 3297 4145 6500 6541 4571 5987 3095 6791
4446 1457 520 7432 6671 3374 3233 2575 3095 2766 7052 4357
4447 8289 37 8278 4 15 26
4448 3291 3036 3047 3324 3280 3080 3247 3058 3114 3136 3091
4449 1173 1174 994 1183 915 1132 913 1038 895
4450 1042 1384 2995 4343 3095
4451 7024 7090 5575 3095 684
4452 2717 2718 5697 3095 7815 7917 1302
4453 1643 6375 7858 3095 2596
4454 5568 2990 3163 7533 3095
4455 1329 1716 5911 6537 6107 3095
4456 3668 6184 5499 5306 3095
4457 4741 4740 5054 3095 4876
4458 209 211 210 1009 6982
4459 995 79 702 2158 1009 775 776 84
4460 1167 994 1165 1038 895 910 1249
4461 1016 968 1011 1009 1053 1010
4462 954 1256 1005 944 1023 78 1009 1022 970
4463 1005 1252 79 1009 938
4464 4903 156 78 995 308 79
4465 963 983 90 4903 79 933 2158 985 984
4466 86 899 1147 79 1062
4467 1252 79 933 985 984 84
4468 89 88 774 1006 83 79
4469 79 1139 702 2158 932
4470 1021 4903 1139 1151 3332
4471 915 1049 895 1311 1896
4472 1132 913 919 773 4914 1517
4473 1056 773 977 1313 1759
4474 622 156 1418 995 280 5555
4475 6014 5725 11 3291 5 5980 5647
4476 5703 8 5836 5 14 5980
4477 5825 5980 6058 5914 5947 12
4478 6014 5658 5 5980 5969
4479 5158 8299 5836 5980 5914 5636
4480 5858 5792 5703 8 5980
4481 11 3291 8 5991 5 5825 5980 5969
4482 1223 1095 1167 1186 1038 913 895 1169 956 5258 1104 1162 1147 1178 943 1022 1175
4483 5725 5980 9 5880 5636
4484 5958 5758 5980 6058 5969
4485 5936 5703 8 5980 5947
4486 11 5980 5814 5681 5636
4487 5847 14 5980 5670 5803 5747 5636
4488 5703 5980 5903 5814 6036
4489 5858 5792 5 5980 5903
4490 8 5980 5670 5880 5747
4491 8 6025 5991 5892 5980 5747 5947
4492 5991 5836 5892 6003 5825 5980 5647 6036 5636
4493 1017 1173 1168 1200 1038 895
4494 5858 5703 5714 5758 5980 5880 5903 5969 6036
4495 5847 5892 5 14 5980 5914 5636
4496 8 5836 5825 5980 6058 5969 5914 5947
4497 5069 5892 5980 5647 5803
4498 5714 5758 5892 5980 5814 3542
4499 5980 5647 6058 5814 5969
4500 5758 5892 5736 14 5980 5747
4501 6014 5892 5980 5803 6036 5914 5636
4502 2078 3845 4568 5918 569 4753
4503 2078 6201 6466 5001 6933 3913 2710
4504 1110 895 1032 1074 910 1247
4505 484 3371 463 489 297 490 299 482 4356 1840 464 394 3368 3621 488 1839 7649 438 483
4506 289 4353 552 482 4626 1096 464 1799 494
4507 6619 1166 482 1696 6620 1463 4187
4508 482 464 3913 7702 6241
4509 2072 482 5111 464 6273 7362
4510 2998 5894 1461 6962 1350 5721 5862 6784 5486 2999 4604 2987 482 2961 4631 5244 2704 5697 4621 2575 6341 1678 4346 8165 5107 698
4511 5735 4604 482 464 1453 6742
4512 484 3371 490 482 1840 7649 438
4513 482 7081 8064 6526 494
4514 486 485 484 482 438 491
4515 1180 1174 1168 1004 1132 895
4516 8159 605 6532 630 4944 482 5409
4517 1895 5919 3928 555 552 6928 482 2740 3457
4518 482 464 7818 494 312 6552
4519 6298 482 4405 494 5441 6904
4520 3200 1816 3254 1489 2837 3277 6530 5051 649 1404
4521 4171 1507 1358 649 1572
4522 7092 4501 649 6410 3440
4523 1283 2214 649 549 5697 1318
4524 2471 7002 7557 3264 649 3726 784
4525 3271 3254 2837 5958 3383 649 3268
4526 1180 1173 1174 1167 994 1200 913 1038 895 1897 1035 1247 1196 1498 1435 1276 978 935
4527 7188 477 8164 649 8162
4528 6788 3271 1472 649 2477
4529 3272 3271 3387 2475 649 2575 280
4530 649 4538 263 3384 7832
4531 3272 227 3271 2472 649
4532 3254 7280 2837 2743 649
4533 649 6392 6914 6873 6504
4534 296 289 298 1096 219 596
4535 2765 286 618 296 6324 283 1096 3232 620 4237 228 468 238 472
4536 2994 296 1862 1538 6193
4537 1174 911 1183 915 1038 895 1898 1032 957 959 552 1104 1160
4538 4600 296 3713 3389 3715 1416 1775 3716
4539 3149 296 584 578 5448
4540 286 609 223 296 606 3297 610 231 504 290 7969 287 517 221 229 233 243 240 483 468 238
4541 296 3908 1221 7548 4746
4542 3048 3170 296 2946 7077 3205 285 3399 3400 219 229 3398 284 3423 468
4543 296 4135 589 4398 276 221
4544 3833 296 7280 611 236
4545 296 7280 5450 276 221 284
4546 296 606 290 7543 238
4547 296 7280 241 610 231 290 234 224 276 293 236 287 301 229 243 242
4548 895 1032 1185 1006 1713
4549 2765 6641 3866 2358 296 7132 604 2777
4550 231 301 300 624 6723
4551 606 241 3913 3248 624
4552 4715 287 301 229 233 624 243 4716 240 220 8125 238
4553 7474 624 3306 2088 7172
4554 236 301 4417 624 243 238
4555 231 283 6217 622 287 229 624
4556 6910 650 6533 8131 7311 2133
4557 2232 4833 650 1453 3423
4558 8153 8091 7814 8080 650 7865 4292
4559 3202 3291 3036 3047 3324 3280 3225 3102 3247 3058 3313 3269 3091 3014 3169 3213 3191 3337 3381
4560 1167 915 1899 895 1902 1104 1900 900 1177 1178 1901
4561 508 589 276 650 3338 6303
4562 650 247 300 1680 468
4563 4341 4399 7415 5993 1541 650 6479
4564 7645 650 300 4915 695 7953 449
4565 234 650 3876 441 6211
4566 650 5448 251 233 240
4567 7153 6636 6878 2604 6387 6429 2813
4568 6878 2604 6387 2817 6388 6429 2813
4569 7783 2604 6387 2817 6388 5883 2813
4570 7783 6878 2604 6387 2817 3889
4571 1223 928 1004 1135 75 1060 895 1008 955 5258 951 1160 1022 1131 912
4572 2938 2932 7183 638 715
4573 6617 1816 7734 3235 1696 5165 5798
4574 5889 6419 6995 3909 7130 7138 3235 3817 7477 2704 5918
4575 1308 6532 5738 593 3235 5687
4576 3917 4913 5532 8114 1505 572 4671 1844 2590 1404
4577 1566 8114 8119 4197 5971
4578 7092 553 8114 3110 551 6110
4579 2134 8114 3163 6312 2594
4580 3623 8114 5534 5096 1842 491
4581 6492 6313 7792 7803 8114 2252
4582 1211 1807 1038 895 1032 957 2224 1905 910 909 1147 1247 1904
4583 1244 6339 8114 1251 6605
4584 3411 2946 5474 2752 8114 3177 7331 1533
4585 8114 6843 6844 4497 3393
4586 7019 3349 8114 1078 5688
4587 7024 5702 7665 6297 7164
4588 3298 6941 7665 1526 2735 3300 621
4589 2722 2719 3711 5752 7665 8116 6110
4590 3411 7665 1426 1045 2704
4591 3978 1879 1911 7665 1684
4592 4841 4672 1742 5087 4729
4593 1167 1132 913 895 1177 1178
4594 7954 7471 5087 8065 5052
4595 4680 7288 5087 5288 2696
4596 4675 4132 5101 3097 7664 5087 4133 7650 2172
4597 1907 5087 7333 5189 1272 1388
4598 2953 5087 1884 2696 2915
4599 3586 7664 7471 5790 5087 7333
4600 4132 7664 5087 7333 4133 8065 444
4601 5087 3238 7333 443 8065
4602 4848 3884 6529 7427 7832
4603 1716 1490 6875 5569 7832
4604 949 75 1019 895 921 4903
4605 4399 7648 7738 7462 6483 4285 7832
4606 227 2754 4902 3881 2756 2757 7832 2755
4607 2439 7679 7131 5377 2268 8024 7832
4608 2057 8176 8177 4010 5104 2716 7832
4609 1398 5738 2721 6963 1709 4593 1108
4610 485 484 3231 1709 3661
4611 1709 1108 3430 1708 3185 413
4612 3943 3715 3248 1289 2831
4613 6193 3867 2831 5588 1612 2596
4614 1796 1645 3187 2831 7529 3982 1545 1533
4615 913 895 1169 1178 944 912
4616 5778 7549 7842 4142 4679
4617 5658 6003 5880 5869 5903
4618 8299 5758 6003 5880 5636
4619 5703 6025 6003 5 5825 5670 5869 5747 6036
4620 3069 5703 5847 5714 5892 6003 5 5880 5869 5803 5747 5969 6036 5947
4621 4897 6983 5733 4773 2756 4325 2757 2755
4622 1765 1566 3120 4022 4325
4623 4026 1235 1233 3867 1306 5519
4624 1235 1233 1306 5523 5519
4625 1193 1535 1232 1233 3867 1306 5519
4626 1180 1173 1072 911 1200 1860 915 895 997 959 1163 1187 1160 905 1073
4627 1234 1233 1306 4022 2751
4628 3242 5220 3727 5719 1306 3154 3637
4629 1411 645 4761 8168 6675 3478 5776
4630 1271 3006 8168 4010 4211 5104
4631 1537 8168 5585 3212 5501
4632 2297 5981 1572 8168 6553 3488 5107
4633 3038 5400 3369 1782 8168 1783
4634 1218 1816 4489 8168 3912 1676
4635 6784 4633 1241 8168 3489
4636 3006 5870 8168 3922 6110
4637 1052 916 917 895 1224 1130 1035 909 1178 1071 1046 1152
4638 8058 8168 1783 6041 6438
4639 3978 6313 3349 7919 3220 6744 2593
4640 5432 3943 6313 6184 5005
4641 1565 1360 6313 1539 1379 1405 1190 1907 4395 5323 8135 3060
4642 5095 5049 2889 6313 1998
4643 1308 3221 6313 6804 3997 6523 1272 755
4644 2759 3201 6324 6313 1422
4645 3985 3266 6313 1834 4264 5119
4646 4009 6313 1900 8118 1908
4647 5049 573 6313 6844 1720
4648 1016 1052 1132 895 1040 84
4649 6313 3120 4022 4078 2839
4650 2955 6313 1746 2428 3596 1745
4651 7999 4342 6313 3226 6623 6622
4652 476 6576 2678 3190 3996
4653 2364 3153 5864 3996 4294
4654 1862 4275 2896 4007 3996
4655 334 3242 1683 1477 1480 3996
4656 334 1683 1818 3652 3996
4657 1482 1688 1582 1589 6412 2366 1808 3996
4658 3254 2837 7446 2395 2982 7768 3996
4659 1184 950 994 1038 913 895 930 896 951 1059 905
4660 4310 2240 1701 2241 2773 2756 3996 2757 8000 4486
4661 2981 8014 2982 1195 1799 4363 3996
4662 4573 3663 3957 3004 3996 3005
4663 4673 2966 1509 1596 7768
4664 1509 1477 7188 1411 1539 3150 5822 4053
4665 1812 1509 3817 7021 6839 6376 3174 1294
4666 4418 1509 5866 6998 3148 4634 1601
4667 1795 4418 1509 6517 4732 506 7472
4668 1753 1888 1509 7476 6452 1578
4669 1509 3178 313 3912 6905
4670 3392 3202 3036 3125 3236 3302 3169
4671 1223 1168 1171 1038 895 907 957 1055 974 1048 1035 968
4672 4127 1509 1798 2713 4146 1631
4673 6567 1888 1509 6691 4192 7325
4674 1587 1509 2735 2766 1801 1802
4675 1509 2404 7531 5976 3148 5977
4676 216 1509 1232 5893 6197 6129 4697 1454 5575 4835 6374
4677 6567 1888 7326 1509 7476 6452 6972 5207 4192
4678 1509 3255 3963 1742 5904 3819
4679 7326 1509 6452 6972 2777 4192 1676
4680 3924 1509 4330 3181 4733
4681 2257 1509 6452 6972 4237 5886
4682 1004 895 1032 1074 910
4683 1888 7326 1509 7476 6452 7497
4684 5007 1643 5582 1509 5987
4685 1509 3942 6907 7768 4161
4686 1777 5108 6339 5398 608 7590 5776
4687 5894 3184 1395 4618 4560 608 1634
4688 7011 7160 4155 3707 3848 6588 608 3300
4689 1457 1538 3189 3188 4591 4593 5240 608 684 3890 5696 3265
4690 3184 1897 3189 608 1077
4691 1089 3652 3189 3188 608
4692 3386 5958 3631 3187 608 3060
4693 653 895 907 1727 1054 1249 1188 1039 1498 901
4694 3184 8014 4330 2982 3188 1195 608
4695 7092 5865 608 2839 4283 3256
4696 3184 5810 5705 3188 3976 608
4697 1754 4132 4148 4133 608
4698 3184 5228 311 3188 608 468
4699 3184 548 3189 3188 608
4700 2902 1888 6928 693 5072
4701 1535 1888 6907 6874 4517 1596 5691
4702 4546 2705 1888 1274 4613
4703 3866 1308 1888 6912 1746 2428
4704 1132 895 1130 1055 1185 5369 1726 1247 1906 898 1039 1498
4705 1888 7326 7476 6452 6972 3190
4706 1888 6452 5749 6410 3185 1676
4707 1888 7724 6127 1667 6522 6389
4708 1136 3930 6986 1888 5413 1526 6715
4709 1888 2838 6620 6937 7534 7198 3268
4710 1888 7326 7735 6452 6972
4711 4408 1888 3485 6493 7769 3486
4712 1777 3184 1155 6186 6390
4713 1777 3184 7551 3188 3187 6392
4714 6336 3184 3189 3220 1155 6378
4715 1168 895 907 1056 1098 1071
4716 3149 4845 5164 3184 1136 605 3507 3098 5216 5399 1245 6822 3189 1096 2744 3188 4417 4329 51 4505
4717 4545 3184 5219 1610 7714
4718 3184 1136 4555 3120 2744 4022 694 693 6696 1288
4719 3916 3184 3298 3386 8014 5532 3221 6452 2707 3189 7354 4992 5527 1676
4720 3184 7949 5108 3226 7847 7487
4721 3184 5572 3188 5984 3440 6988
4722 3184 5108 3189 3188 1896
4723 3184 3146 5398 3189 3188
4724 3200 3277 3179 6933 3275 1676 5433
4725 7320 2996 1696 1910 3064 4621 8154 1455 6951 6553 5107 1676
4726 1050 895 1086 5258 1907 905 8129 1201
4727 7476 6452 6972 4192 5886 7497 1676
4728 4468 5872 3386 1646 1676
4729 2239 4321 1318 5886 1676
4730 4106 6132 1676 5687 1817
4731 3052 1472 3270 2477 1676 3637
4732 3271 1472 582 3396 4196 1676
4733 3964 5412 1587 3968 6452 6972 1276 1676
4734 7126 1491 1490 554 3190 1676 5571
4735 6452 6972 4321 4192 1676
4736 465 5922 6452 6972 2917 1755 8154 3190 1676
4737 1034 1132 895 968 1162 1215
4738 5495 6319 5888 1175 1676
4739 3617 2707 3187 6448 1676
4740 6581 6718 2946 5993 1676
4741 5872 4338 4339 4340 2059
4742 8182 4338 6319 3652 1664
4743 5872 4338 4339 1664 5873
4744 3048 5872 4338 4339 4340
4745 1895 5872 4338 4339 3490 5001 6645 4340
4746 6783 5872 4338 4339 7109 7925 4340 4421 8175 7472 5687
4747 6641 8182 5872 4338 4339 4533 5687
4748 1038 895 1032 1247 1908
4749 2124 5872 4338 4340 5710
4750 5872 4338 4339 8120 6939
4751 5965 5872 2946 4338 4339 4340 5455
4752 5872 4338 4339 4340 3708 3187
4753 2358 6403 4338 1587 4339 5754 4715 2366 4716 3265
4754 4338 4339 6733 6848 5852 4340 5477
4755 5872 4338 6321 7795 2598
4756 5872 4338 3255 6214 4340
4757 3351 5872 4338 4339 4340
4758 4599 4338 7124 3150 7229 6940
4759 994 1183 1038 1909 895 1032 909 1249 901
4760 5872 4338 4339 4340 1664
4761 286 5872 4338 4339 4340
4762 3386 4339 2707 3708 1694
4763 4339 2707 3631 3187 5886
4764 3711 5872 4339 4340 1664 2600
4765 4516 1266 4339 5793 4340 3962
4766 4339 2599 4340 4469 4746
4767 7327 6783 4339 7962 6292
4768 4575 5872 4339 2707 3187
4769 5872 3282 1664 1330 8052
4770 911 895 957 959 1055 4958 910 1727 896 943 970
4771 767 5872 4401 4340 5635
4772 5872 2955 7343 6527 4340 4532
4773 5881 1235 1644 147 4340
4774 3090 4761 4340 2704 7012
4775 5059 4386 7633 4340 5477
4776 4340 4469 7962 5689 3322
4777 3038 7622 7372 6487 1943 2827
4778 5060 5442 2610 3081 6505 511 2827
4779 1515 512 6298 1595 5306 4405 4363 6134 6133 4174 2827
4780 4560 1415 3176 2827 6964
4781 3392 3036 3047 3280 3247 3169 3191 3337
4782 1068 950 8036 916 1165 1038 895 920 1185 1910 896 1249
4783 6381 6178 8216 2934 5473 2691 6989 1499 2827
4784 4786 5697 6840 1757 8066 2827
4785 5545 7619 5237 3875 4738 4292 2827
4786 4534 6301 5456 153 2827
4787 509 5702 611 4812 3437 7466 4734 2827
4788 3159 4106 7427 1817 2827
4789 1810 8016 5798 2827 7072
4790 1800 3301 1477 1244 3193 1409 1877 2827
4791 1756 6688 6481 6487 2827
4792 545 4024 1412 3486 2827
4793 1095 1070 1044 1050 1038 895 907 1074 1111 5258 940 1082
4794 6199 1456 3154 6860 6522 5374 2253 2827
4795 4901 3715 4206 6968 6970 4177 1751 7329 6946 3716 2827
4796 4417 6860 6522 5374 2253 2827
4797 2946 6933 1723 5589 3629 1736 1152 2827
4798 4667 3418 4683 4666 421 7547 4650 4752
4799 5038 4666 4838 5120 5663
4800 7679 4666 5442 6497 699 7054
4801 1464 6489 7789 8147 4406 7681 7272
4802 4127 3159 3929 1594 1190 7547 1679
4803 3522 3521 5153 4127 7547
4804 1173 1072 1167 8036 1132 913 895 997 1008 956 957 930 968 1162 1178 1550 1517
4805 4127 6367 3961 4328 7547 6041 3241
4806 5234 4127 1810 7077 2070 5993 5409 7547
4807 4127 1854 7163 7547 5384 5449
4808 1753 4127 5790 7547 3012 3662 4283
4809 7547 3443 1079 6520 6185
4810 3964 4103 5038 289 3260 4135 508 3968 4737 5093 2221 7248 5293
4811 1866 4986 4148 7436 4952 5227 4709 5293
4812 7063 1896 4370 2544 5293
4813 4677 4745 4946 4753 5293
4814 5222 3411 3944 7440 5293
4815 911 1200 895 907 1032 957 956 1162 900 1082
4816 5038 1515 1332 1333 5293
4817 5360 5048 5046 3453 4709 5293
4818 3112 8169 3417 5163 5052 5293
4819 1798 4748 4745 4946 5293
4820 395 4748 4745 4946 5293
4821 1157 1209 3664 2811 2751
4822 6405 3257 4509 3629 7543 2174 2751
4823 6938 685 4918 1377 549 3816 2751
4824 465 4312 7176 3860 3319 2751
4825 6669 3635 2613 3384 5519 145
4826 895 956 920 1185 1098
4827 1078 6193 1233 5884 5519
4828 1234 1232 1239 6193 1233 5519
4829 271 2752 3110 6744 1301 1079 5696 5519
4830 5415 4671 6342 4491 5519
4831 6168 2486 2368 2996 1229
4832 3271 2487 2486 3270 3387 3383 2475 6891
4833 2486 856 7224 6176 6780 5558
4834 5891 741 6669 2486 856 2488
4835 5891 2486 5780 6951 755
4836 6027 745 2474 3301 6669 740 2486 6224
4837 895 1055 771 4903 674
4838 8161 2990 5525 4671 1404 1373
4839 7030 6575 8174 3148 4186
4840 6573 5471 5097 421 221 4838 4186 8067
4841 1283 4598 6573 3066 5572 438 3449 6196 4186 7248 6315 4507
4842 4139 2085 6434 4186 7074 7727
4843 2084 4604 1460 4124 524 2291 4620 4186 3327 4507
4844 4375 3438 265 5901 4186 587
4845 4672 283 5056 2842 4680 8102 4668 3222 4749 4764 4876 4664
4846 231 4760 3222 4187 6742
4847 3978 5049 4986 4966 4193 3222
4848 911 1911 895 997 411 1178 905 1175
4849 6178 3453 4760 3222 4709
4850 5185 4130 2712 5103 3222
4851 5095 4986 2749 4683 4967 5122 3453 4676 3222 5090 4709
4852 5350 5031 4875 2052 3222 4650 4764
4853 4985 2890 4744 4967 4728 4723 4676 3222 3962 5109
4854 5041 4985 1266 4687 5028 4967 5042 3222 4660 5032 4764
4855 1271 4264 7964 3222 7161 5402
4856 4985 4986 4968 3222 3962 5055
4857 4130 2712 2801 5286 3222 8065
4858 4516 8068 3222 5090 6210
4859 1016 1171 1052 7836 895 968
4860 4675 5031 4674 5013 3222 5055
4861 4741 4674 5013 6577 4742 3222
4862 4130 3951 2712 5098 4963 3222 5017 4961 5232 5109
4863 5350 4985 4680 5353 4668 3222
4864 7836 3438 6073 6243 2081 7709 1304 8049 3068 7472
4865 1688 1746 1689 2428 8049 6412 1745 7467
4866 7093 5729 2696 3881 1773 3327
4867 593 6308 7461 5729 5514 7372 1773 7636 7329 5799 1695
4868 3063 6509 3828 5729 6902
4869 5737 3913 5729 6303 6432 7485
4870 1038 895 955 956 896
4871 5265 5729 6305 4861 2290 5740 7634
4872 1627 2321 3396 3728 2578 1269
4873 586 1384 1571 1631 5864 6007 1269
4874 5895 4786 5568 3352 1269
4875 1546 212 3507 5188 3350 1431 1396 5381 5189 3294 3462 3882 1269
4876 4548 5400 7018 6868 5782 1269
4877 3251 1578 8215 1480 1194 1409
4878 4900 1578 2735 1409 2133
4879 1578 1767 3255 6379 1877 6376
4880 1578 3452 3444 3455 1409
4881 1168 1200 1165 1038 895
4882 4537 1578 1789 1480 1409
4883 5895 1998 1578 4264 3255 3352 1867 1997
4884 5219 4741 311 3231 5188 1578 3884 1438 623 3950 9 5223 4742 250 6853
4885 4596 1578 1900 1409 1495
4886 5900 5400 1443 6868 1578 2954 2987 1409
4887 2860 3231 1578 4007 8165
4888 47 3930 8182 1578 1617 3150
4889 856 1229 6891 6780 6160
4890 6160 6951 2464 5940 6224
4891 439 6446 3634 6160 5786 707
4892 3392 3202 3036 3280 3080 3247 3180 3313 3158 3191 3337 3381
4893 1132 917 997 907 1185 1035 896 301 1160
4894 5279 2867 2866 363 2440 4981 5284
4895 6475 4707 546 5477 6914 2840 6211 2551
4896 3873 5693 5363 2606 1338 5694 5550 5691 2608 6914 6873 2862
4897 4993 6914 7248 5459 2061 4896 491
4898 5912 4936 3873 1876 5363 5550 6914 6873 2061
4899 5550 5691 6914 6873 6504 7722
4900 5912 5283 3873 5693 5363 1338 5694 5550 6392 5691 6914 6873
4901 5912 5694 5550 6914 6873
4902 4483 5694 5550 5691 6914 6873 6504
4903 5912 3873 5693 5363 6914
4904 1133 908 1004 1242 994 1038 953 1035 1007 772 976 896 960
4905 5283 5693 5363 5694 5550 6914 6873
4906 2350 3873 5693 1338 1332 5694 5550 5691 6914 694 6873 6504
4907 5912 5363 5550 5691 6914 6504
4908 5912 3873 5363 6914 6873 3004
4909 3873 5693 5363 5691 6914
4910 3873 5363 5694 5691 6914 6873
4911 1338 5550 6914 3662 6873 6504
4912 3873 5550 5691 6914 6873
4913 5693 5363 5694 5550 5691 6914
4914 5550 5691 6914 6873 6504
4915 950 1165 956 924 929 896 951
4916 5693 5363 1338 5694 5550 5691 6914 6873 6504 7722
4917 3873 5693 5363 1338 5694 5550 5691 6914 6873
4918 3873 5363 1338 5694 5550 6914
4919 3873 5363 5694 5550 5691 6914
4920 5912 5693 1338 5694 5691 6914
4921 3873 5693 1338 5694 6914
4922 786 5513 6711 3364 6312
4923 7284 4208 3066 7094 8131
4924 2439 7416 7094 7865 3065
4925 7094 7229 4915 263 8165 4274
4926 1132 955 920 896 951 1160
4927 1583 1485 3828 5449 2150 5105 7730 7316 7723
4928 2910 7730 2261 7722 4016
4929 3851 2970 6346 4199 5854
4930 2269 4469 3334 2617 1416 546
4931 6767 3196 3262 5343 1617 659
4932 6767 4727 4646 4679 4957 3471
4933 609 3522 3521 241 8070 3467 3232
4934 2956 3823 1804 3176 2366 6870
4935 2965 6193 3176 5884 6041
4936 5730 438 7640 3176 7439
4937 1019 954 1351 924 920 1209 896
4938 1879 1239 1684 2965 3915 3867 5564 3176 3443 3388
4939 5958 567 313 3176 6323
4940 4331 5949 1411 3176 3885 5205
4941 3179 8164 8162 3176 5782
4942 6711 3176 7013 827 906
4943 4548 2062 5165 2247 3819
4944 7540 351 7706 6275 2729 5223 7936 7828 1075
4945 5219 7181 6544 7628 147 338 2443 1075 4233
4946 3204 6589 7050 1075 7923
4947 1684 4919 3086 5466 3915 7682 6616 1075
4948 1004 950 1132 1165 917 956 896
4949 8128 2443 3468 1075 5441
4950 5486 7907 2244 1075 2832
4951 8152 3483 7876 6588 7578 1075
4952 3149 5948 5949 4848 6773 2070 3117 3051 1075
4953 4129 2151 7427 5766 1075
4954 6706 4238 1075 7051 8144
4955 1028 1065 1001 5573 919
4956 4736 2316 5389 6513 7749
4957 5997 2316 344 1737 3588
4958 2316 4713 843 2074 7758
4959 950 1110 896 1187 951 1131 948
4960 564 2316 4591 4593 3890
4961 1477 1480 5464 5715 5577
4962 1815 2966 3971 1477 4085 3902 1480
4963 1560 1477 1480 5287 1865
4964 1477 1449 1480 524 5697 6860
4965 1477 3438 6950 1480 4567
4966 685 1477 3915 4569 3973
4967 1477 4106 1480 1187 3065 1817
4968 6711 3944 3241 312 638
4969 4359 4840 618 227 288 508 275 480 285 94 674
4970 1016 962 1019 955 896
4971 674 775 985 1151 1029 984
4972 4575 1753 5019 4162 521 1450 697
4973 5019 1061 1202 5088 6505 1579
4974 2361 5680 5019 3009 4480 5782
4975 1753 2242 442 3729 6577 520 5019 265 4162 521 1450 4163 2735 697 263 4164
4976 5019 4615 1210 7013 1666
4977 2539 227 7088 1818 5019
4978 1469 1117 1324 7124 584 974 975 1054 3377
4979 1117 4495 1723 1255 1053
4980 1117 899 1727 976 5238 1023
4981 1717 896 1498 905 901
4982 1117 1254 1099 1249 978
4983 1117 3205 976 5585 684 6793 1908
4984 86 1117 516 937 975 308 1498 1255
4985 1117 1112 1028 937 1723
4986 1117 1183 52 2933 1053 1671
4987 1117 5038 4663 3245 516 1723 1284
4988 1117 653 6417 1727 549 1024 938 1057 1284
4989 1117 1099 1049 1056 1723
4990 1117 1024 1122 1057 1284
4991 406 3086 7270 3605 798
4992 90 896 934 775 1150
4993 7949 1899 5793 5530 6473
4994 5530 3624 3622 5533 5538
4995 5530 3624 3622 5534 1842 5533
4996 5530 3624 3622 5534 5533
4997 6992 7420 3195 5574 8071
4998 945 4914 943 944 1022 938 1724 1015 1122 6013
4999 5220 7104 4914 1015 1284
5000 1898 5231 1358 2156 1572 1399
5001 3252 1898 5783 7081 2683
5002 653 1001 1898 977 1713 1715
5003 3069 3036 3047 3080 3114 3136 3147 3158
5004 931 1027 962 1012 963 80 4958 1006 82 90 1026 896 8281 4903 933 1139 702 964 1029
5005 4271 1553 1898 8030 8072 5073 4276 7254
5006 1898 7354 1249 7622 1498 3223
5007 1898 3957 2700 3878 7604
5008 2620 1186 1857 7651 7936
5009 928 1004 1186 1049 1162
5010 1805 1186 1879 5490 3445
5011 977 943 944 412 970 1041
5012 1254 1031 1099 1256 1067 943
5013 1256 943 1252 1022 970
5014 1018 943 944 1187 970
5015 950 1081 920 4958 909 896
5016 227 1099 1215 943 1098
5017 1001 3042 1063 943 944 1022 970
5018 1727 1253 943 8117 944 1724 1759
5019 943 944 1022 938 970 6221
5020 1253 1067 943 944 1022 1066
5021 1256 1185 943 944 970
5022 1193 1628 911 1560 1315 1194
5023 911 1132 917 5343 1187
5024 2236 3264 3635 3726 5554
5025 6781 5448 6231 221 230 513
5026 86 915 896 1305 1255 1105
5027 4606 6781 3072 5628 6896 5659
5028 4531 5357 6781 5175 4141
5029 5279 6781 7710 6968 5210
5030 4545 4209 1417 7825 1610 4919 2733 1494 3907
5031 1610 3883 567 3911 1220
5032 1367 3301 1538 1610 3727 739 4204 6364
5033 4599 2685 1610 567 4170
5034 1511 4546 4684 1610 3160 4645 4749
5035 1610 3727 3627 2083 4623 8162 2217
5036 3865 322 1610 3915 1519
5037 1183 1132 957 920 896 951 1040 1059 905 1131 1041 960 901 948
5038 5895 1271 209 3231 50 3352 1852 5716 211 1703 210 3007
5039 6686 1510 1703 3400 3398
5040 2474 740 2473 1703 784
5041 2487 7224 2488 1703 5558
5042 1189 1202 1213 1724 1201
5043 1189 1711 1202 1213 4484
5044 922 1028 1189 1711 1202
5045 1189 1711 1198 1202 1213
5046 8161 442 520 4162 4206 510 2135 521 4396 697 4161 1751 4165 4190 4616 44
5047 1367 520 5299 5220 1475 521 152
5048 1167 1132 913 920 896
5049 1756 6960 7078 1854 520 4899 153
5050 1583 1584 4404 3260 6367 520 521
5051 1716 8161 4178 520 478 7288 2135 6135 1835 2085 697 4628 6859
5052 3149 1741 520 6655 521 583 2997 1678 7157 6982 3637
5053 2956 3396 520 4887 7451 4395 6861 6857
5054 5532 3898 520 3383 1755 521 3368 5533
5055 3218 520 7176 4206 3217 1751 3819 3705
5056 4919 440 3635 521 153
5057 3052 521 4200 2478 698
5058 227 521 3168 6364 306
5059 950 963 4958 771 1026 1093 896
5060 916 5895 3452 521 3444 4193
5061 3254 3205 265 521 8165
5062 1569 2506 2476 521 697 3372 263 2478
5063 4162 3064 6694 521 3168 3616
5064 1329 4485 671 521 3230 1387
5065 3454 3292 521 6312 7485
5066 1371 521 1450 4163 1766
5067 7825 582 3245 283 7925 7969 622 521 2271 285 588
5068 6104 1515 6503 3902 3591
5069 4706 7840 4376 7769 8073 6015 4520 4860 6496
5070 983 771 896 2158 775 996 960 776
5071 3482 7057 4521 4520 7128
5072 5401 4206 1326 8119 5123 4177 4520 7880
5073 7057 4521 4520 4716 7128
5074 4122 4521 2005 4520 2919 2276
5075 4406 4521 7988 4520 7128
5076 7057 4521 8164 8162 2590 4520 7128
5077 5911 7057 4521 4520 7128
5078 4521 4376 464 4520 494
5079 5948 5949 4521 8055 7128
5080 2619 2620 564 6975 4591 5290 7128
5081 1916 1912 1913 1915 2758
5082 5900 6978 3108 6977 7128
5083 767 5545 7544 4399 7128
5084 4400 4707 2165 6046 4293
5085 2981 3642 1489 1911 8014 8215 1664 2982 1178
5086 5891 3642 1489 742 5780
5087 3642 3482 3277 552 4533
5088 3642 1489 3452 3444 3455
5089 3642 544 1238 3275 7969 2296
5090 1030 4574 3052 6528 2763 2135 6481
5091 1030 1324 3727 3042 3377
5092 1918 1917 1919 1920 1921
5093 1030 6576 2759 4574 3052 1678
5094 1017 1030 4958 308 1151 1029
5095 1030 6702 231 4273 242
5096 1017 1030 1048 937 1011
5097 6001 7820 3531 2697 598
5098 3186 5006 1300 271 3192 2764 2271 1217 2710
5099 1449 271 5283 5409 2156 3232 2151
5100 4479 271 7746 3881 2138
5101 6209 5746 271 6182 2986 7640
5102 6209 271 1755 3622 7497
5103 1917 1923 1924 1926 2314 8298 72 1922
5104 271 5097 596 242 468
5105 2351 2986 2988 8074 4018
5106 1854 3228 8185 463 297 299 2986 3689 1901
5107 4548 5263 2986 2840 2726
5108 2901 2986 4196 6301 5456
5109 6209 1854 2986 3851 3049 4016 7043 5854
5110 2986 338 304 339 335
5111 2057 5784 4275 6928 4689 6862
5112 589 3627 4689 7594 2843 7853 4628 8075 7869
5113 3615 6610 4689 3449 4284
5114 3036 3324 3102 3247 3269 3091
5115 1927 1928 1917 1924 8284
5116 8058 7470 6421 1528 4689 3233 6506 1083 1452 7012 3274
5117 4110 4689 5409 6855 6744
5118 1756 1239 7176 3120 5697 4022 250 44
5119 4824 6952 7021 2709 44
5120 1627 3610 5856 6309 44
5121 1258 7687 5452 1188 1302 44
5122 5922 3049 6504 6133 44
5123 3378 3228 7071 4351 299 4356 1840 1838 488 483 2253 44 491 4357
5124 3941 3300 263 1406 44
5125 4023 5688 4556 5010 44
5126 1930 1917 1924 636 1929
5127 490 4356 1840 3394 6860 2253 5531 44 491 1841 4357 493
5128 3214 2866 4107 5990 44
5129 3149 208 5532 3729 1515 1501 596 6926
5130 264 1469 584 583 596
5131 1295 544 5188 596 5189 4505
5132 223 544 582 596 506
5133 3200 544 3411 6199 2954 596
5134 544 1358 3851 1572 1790 2738 4973 596 3488 5854
5135 1441 1716 610 596 506
5136 2946 3507 5437 596 7541
5137 1934 1932 1929 1931 1933 1935
5138 2775 6195 2766 596 506
5139 3149 4574 1157 1209 1645 596 1545
5140 3619 596 4161 506 7923
5141 6195 1245 2964 1439 2766 596 1408
5142 8058 544 582 1330 1418 596
5143 1617 596 2188 1161 5707
5144 224 1438 3817 236 301 243 596 506
5145 7120 7687 4881 1835 6406 1499
5146 1911 7687 1283 4888 7004
5147 1324 7687 7550 6401 3513
5148 127 1937 1939 1940 1938 417
5149 7687 3446 563 571 3268
5150 6641 7687 1613 4560 1634 1327
5151 5744 7687 7738 7462 4363
5152 3242 544 2913 582 3728 1411 3116 3884 3084 5716 2477 4196 3249 4173 3377 3637
5153 1805 544 668 2691 6887 2076 506
5154 2981 544 593 3884 1195 1801 1419 6876
5155 544 5264 582 5105 250 506
5156 544 1369 2232 4392 1079
5157 544 7470 552 1513 6477 1426 550 571
5158 544 1746 2428 1745 3992
5159 4413 4758 4781 2825 1941 8178 8252
5160 5219 2767 2742 544 2743 2203
5161 6911 544 606 5394 6724 4184 4978
5162 545 7949 6452 6972 5486 5738 5044
5163 1295 6886 7465 545 5489 3197 209 3505 3710 554 6935 6696 2688 6663 3388 1679
5164 2902 545 8014 2954 3275 6822 230 506
5165 6576 1369 545 8154 2683
5166 5412 545 8014 1791 249
5167 3149 2742 545 3883 231 2743 1317 2744 233 232
5168 5948 545 6640 5949 6503 2704 3538
5169 3833 7280 545 4135 222 283 299
5170 4925 4936 6380 766 8252
5171 545 5702 1411 6371 1304 557 4896
5172 545 1809 4963 3824 4621 2545 4161
5173 6545 5214 2296 7914 6553
5174 2765 6687 1283 4613 1318 3864 7914
5175 3964 4103 5264 7008 4756 5056 3453 7914 4709
5176 6576 6704 5949 2731 3064 3450 3897 7914 5107
5177 3964 2232 3968 3519 2076 7914 7972
5178 6489 5365 3623 6486 7914
5179 3964 1785 3297 1541 7914 3469 5117
5180 3964 8058 7022 4859 3968 5793 512 7914
5181 1263 4980 4936 771 7358 8224 1342 674 4969 1943 1942
5182 6456 8159 5810 7914 4283
5183 1819 1627 6995 5855 5470 4719 4915 7914 4585
5184 4845 3493 6551 2271 6598 7914
5185 264 1469 584 3968 7914
5186 3964 4838 7914 7440 4731
5187 8153 1508 6959 2946 6545 7568 5096 7914 7603 3878
5188 5529 6528 7629 3623 4977 7307 3094 7914 7601 6409 4978 3165 7000
5189 3964 3968 7138 6693 7914
5190 3964 606 3968 2776 2269 3517 7914 2268 6916
5191 3964 1753 2901 3351 3506 3968 3151 2272 7914 4505
5192 1945 1944 373 1946 861 1948 7358
5193 6682 3964 4546 8058 3146 3968 1350 4897 3884 5398 6318 6901 1317 4024 3145 5884 1220 7914 1406 3893
5194 3964 2742 2657 1696 7914
5195 7757 5048 4967 5042 4660 4678 5032 4665 5030 4876 4732 5044 4729
5196 4650 4116 4732 319 4144
5197 3186 4735 6349 1288 4732
5198 6184 555 6534 4106 4732 3065 1817
5199 8173 4743 7222 4646 5027 5967 4732 4729
5200 5049 2712 5090 4764 4732
5201 3149 3845 6178 4568 7757 2137 1537 3445 4732 6842
5202 4516 4972 5033 4644 5046 4966 3962 5055 4732 5663
5203 1950 509 611 1951 7358 1949 1952
5204 4913 4840 4661 4660 5027 4732 2204
5205 4672 4677 4985 4721 5056 4728 2548 4678 5037 4732 2204
5206 5954 4657 5039 4638 4732
5207 1565 5013 4661 4644 4668 4732
5208 4677 4985 4674 5013 4668 4660 5090 4732
5209 4985 2890 2889 4986 4728 4680 4668 8102 7682 5296 4671 4732
5210 5350 5222 4130 2712 4732 2757
5211 4674 4661 3453 4676 4709 4732
5212 4684 5042 4676 4679 4732
5213 5031 4674 5013 4661 5042 4660 4732
5214 1953 1956 1955 7358 371 1954
5215 4661 3843 5253 4640 6442 4732
5216 4103 5264 4660 5090 4732 5232
5217 3832 4741 1397 1153 2701 1796 1645 1806 1079 1154 1545
5218 3832 3652 2460 2265 8148 1615
5219 6405 6530 1166 1568 3257 805
5220 1222 3915 7168 8119 8115 1201 660
5221 1233 3867 5884 8115 7318
5222 4139 4140 1763 6843 3241 8115 3212 3393 1695
5223 1575 4264 6342 8115 5701
5224 6614 1791 3061 1671 8115
5225 3036 3280 3225 3102 3247 3125 3136 3348 3258 3180 3269
5226 528 1574 1592 7358 6424
5227 589 3953 3154 8115 5120 5118
5228 1795 3529 6912 1456 4162 3944 5585 8115 7198 2544 3495
5229 7465 4009 6935 5688 1755 8115 3007 7497
5230 7127 298 1096 3862 5707
5231 6027 1756 5891 1324 1834 2463 153 6859
5232 5978 4747 6472 6432 6501
5233 5590 7625 3120 4022 4010 5104
5234 7773 1738 6172 5590 7140 2605
5235 4122 3635 6183 3246 2234 277 5953
5236 954 7625 2368 3120 1063 3029 2295 7112 4022 6185 4226
5237 1959 4614 7358 1957 72
5238 7625 4022 620 6997 4226
5239 6658 5865 4487 3220 5391
5240 2721 4631 4827 5391 1493 1386
5241 2721 4594 5026 1345 5391 1280
5242 1504 1494 5391 1422 4561 3443
5243 2730 1316 2721 5391 5750 1298
5244 5494 4538 6531 6498 5459 3423
5245 2484 484 1768 471 4538
5246 512 4538 2997 7157 3372 2700
5247 7063 1743 2257 2764 4538 5487 5578 1671 2261
5248 1962 806 1960 8221 185 124 17 1961 988 8220 187 4758 2825 186 2370 19 1963 4435 2692 1964
5249 7442 3837 4538 251 221
5250 5529 5700 4538 7307 2258
5251 3271 3396 2476 3387 3383 4538
5252 3668 462 522 4538 7640 3232
5253 584 2236 4311 4538 1450
5254 6879 6197 6968 6970 6341
5255 6178 6879 6197 6012 7478
5256 6414 6879 6709 5574 5575 6793
5257 6414 8180 6879 6709 5575 1420 2726
5258 7124 6879 4591 4593 1906
5259 634 1968 1960 1965 6380 1966 1967
5260 6879 5893 4697 1304 6700 6198 7203
5261 358 3053 5512 6879 5231 3684 7110 2261 6883
5262 6879 6197 6968 6970 6198
5263 5035 6414 6879 6709 6344 5208 4739 6374
5264 5453 6879 3346 4835 6968 3859
5265 6879 5893 6129 4835 1304
5266 6414 6879 4697 5208 4835
5267 6414 6879 6709 5893 6197 6129 5575 6198 2726
5268 6879 6197 6129 4697 4835 6198
5269 6879 6197 1304 6700 6883
5270 1960 1961 7613 186 6725
5271 6879 6709 6197 6129 1579 7203
5272 6879 6197 6968 6970 4739 6198 6374 2726
5273 8127 3149 1441 509 3498 1460
5274 8127 1013 1004 998 83
5275 8127 86 1112 1324 1834 3205 968 939
5276 8127 1112 974 975 1198 918
5277 8127 7130 7138 5918 6821 7248 6861
5278 8127 6943 5352 6942 7072
5279 2495 1239 937 3851 2234 6364
5280 5309 6134 3640 6133 3274
5281 1971 1570 1972 1973 1970
5282 3292 5309 4812 4582 263
5283 2867 5525 2766 1301 3705
5284 4135 4587 2896 3876 5317
5285 6344 5371 2271 3876 2575 684
5286 4727 4657 4648 4685 3876 4726 4118
5287 6922 5579 2232 3876 2552
5288 3845 4568 9 6484 3876
5289 7625 3120 7168 4161 3327 5011
5290 4155 3707 4161 6494 4505
5291 6335 741 567 3264 5306 4161 1890
5292 157 2647 387 933 932 711
5293 1753 4489 3728 7746 4161 5381 7043
5294 1564 4537 1804 5564 4161
5295 2971 4977 7974 7973 4978
5296 6682 1764 2966 4977 4978
5297 507 1829 4977 7815 4978
5298 4977 1332 1333 1315 494
5299 3498 3245 7888 4977 3394 483 3051
5300 3886 6298 305 4977 4405 6433 5443 4163 4978
5301 6581 4977 3008 6523 4978
5302 4162 4977 4978 6904 6282
5303 1974 1975 127 1939 1940 1976 1979 1938 1978 1977
5304 3904 1777 3146 2917 1796
5305 3904 1627 5713 313 1579 3248 2149
5306 5095 3904 3978 5049 6428 2890 4986
5307 3904 579 1232 578 6193 3867 626
5308 3904 1546 3349 5865 2977
5309 3904 4840 4662 4621 8165 3495
5310 3904 1706 1534 4253 2174
5311 3904 4548 3521 5153 6462 505 5905 4662 2691 2295 4237 3060
5312 3904 264 1469 3149 5220 4556
5313 3904 5041 4684 4672 4673 4675 4661 2573 4671
5314 1974 127 1939 1940 1978
5315 3904 1235 1232 3015 302 5884
5316 5095 3904 5049 5031 2996 4986 3824 4644 6004 5122 5027
5317 5095 3904 2051 2890 4645 7559 4753
5318 3904 5049 6428 5035 7786 4967 7441
5319 3904 6330 4537 3249 3241 7485
5320 3866 6937 5490 7539 4839
5321 1805 7064 1515 394 5490
5322 2242 4553 211 1728 210 5490 4554 1194 1409 5766
5323 3964 3373 3455 5490 2710 686
5324 4897 5490 4961 2710 4896 6857
5325 1984 1982 1985 1981 1983
5326 1714 3616 5490 1881 6211
5327 5524 307 5490 2261 6857
5328 3941 4178 2773 5490 7504
5329 5889 1860 6658 5215 5490 7050 1294
5330 1743 1229 7062 5490 4896
5331 4953 4010 5104 4726 5106
5332 5795 6178 7888 4177 4726 4185
5333 4685 4754 4726 5084 4642
5334 4643 4875 2052 2221 4726
5335 2221 4650 5252 4726 4950
5336 3036 3324 3247 3125 3136 3348 3258 3313 3236
5337 844 1831 1988 1986 760 1987
5338 1266 566 4101 6919 4726
5339 1860 3411 961 6558 4174
5340 4548 7724 6884 1096 1251 1580
5341 4548 4546 6420 5889 5589 3867 2146
5342 4548 6324 548 3476 3819
5343 767 4406 6867 4341 7415 1296 3094 5367 6930 3046
5344 767 5372 5375 6001 5371 5831 5370 5367 6476 766 3046
5345 5364 5372 5375 6001 5371 3229 5373 5595 5376 5370 5367 6930 766 3046
5346 5372 474 5371 5373 5595 5370 5367 6476 766
5347 5373 5831 5595 5370 5367
5348 1994 7458 4581 1992 844 8191 1993 3892 1990 1989
5349 5375 6001 7416 5371 3229 5377 5373 5595 5370 6612 3533 5367 6930 766 3046
5350 5238 3229 7372 5367 3046
5351 5371 5373 5595 5370 5367 6930 766
5352 2828 6878 5373 5595 5367
5353 3508 6636 5373 5595 5367
5354 6481 4984 5367 1604 6485
5355 5008 5595 7100 5367 3889
5356 1228 4509 6715 5373 5595 272 5367
5357 5363 5371 5694 5595 5370 5367 6476
5358 5373 5595 6388 5367 6485
5359 8127 1112 844 1055 567 511 1563 1995
5360 3229 5373 5595 8027 5367
5361 5372 1456 5370 5367 8165
5362 3221 1442 4417 5595 5322 3300 5367 6860 6522 5374 6389
5363 4383 5595 5367 4860 2079
5364 5368 6492 5372 5371 5373 5595 5370 5367 6930 6476 3046
5365 3508 5373 5595 6917 5367
5366 3508 5373 1187 5367 1533
5367 5595 5370 5367 6476 766
5368 5883 5370 5367 6476 766
5369 745 746 2432 2468 1758 1747
5370 1812 1998 844 1997 1996
5371 745 8161 3823 743 6951 6510 3265
5372 745 7335 7224 742 6891 6113 3726
5373 2471 745 3272 1472 2472
5374 745 6367 742 6891 6780 6224 5558
5375 745 6669 3823 2395 2473
5376 7002 745 7335 2488 6411
5377 783 7224 7557 6891 6780 6156 855 784
5378 2473 3726 6780 6156 1758 3933 1747
5379 4352 7351 4487 1505 2704 4567 1421
5380 8159 2705 6575 2704 4567 4557 1736 5765
5381 1945 844 2000 1999 404
5382 212 4761 3848 4762 2704 4763 6915
5383 6294 2998 3894 2232 5244 2704
5384 2704 4395 4864 4863 4865
5385 1479 7825 5744 1471 4596 1458 2704 7156 4177
5386 6599 6619 6782 4631 2704
5387 149 6959 442 2704 7164
5388 6666 4830 3899 4397 2704 6522
5389 4555 3320 549 2704 1901 6188
5390 2745 6197 3635 708 2464 4326
5391 6265 5913 355 3229 2437 1334
5392 844 2006 2004 2005 2001
5393 3053 3715 1304 3684 4629 7155 3716
5394 302 247 1301 4491 250 306
5395 7831 5353 4648 247 4142 319
5396 475 7620 7902 247 6859
5397 1787 5911 247 4174 4357
5398 2242 1810 6743 247 3051
5399 3398 316 2840 4863 4865
5400 1193 1628 3197 1347 316
5401 7127 3727 1419 3268 5117
5402 2998 584 3263 6364 3268 3495
5403 2007 844 7524 376 1923 379 72
5404 6704 7969 5998 6520 3268
5405 5810 2687 7713 8131 7702 3268
5406 1538 3270 3727 5719 440 3635 1474 3268
5407 3270 1798 440 4887 1505 2477 4206 2711 3268
5408 3271 1472 3270 3383 440 2477 1474 3268 5776
5409 227 3271 3270 3383 440 2477 1474 3384 3268
5410 1569 3271 1472 3270 2476 440 2477 1474 7363 3268
5411 3271 1472 2475 440 2477 1474 2735 3268
5412 3271 1472 3270 3383 2475 440 2477 1474 3268
5413 3271 1472 2506 3270 484 3383 3207 440 2477 3268
5414 4036 840 5291 2008 4025 5324 2009
5415 3271 1472 3270 440 1474 3268
5416 3271 1472 3270 440 1474 3268
5417 3271 1472 3270 3383 1474 46 2353 3268
5418 3272 1569 3271 3270 3387 3383 1474 3268
5419 3271 1472 3270 440 1474 46 3268
5420 3271 1472 2477 3999 3384 3268 5776
5421 3271 1472 3270 3383 2475 440 1474 3268
5422 3271 1472 3270 2405 440 1474 3268
5423 1472 3270 2476 440 3619 2477 1474 3268
5424 5911 505 440 1474 8118 4484 3268 5776
5425 2012 2010 259 2011 2013
5426 1535 3203 1834 440 1474 3268 7869
5427 8153 2901 3351 6667 7164 3268
5428 1721 3098 3965 2970 557 3268
5429 7969 4117 1604 3268 6906
5430 2828 2815 2817 6388 7566 2813
5431 2816 1861 2813 5501 5396
5432 7101 6636 6878 5498 2813
5433 2902 2817 2813 6485 766
5434 6878 6388 5691 2813 6476
5435 6272 3589 7419 4981 541 6431
5436 1573 2017 2016 2019 2015 2018 17
5437 5680 5856 6309 3263 4887 5853 6364 7578
5438 5856 7097 7098 7099 5853
5439 5757 5856 6309 5853 4519
5440 5235 5856 7415 6309 5853
5441 4598 3275 7288 458 6789
5442 6382 4815 4816 4598 5771
5443 6960 4598 6656 6655 3715 1318 7157 3716
5444 1508 4178 6466 4598 6742
5445 1324 4598 1834 6699 7847 572
5446 4598 1811 7651 7627 6712 6296
5447 3392 3036 3047 3280 3225 3080 3247 3058 3025 3313 3269 3236 3302 2969 3337 3381
5448 2021 2022 2020 2015 2023 2024
5449 2126 7243 6840 6854 8076
5450 7186 1894 6343 2404 5864
5451 2404 4569 7713 5984 3616 4838 8131
5452 4874 5344 5301 5628 5659
5453 2219 6934 7801 2426 5628
5454 3918 7553 2082 7601 5628
5455 1899 3182 8180 1900 5886 3893
5456 2350 3873 5693 5363 5691
5457 3873 6265 1338 2437 5691 6873 1817
5458 3038 3218 6492 5691 1604
5459 2026 1425 2027 182 1961 2036
5460 5283 5693 1338 5691 2061
5461 3508 7101 6878 1338 1176 8117 5691
5462 3200 5691 6672 3862 6340
5463 5912 3483 3873 5363 5694 3171 5691
5464 5912 3873 5693 5363 1338 5694 5691
5465 5283 3873 5693 5363 1338 5694 5691 6504
5466 3873 5693 5694 5691 6873 6504
5467 3873 5693 5363 5550 5691 6873
5468 5283 3873 5693 5363 1338 5691
5469 3873 5693 5363 5691 6873
5470 162 185 182 2028 1668
5471 5912 5283 5693 5363 5691
5472 3873 5693 6265 7100 5691
5473 4006 7551 1338 1251 5691
5474 3464 7807 4485 3873 1900 5691
5475 5783 3873 5693 5363 5694 5691 6504
5476 5220 2350 3231 1079 7448
5477 7351 5804 2350 1288 7955 2276
5478 5912 3873 5693 5363 1338 6873
5479 3873 3086 5693 5363 5694
5480 3873 5693 5363 5694 1861 5396
5481 2029 2031 185 182 2030
5482 2439 2686 3873 1338 5694 6476
5483 3873 5693 5363 4553 5694 5550 2061
5484 3873 1338 1176 5694 2061
5485 3873 5693 1338 5694 2061
5486 5912 3873 5363 1338 5694
5487 6492 3873 5363 5694 5595
5488 1700 3873 5693 6484 6497 3072 3117
5489 3873 5693 5363 5550 6873
5490 3873 5693 5363 1338 6873
5491 3873 5693 1338 5694 5550
5492 2033 390 182 17 2037 2034 986 2825 2035 2032 23 1891
5493 3873 5693 5363 1338 5694
5494 3873 5693 5363 1338 5694 6873
5495 3873 5693 5694 5550 6504
5496 3873 5693 5363 5694 6306
5497 5006 3873 5693 5363 1338 5694 5550 2272
5498 3873 5693 5363 1338 5550
5499 3873 5363 1338 5694 6873 7722
5500 505 4429 283 6411 6655 622 5137
5501 4168 2578 8165 6815 7135
5502 7148 7867 5968 5909 5441 1841
5503 8221 2781 185 2038 182
5504 5741 4496 1554 4414 5909 3384
5505 2340 2290 242 6723 2552 249 4367
5506 5455 6910 300 4838 249
5507 4909 6330 2190 4105 4008 3148 4156 4757 4988
5508 6235 512 6950 8023 7536
5509 6281 6284 6235 6330 6283
5510 6721 6235 7476 2355 3163 1748
5511 6270 6235 7188 1153 2961 1796 8162 6341
5512 2084 6235 5471 5855 524 5470 8131
5513 6067 6235 5320 5976 7875
5514 2191 182 17 187 2825 2039
5515 8078 8077 4832 5826 7830
5516 7680 5344 7830 5829 2338
5517 6732 6427 4832 435 7830
5518 2207 2206 3289 2586 4874 4218 5344 5301 1612 5659
5519 8078 2206 4218 434 3702
5520 7503 7111 7627 451 3702 4174
5521 6175 7021 4196 3174 3702
5522 6461 4216 4218 8079 8081
5523 4540 3289 2586 4218 1320
5524 4874 5959 2341 5829 2338 5192
5525 2041 2040 124 182 8178
5526 4540 6255 2309 4250 4249
5527 3254 2837 1404 2613 4200 5786 4277
5528 1479 1431 1345 5904 1450 1404
5529 6511 6433 1494 4567 1951 1404 6993
5530 5219 4877 4594 1345 1404
5531 4663 6784 7111 6693 4253 8082 2778 602
5532 7343 2587 4221 4234 317
5533 4761 7097 7098 7099 4008
5534 1911 5981 7097 7875 4498 3990 4701 5796
5535 1466 6509 7097 6408 1616 3478
5536 8221 2781 185 182 17 6646
5537 2767 3894 5739 5738 7097 7098 7099
5538 7097 7099 786 7134 2693
5539 4604 7097 1501 4105 2933 7072
5540 7097 7098 7099 2756 2757
5541 7097 7099 3517 6902 2268
5542 3620 7098 1287 1220 7467 5527 6409 5117 5542
5543 1465 1467 2686 4106 7098 1463 5206
5544 671 1438 7098 2982 1195 7099
5545 6918 7771 4345 4631 7670 7098 5917
5546 4761 4762 4763 3443 3415 1859
5547 2044 2051 2043 2052 2042 2053 2046 2045 2048 2049 432 718 541 2050
5548 3411 4555 4761 4762 4024 4763 4184
5549 4761 4762 2360 4763 5124 6077
5550 7176 4761 6586 2733 4762 4763 6012
5551 5922 4761 4762 1429 4763 7321
5552 4761 1523 4762 1527 1519 5010 4763
5553 5568 4897 4761 4762 5904 228
5554 5720 4761 4762 4763 6774
5555 7792 4761 7713 4763 718 1272
5556 1232 6332 4761 4762 4763
5557 2742 2743 4761 8215 1386
5558 48 92 70 59 81
5559 3069 3392 3291 3036 3047 3324 3225 3102 3058 3114 3125 3136 3258 3337 3381
5560 2057 2056 2055 2054 432
5561 2773 4761 4762 7713 4763
5562 150 3053 4848 5719 4008 1415 7958 1474 1579 3212
5563 5801 2761 4008 5053 3979
5564 2966 6874 5409 4008 1221 1673
5565 6365 1462 1834 4419 4008 7746 1053 1015 5518
5566 4008 4773 4952 5227 1833 1832 4731
5567 6129 4697 4008 6198 6315 2726
5568 618 4101 284 2710 6314
5569 3941 8150 8020 8154 6314 2138
5570 8057 8139 7062 6314 2253
5571 2060 2059 432 2061 102
5572 4342 3375 3061 6671 6314
5573 5773 611 3729 516 220
5574 1583 2207 1584 7137 4204
5575 7652 2233 3619 5534 438 7640 7070 3382 5528 6982 491
5576 305 5071 7640 494 3007 7423 4502 7554
5577 6619 507 3628 7111 3394 438 7640
5578 486 485 484 297 490 4356 1840 3621 1839 7640 6856
5579 3228 484 489 490 7649 7640 6856 491 4357
5580 3228 3371 463 489 7071 297 490 299 487 4356 1840 394 3368 3621 488 1839 3394 7640 6856 483
5581 487 1838 488 438 7640 4357 493
5582 1003 2063 2062 99 432
5583 7124 1619 3255 4106 7640 6219 6496
5584 1442 4549 3352 1585 1315
5585 1710 6517 4549 1849 5866
5586 586 4549 1416 4620 468 4504
5587 8186 8184 4549 3473 6210
5588 8133 5164 4549 7650 3060
5589 7018 7949 4195 3951 6577 5721 6318 7276 3233 3475 4961 5105 2693
5590 5905 4373 3715 4961 3716
5591 3951 3843 5028 3164 4640 2573 5032 4961
5592 1283 3951 4663 4972 5033 4961
5593 2066 2064 2065 432 2067
5594 1998 4972 4961 7167 5577
5595 6005 5098 2749 3451 5090 4961
5596 8186 8184 4127 6206 4961
5597 2057 6490 7246 6453 7982 4890
5598 767 7246 4934 7250 6312 766
5599 8072 4842 3721 5344 4855
5600 3866 7105 3298 3713 1384 5428 4004 6129 3715 1178 7603 5542
5601 4622 6129 4697 3859 3660 6198 6374 7203
5602 5893 6129 4697 4835 6341 7203
5603 6129 2037 4835 5381 7873
5604 2072 2070 2071 2068 1463 432
5605 6129 6968 6970 4116 7203
5606 5264 5466 6129 4660 4942 3416
5607 5035 6784 4645 5352 6129 6292 7568
5608 5035 6414 6709 6197 6129 5575 5208 4835 1304 6198 6374 2726 7203
5609 996 7172 460 2441 4367
5610 3978 2545 6459 1388 1327
5611 4600 3271 3270 1524 1571 6459
5612 6734 3910 2157 5959 4528 6638 7754
5613 5339 5823 5338 6733 3721 5959
5614 5273 7761 5606 5484 5740 3458
5615 2073 8173 2076 432 2074 2075
5616 1043 5805 1834 5802 4601 7372 1473 2252 766 7016 2253
5617 6610 5804 1507 1834 5802 2252 6905 7016
5618 5804 1507 5805 7251 7016
5619 6281 5805 5802 6699 4601 7016
5620 1441 4353 6924 572 6931 7947 7016
5621 4900 1260 4601 7947 6638 7016
5622 5804 1507 5215 572 4601 574 7016
5623 4900 1834 5802 6699 572 1790 574 7016
5624 572 1806 4601 7947 7016
5625 5434 4126 1507 2368 6699 7016
5626 2082 2078 2077 2081 432 2079
5627 8016 4509 633 4571 1952 7016
5628 4310 1245 4311 5887 5323 5107
5629 4279 6687 3240 5020 5887 7812
5630 1795 4741 2763 6743 4740 4742 5887 2738 2295 6931 4734
5631 4359 1461 2190 1642 5887
5632 1716 1528 1512 7680 5240
5633 8083 4215 7680 1412 1451
5634 4811 4842 6486 7738 4915 1832 4855
5635 4227 4207 3118 3804 3634
5636 3411 3505 2480 553 1907 6132 3862
5637 2084 2086 7925 2083 2085 432
5638 7335 7224 2480 854 6224
5639 4577 2480 4228 4200 1495
5640 5891 7335 2487 2480 2488 5780
5641 6335 6956 2480 3826 563
5642 7224 2480 2488 6176 857 6224 5558
5643 7002 3254 2837 2996 2480 3826
5644 741 740 3823 2480 6766
5645 3197 4330 5296 6716 7796 457 277 698
5646 4817 4589 6573 4818 457
5647 1575 6364 5439 6012 457
5648 2090 2089 2087 432 2088
5649 653 2405 2477 1440 457
5650 406 5611 2228 2926 2141
5651 363 2228 7808 5389 2340 7456
5652 7565 6408 4757 5251 3878
5653 236 5470 3516 5415 4757
5654 3351 5098 2987 4757 3979
5655 5708 1460 4146 4757 5571
5656 3510 1506 4757 4491 4182 4181
5657 5193 7077 5584 4757 1600
5658 3369 7735 5094 4757 6701
5659 2095 8293 2092 2094 2093
5660 3272 3271 4596 1458 3270 3383 2475 440 1475 2135 1468 1474 5791
5661 1569 3271 3270 2405 2476 2472 3383 2475 440 2477 1474
5662 3271 1472 2475 440 1474 3372
5663 3272 3271 1472 3270 2476 440
5664 3272 1472 3270 2405 4312 2472 7176 2475 440 2477 1474 2478
5665 1472 3270 2472 2475 440 4164
5666 3271 3270 2476 440 1474
5667 1472 2405 3383 2475 440
5668 3271 2475 3389 440 522 1474 3384 2538 306
5669 440 3821 1301 3372 5112
5670 3036 3280 3125 3269 3236 3370
5671 7258 2097 2096 538 4247 3825 3836
5672 3270 5573 3383 440 3534 1474
5673 3271 4565 3270 2476 440
5674 2405 2476 440 2477 3384
5675 2321 6421 5371 6598 1424
5676 1133 1020 1178 1040 1175
5677 1136 6567 2666 6945 2204
5678 4457 6255 4254 8003 2338 5612
5679 7111 1061 3148 5755 7440 2338
5680 5184 5606 5732 2024 7860 2338
5681 5413 4604 1460 2341 2338
5682 535 416 4247 1940 1938 1978
5683 856 7224 746 742 854 2473
5684 1234 1560 1235 1232 746
5685 2474 7446 746 5780 6446
5686 5779 1283 4137 293 5097 4713 480 300 6231 431 6929 699 240 4134 242 4507 600 6211
5687 5071 2090 7239 5531 6211
5688 4575 1379 5394 456 6211
5689 609 7280 606 610 231 290 236 622 287 221 4012 242 230 6211
5690 3456 8113 7065 6211 2760
5691 5217 5212 7940 2215 6211
5692 4148 6486 441 7793 6211
5693 2259 2098 348 8134 2099 2100
5694 2913 5299 5525 6595 5786
5695 2209 1716 4940 1706 2773
5696 4940 8185 1288 468 6378
5697 4940 4552 549 4483 572
5698 4940 5001 6868 1644 630
5699 1633 4940 1789 2738 357
5700 5195 4386 4832 4532 4221 7363
5701 4913 1324 6462 5948 2776 7486 6594 5323 4915 5205 1766 4585 6638 6554 5107
5702 3242 6590 1515 2934 7229 4915
5703 668 2271 4981 4915 468
5704 2103 2104 2106 2101 2105
5705 3613 6277 599 4915 616
5706 6637 1696 8027 4915 1823
5707 2713 3188 5384 4915 6196
5708 3214 7545 5713 3483 3323 4012
5709 4398 4378 6674 3304 437
5710 4845 6704 7681 7670 5572 8175 3304 5917 6323 233 5437 571 3420
5711 8173 6178 2216 5111 6866 7230 251
5712 8173 2084 618 5682 7090 3084 471 3100 1453
5713 8173 5442 4134 4739 4620
5714 8173 1147 1178 6537 1053
5715 801 2107 1093 2109 811 2024 2108
5716 8173 618 516 1438 287
5717 8173 7691 4545 2957 6866
5718 8173 286 7071 487 5333
5719 2484 231 5012 3143 3430 3185
5720 2484 2759 6503 8116 240
5721 2484 5153 3519 240 6553
5722 7776 4845 7055 1787 7974
5723 7055 3510 552 4785 6902 6672
5724 7055 3894 7621 7884 1040 1057 1041
5725 7055 2742 1316 2657 6503 3168 1416 990 1298
5726 801 2063 2110 2115 2111 2112
5727 7055 4877 1902 2763 4918 1317 3233 6505 7027
5728 6294 7055 1324 1044 1307 4900
5729 7055 7724 5399 6620 5409 7467 1410
5730 7055 3886 8051 6910 5643
5731 7055 4026 3493 6401 1505
5732 7055 2739 4354 3150 5750
5733 6603 5497 7351 4833 7872 6483
5734 1583 1584 1721 3929 4833 4156
5735 4418 4833 2682 6423 4634
5736 4833 5455 1451 3443 7167
5737 2117 34 801 2102 2116
5738 8083 8085 8084 8059 8086
5739 679 6204 3292 7631 7316 7043
5740 4209 679 1442 8047 1315
5741 4332 3713 679 3843 6204 3715 4640 5449 6976
5742 1879 2966 679 1684 2965 2977
5743 3964 1329 7284 4404 3968 679 4963 5232
5744 3464 7163 1899 679 6375
5745 6749 4700 3457 4685 1420
5746 5682 3079 3087 7637 4685 3041 7070
5747 4685 2801 4143 5045 4650
5748 2119 801 8260 2122 2118 1336 2121 817 2120
5749 6217 4646 4655 4685 454
5750 234 2054 506 4950 7782
5751 6217 106 242 2444 4950
5752 4755 4737 7835 6857 4664
5753 4966 5239 4676 3433 4664
5754 618 6586 2151 6012 4664
5755 7064 4745 4350 5441 4664
5756 3061 4984 5765 7829 4664
5757 5041 1765 8021 8142 4664
5758 4945 5389 5184 6026 2108
5759 2130 2124 801 2129 6502 2126 2123 93 2127 2128
5760 3828 4715 3829 5184 4716 5734
5761 4735 4986 4148 4686 4657 7462 1118
5762 4677 4985 4674 3759 5013 4728 2548 4644 4680 4657 4668 5032 5027 7441
5763 1266 4674 5013 4657 4660 1265
5764 1743 5048 4657 696 2151 4720 4233
5765 4673 4683 4639 4728 4657 3962
5766 4661 4657 3453 4660 4679 4709
5767 4645 4657 4966 4660 4679
5768 5013 4683 4646 4657 4660
5769 7967 2842 4657 4746 455 454
5770 1258 801 2131 2134 2137 2135 2138 2132 2133
5771 2053 7430 1418 4942 695 6857
5772 509 4893 4615 4942 4620
5773 6603 5264 3620 4942 699
5774 4635 4638 4943 4942 6839
5775 5778 4101 4889 4943 4942 6647 5663
5776 3418 1544 4444 4943 4942
5777 4875 4667 4986 6608 4637 4943
5778 4655 1737 2215 2345 5659
5779 3057 1268 5150 3084 6135 2610 5487 6553
5780 599 2088 3640 6221 468 5791 472 704
5781 3392 3036 3047 3280 3125 3348 3258 3180 3269
5782 801 2139 1893 2140 2141
5783 5845 5450 7079 7853 599 4628 4885
5784 589 1490 599 620 3637
5785 300 4221 599 250 6723 5555
5786 599 5550 3183 1690 4988
5787 2843 3816 599 5970 5459
5788 599 7784 2444 4642 2445
5789 2956 3729 4215 6565 7947
5790 6590 4215 4389 3433 2760
5791 3057 4677 5168 6992 4109
5792 5049 3057 235 5098 5123 2857
5793 4703 1845 801 2142 2143 2145 2146 2141 2144 2108
5794 7304 4403 7303 2022 3596 7728 7523 7525 4253 5621 7729 602
5795 2022 7525 5621 6286 6288
5796 7304 7303 2022 7728 7526
5797 7304 2119 7303 2022 6345 6288
5798 7304 2119 7303 2022 7523 7526 7729 6287 6288
5799 2119 7303 2022 7523 7526 7729 6286 6287 6288
5800 7304 2119 7303 2022 7728 7526 7729 6286 6288
5801 2022 7526 7525 7729 6286
5802 7303 2022 7728 7523 7526 7729 6287 6288
5803 2022 344 7728 7523 7526 7525
5804 823 783 1683 6814 2097
5805 2119 7303 2022 7728 7525
5806 2022 7728 7523 7729 6288
5807 7304 7303 2022 6287 6288
5808 7304 2119 2022 7526 7729 6286
5809 2119 7303 2022 6287 6288
5810 2022 7728 7523 7525 6286
5811 2022 7728 7523 7526 7729 6286 6287 6288
5812 154 4557 4211 3488 145
5813 1324 4557 6560 6951 6793
5814 4227 3209 1261 1407 2506 1507 3207 1524 1318
5815 2152 6814 2148 2153 516 2150 2151 2149
5816 4227 3214 220 513 468 2552
5817 4227 4913 3242 4596 1458 5862 4604 4228 4898 2363 2151
5818 4227 3118 3084 3645 6966
5819 4879 6419 1721 7008 2860 326 5918
5820 344 7377 6632 5597 4440
5821 5664 2926 2215 7762 6463
5822 4376 2215 6015 6304 206
5823 7418 2215 3475 1451 4138
5824 2346 7761 7762 7760 2128 5608
5825 6642 1716 3937 1446 5949 1721 4375 6250 2906 6497 4395 5205 6993
5826 2154 6814 2157 2156 2155
5827 8047 3375 2906 7969 4971 2744 4573 5990
5828 7836 3037 6671 2360 5821
5829 6281 1258 6284 6283 6954 4405 5821
5830 6922 1860 3201 1818 4515 1907 3631 1396 1801 6196 3300
5831 609 6922 4415 1809 739 1505 5409 1079 7323
5832 6922 7132 7813 6667 7919 8116 3420 7301 6293
5833 6922 5862 7781 1260 3244 3864
5834 6938 6922 6577 6319 1791 7477 4389 3449 4284 454
5835 3511 6922 1738 4178 7084 6655 5981 743 708 2735 2997 7157 4896 2133 1651
5836 2759 6922 4337 283 2866 622 5296 4749
5837 2159 1953 6814 8122 2128
5838 6922 8058 6978 1299 7712 1339 524 3990 3537 6990 5441
5839 6922 7303 1268 6962 7185
5840 6741 6922 3909 5737 6742 4482
5841 2765 6922 586 1893 480 291 3913
5842 6922 1804 477 478 4585
5843 4913 6922 7159 5218 6857
5844 7843 7418 5212 5591 7419 3055
5845 6189 301 4567 7419 696
5846 2124 4571 105 7758 6663 2445 5690 4738
5847 7526 7525 5606 6854 6618
5848 34 2160 349 6814 717 1336
5849 2290 7805 5972 6618 7742 5612
5850 5067 4378 3282 5962 2598
5851 922 5827 5915 1807 3897
5852 4271 7181 4385 7782 6789
5853 5428 568 4591 3890 1386
5854 6610 5804 1507 5428 5805 1510 6699 4601 7947 2234
5855 8121 7127 5411 5983 5428 3818
5856 6610 6551 5231 5428 6339 6605
5857 6168 5428 5525 1419 6364 4164 3716
5858 5804 5428 1510 1260 6940 5240 6931
5859 2162 1003 7458 6369 396 2163 8269 2161
5860 3978 3411 1539 5428 5409
5861 1367 5428 5805 5802 6699 1260 572 7450 1806 5908 6931
5862 4577 149 1261 7351 6610 442 5428 1260 4282 7947
5863 4401 6030 5962 5533 6798
5864 4993 5962 2005 3217 6677
5865 5784 6639 3399 3400 3398 5117
5866 476 1461 6556 7076 1418 3400 3398 2151 1751 4294 4921
5867 6298 3399 3400 3398 2538
5868 7086 2917 1835 3399 3398 1288
5869 4332 2577 3399 5561 6434
5870 334 34 823 6369 807 174 821 3903 2164 333
5871 5794 3399 3400 4502 4864 4865
5872 1295 4496 3227 3399 2549 7162
5873 3930 6004 3399 3400 6842
5874 3399 3400 4864 4863 4865
5875 796 3399 3400 4864 4863
5876 3303 4337 7148 3498 6718 4587 4217 1749 5634 6693 6427 6531 2689 4282 5470 300 5094 6701 5052 6789
5877 3638 4209 2913 4604 5855 4919 2961 6427 1460 626 5584 1416 4221 5009 2857
5878 1544 6427 7974 6135 1333
5879 3170 1569 6427 1766 5786
5880 3665 4316 3264 6427 3726
5881 6369 818 2166 817 2165
5882 5170 5801 2761 7530 4011 1419
5883 3978 7011 5889 5403 582 442 465 7188 5862 1791 6588 4898
5884 5400 7188 3203 1449 2236 1572 563 3060 277
5885 7188 6204 7332 7317 1806 4898
5886 1565 3928 6577 7188 1405 3267 1652
5887 7188 262 1439 6132 6322
5888 7188 8216 2934 2691 1116
5889 4404 7008 7623 7188 147 3389
5890 1725 5255 3372 1758 1747 5492
5891 615 6175 5255 1758 1747
5892 3392 3036 3280 3247 3114 3125 3147 3348 3258 3025 3269 3158
5893 34 762 6369 2167 372
5894 2488 6780 5255 5669 755
5895 856 5398 262 2489 5255 755
5896 6177 4795 2613 4173 5255
5897 3953 4106 4834 3065 1817
5898 631 633 7240 5626 4505
5899 4168 2578 1813 5626 5624
5900 5908 4211 4720 4231 4885
5901 2252 228 4231 1522 456 1651
5902 7685 2088 2074 4231 4367
5903 3097 3905 3829 5602 2340 541
5904 6369 807 808 2168 2176 821 99 2175 2171 811 2164 333 2174 2173 2172 2170
5905 4289 3413 2055 4745 541
5906 6621 6623 6622 7462 541
5907 539 477 6401 4607 3614 6905
5908 4400 2294 4779 6526 3614
5909 8057 3044 8087 4217 6734
5910 2312 4271 3044 4721 4645 4745
5911 3044 3453 4749 5477 4679
5912 565 5723 568 7833 7340 5627
5913 1746 2428 2687 4567 1745 6341 1298
5914 216 6590 6874 2701 4567
5915 2177 762 2178 6369 99 2179
5916 6643 1507 5211 4567 3882
5917 2902 1324 6699 4567 1420 1297
5918 5800 4591 4593 4567 3818 3911 3890 3393
5919 3498 11 474 3229 7372 7349 6476
5920 8014 7349 4182 4733 4181
5921 4902 3672 2756 2757 1704
5922 7523 7525 2127 3588 6513 6287 6288
5923 7304 2119 7303 6587 3860 6345
5924 7303 7523 7526 7729 6286 6287 6288 3862
5925 7304 2119 7303 7523 7729 6288
5926 34 33 6369 2168 821
5927 7304 2119 7303 7728 7523
5928 7304 2119 7303 7526 6286 6287 6288
5929 7304 2119 7303 7526 6287
5930 5650 819 4109 344 6030 6998 6473
5931 6469 2118 4725 5389 1737
5932 6889 7192 6544 594 7500 2339
5933 4673 4675 1031 4289 2051
5934 4600 4171 1031 3066 2606 2609 1678 2608
5935 1031 1643 2152 3728 1640 2151
5936 6599 1446 7008 4392 236 243
5937 2181 1672 612 666 2183 615 2182 6369 1275
5938 1446 6683 3613 5851 6988
5939 4913 2084 288 2867 6589 2740 4228 4348 3423 5232 4896
5940 4418 6462 6575 5061 5868 3100 4634 7671 4896
5941 1441 1344 7563 4899 4896
5942 4209 7787 5056 5893 1265 5027 6406 4896
5943 2257 2764 5716 4253 5459 602 4896 6857
5944 4615 3207 2934 2691 4896 2442
5945 3668 566 3483 3204 6804 3413 6179 2081 3327 4896
5946 1812 579 5263 6855 5388
5947 149 2084 4918 3376 524 7134 2696 1766 4350 4885
5948 2184 1878 2131 6369 2185 1918 326
5949 6381 708 7134 3935 5864
5950 7134 5105 5327 7023 7203
5951 5593 5497 8021 2829 7134
5952 1698 5905 4569 5602 6744 5732 4011 5624
5953 1633 1683 7714 1632 5602 4012
5954 1367 1479 626 1365 1194 1882
5955 4845 1479 6456 2982 3533 1079
5956 1479 1398 1471 1371 4170 1419 1373 1297
5957 1479 1879 1234 4374 8119 5984 4484
5958 567 5661 7475 4303 4621 2252
5959 2186 34 6369 808 2168 32
5960 4580 5661 3905 1090 4671
5961 1798 5661 4888 7170 7171 6964 2258
5962 149 4209 6941 3929 5661 2157 3148 6917 4263
5963 6514 4416 5051 1767 5661 3153 2744 1396 6871
5964 7108 6541 5661 4571 5189 5690
5965 4913 1344 3297 4580 4618 3929 5051 5661 5409 2687 1315 1420 3469
5966 1565 1367 3242 1397 5661 1501 1419
5967 1235 5661 4264 7768 1451 1420 456
5968 1136 5661 4162 2744 4576 2735 697 2188
5969 5171 4375 7160 5661 6701
5970 2187 6369 372 820 29 2108
5971 4848 5661 1190 1420 7433
5972 4965 1266 7612 4661 4645 7786 5056 318 5034
5973 4744 7786 2842 4752 5030
5974 1266 4132 7786 3843 4640 318 2573 4133 5027
5975 5360 4743 1266 4744 7786 5208
5976 7999 7786 4966 4133 4749
5977 4965 5049 4985 2890 2889 7786 5028 4972 4676 3957
5978 3978 7787 5035 7619 7786 4751
5979 5041 4672 4673 5031 7786 4972 2573 4676 5055
5980 4672 4516 4985 1266 7786 4986 4680 4671 4729
5981 2190 6369 539 477 2189 478 1848 2188 3335
5982 5049 4673 7786 4683 8102 4966 4676
5983 5350 4672 7786 5033 5090 3962 5034 7316 5117
5984 4721 3496 7786 5048 4966 3453 3497
5985 5360 7999 7786 7964 5954 5288 5034 4708
5986 7787 2890 2889 7786 4986 4972 5033 5954 5046 7436 4966 5032 8144
5987 5049 5185 2052 7786 5034
5988 5049 7999 7786 4644 7436 4668 4676 4671 4133 5090 5027 5252
5989 5041 7786 7757 4972 5033 5090 7441
5990 4744 7786 4728 4644 2842 4679
5991 7786 4644 4676 5053 4671
5992 2193 1975 2194 1999 729 2192 8242
5993 7786 4888 4751 4507 8144
5994 5049 5185 7949 7786 5034
5995 5049 5185 7786 5253 5034 4642
5996 4744 4674 5013 7786 4728 2842 5034
5997 5360 7999 5185 7786 5028 4972 5033 5046 4966 3944 4753 5034 8144
5998 4717 5289 7797 5716 5072
5999 7797 6303 7811 2756 2757 6946 2755
6000 7867 7797 8021 7974 7973
6001 1795 5403 1532 7797 968 4517 1596
6002 4545 3195 6004 5457 315
6003 3036 3280 3225 3102 3114 3125
6004 372 729 2023 2195 2196
6005 5894 4545 5948 5949 1307 4004 1594 3672 5205 1751 1388
6006 1894 1691 6422 6697 2146
6007 4171 3347 4394 3346 5904 4193 2859 5731 2593
6008 6531 5731 2694 6870 3423
6009 7067 5478 6489 6466 6798 3286
6010 3596 6661 7062 5483 7061
6011 1721 1096 2777 3305 5483 7699 5107
6012 5476 3171 4707 3461 5483 6719
6013 767 6399 3101 6464 5483 4266
6014 6491 4784 7728 7523 7526 7729 6286 6288
6015 409 7458 96 7524 2199 2197 8250 2198
6016 6491 4784 7728 7523 7526 6287
6017 6074 5997 4736 6491 5999 2128
6018 4817 4816 4820 4818 4819 5303
6019 6382 5722 4818 4819 5303 7756 5771 6138
6020 4815 5048 2577 4819 5303 1763 5079 7756 2204
6021 4815 5582 5499 5303 5498
6022 4135 5060 3070 7845 2438 7296 4199 2846 2845 479
6023 4817 5722 1928 5060 4820 7149
6024 5910 7465 4871 6935 3168 6652
6025 4403 3506 1350 4414 4839
6026 4492 2197 396 7535 2200
6027 7086 5486 5048 3960 5046 3446 4753
6028 2889 4727 5033 5046 5053 5207
6029 1430 4727 4646 7164 4116 613
6030 4744 4727 3453 4638 1265 4709
6031 4672 4727 7637 5466 3413 5239
6032 4755 4672 4830 5168 2890 4727 4137 4713 4585 4679
6033 4727 5048 3453 4760 4709
6034 4985 4727 4661 4683 4728 8102
6035 5399 236 5708 243 437 2552
6036 4534 6534 4273 437 3854 2973
6037 1699 2201 2203 2197 2204
6038 6255 6469 5929 7658 104 102
6039 5187 5966 6871 6723 5192 2552 2551 449
6040 2742 6343 2657 1519 5010 990
6041 5894 1800 3298 5006 1519 5010
6042 2720 3259 1519 5902 3926
6043 3865 3146 1527 1519 5010
6044 3833 1527 1519 5010 228
6045 7810 4845 3260 3493 3116 2850 523 1527 1519 5010 4857
6046 1746 2428 1527 1519 5010 1745 7579
6047 1527 1519 5010 228 5902 3862
6048 2207 2209 2206 2205 2197 2208
6049 3505 1527 1519 5010 1273
6050 3848 1527 1519 5010 4533
6051 1491 5228 2701 5023 7331 7963 5569 5571
6052 3600 2679 6577 2680 7963
6053 5579 6384 6385 7963 5869
6054 5212 3073 4117 4679 4957
6055 3070 3087 5271 3073 7654 7851
6056 5158 5047 5025 5080 5036 5069 5091 5125 5136 5202 5169 5180 5191
6057 5158 5047 5025 5080 5036 5058
6058 5025 5080 5036 5069 5058 5180 5213 5225
6059 2197 6825 2211 8283 2210 1964 6091
6060 5158 5047 5025 5080 5036 5069 5058 5102 5125 5180 5213 5225
6061 5047 5025 5080 5036 5069 5058
6062 5047 5025 5080 5036 5069 5058 5091
6063 5158 5047 5025 5080 5069 5091 5102 5136 5213 5191 5247
6064 5025 5080 5036 5069 5058 5091 5180 5213 5225
6065 5025 5080 5036 5069 5058 5091
6066 5047 5025 5036 5091 5102 5125 5136 5202 5169 5180 5191
6067 5025 5080 5091 5114 5136 5213
6068 5158 5047 5025 5080 5114 5136 5213
6069 5047 5025 5080 5114 5136
6070 6502 2197 41 2214 2212
6071 5158 5047 5025 5080 5114 5202 5236 5225 5191
6072 5158 5025 5091 5125 5180 5213 5225
6073 5025 5080 5136 5213 5191
6074 5158 5047 5025 5080 5036 5125
6075 7538 7748 2731 4715 5227
6076 6407 7776 4715 4716 7552
6077 4415 2358 4416 6403 298 3228 489 7361 299 7652 1096 4715 3368 7070 5528 7497
6078 2358 4715 4716 8125 2688
6079 3530 3092 4715 4716 550
6080 6403 593 4715 4716 7961
6081 2065 2197 2216 40 2215 2087 2217
6082 3711 6403 4715 7461 3100 4716
6083 2358 6403 4715 1951 4716
6084 2358 6399 4715 4716 4237
6085 2358 6403 2243 1998 6884 5486 7884 8034 4715 1997 4716 6290 1871 1288
6086 2358 5434 4126 6403 4715 4716
6087 6403 4715 6844 4716 3393
6088 2358 6403 4715 4716 6553
6089 2358 6403 4715 4716 6700
6090 2358 6403 6614 6679 4715
6091 2358 6403 4715 4716 6853
6092 2219 2043 2218 2197 2221 2220
6093 6403 8050 4837 4716 8125 6644
6094 5965 2358 1849 6194 1473 4716
6095 1234 3615 6403 3160 4662 1857 9 6537 5122 4716
6096 7044 2743 6298 2657 4716
6097 8016 4509 2600 105 4716 4237 6438
6098 2358 5682 5712 4716 7579
6099 1197 7553 2358 2082 6403 7814 5290
6100 2209 1258 2358 2679 6403 6527
6101 2257 1811 2830 2711 3973 5462 5460
6102 619 3004 3005 4734 5460
6103 7335 856 2222 1229 192 848 738
6104 4208 6990 5462 7626 5460
6105 5503 6481 1334 6485 5462 5460
6106 6489 5372 4305 6001 7416 6486 5371 5503 5376 7372 3533 6930 4860 766 6719 2079 5462 3046 5460
6107 6603 5593 5497 7734 3229 5798 6485 5462 5460
6108 6996 8122 4238 5462 5460
6109 2352 6204 5870 2753 5460
6110 3454 4182 4181 5462 5460
6111 1569 2405 1853 2933 934
6112 3085 7652 7450 2933 5528
6113 6919 3101 626 5561 2933
6114 3036 3280 3225 3102 3247 3125 3136 3258
6115 2020 2227 363 2228 2223
6116 1746 2428 7156 2933 1745 574
6117 2719 1538 5720 5525 1423 1790 2933 616 8165
6118 3888 3110 7354 3145 2933
6119 8051 2835 7679 7131 5998 6497 546 5322 5477
6120 1268 4853 2835 6123 5740
6121 4699 5632 3316 5633 8088
6122 334 1821 1683 1611 1808 5902
6123 3978 334 1821 1683 1611
6124 3254 2837 1611 3609 3295 6333 990
6125 334 1683 2965 1611 5902
6126 2229 2230 593 2223 1846
6127 6317 4949 5188 2460 4762 5189
6128 47 5783 6193 3308 1154
6129 4599 6590 4537 5165 1365
6130 1449 7625 4022 7488 7375
6131 5740 2444 2445 600 7375
6132 3713 6214 3715 5697 613
6133 5049 5101 5028 6214 3962
6134 1564 3391 6214 2691 3190 4497
6135 1716 2935 4207 5368 6478
6136 4407 767 4207 2935 5368
6137 2232 1157 2233 1209 1497 2231 1545
6138 509 4606 611 3168 4117 431 1600
6139 4577 6995 4606 2860 3820 4394 2862
6140 3919 5361 4606 3093 4117
6141 2084 4606 5215 5968 5218
6142 3303 6918 4606 2689 8089
6143 579 1815 222 2717 5340 3319
6144 8051 2754 3382 2756 4199 2757 7255
6145 6820 617 280 613 3232 3382 5459 5120
6146 3630 4489 2233 6487 3382 2258
6147 3181 6623 6622 3382 2538
6148 2236 2235 291 2231 2234
6149 6643 1554 5699 3382 4181 2716
6150 4577 6401 1345 1304 563
6151 4577 4913 3493 554 3895
6152 4577 6521 7131 4303 2055 6993 7072
6153 4577 7127 1049 5801 2761 4011 7198 3819
6154 4577 6338 3820 2729 7161
6155 6642 4577 6528 7127 6532 1407 3506 5359
6156 149 1489 3713 8161 442 5220 2135 2575 698
6157 1815 6330 4155 3707 4304
6158 4672 2890 3928 6330 4967 1708
6159 1562 2240 1701 420 2241 2238 2239 2231
6160 6367 6330 1378 2368 3233 6780 3154
6161 223 2152 6330 5216 1751 4585
6162 6330 1347 5970 5487 686 4174 7552
6163 3349 5865 3220 5696 3489
6164 3466 4010 7466 5104 5696 5106 3489
6165 3411 6002 1055 5696 2258
6166 2902 7465 5862 1539 7551 7227
6167 7540 1462 5862 5093 4210 2970 5982 1506 7314 3395 1871 151 5766 6906 5765
6168 2966 5862 3231 7248 6861
6169 7017 1271 1485 5848 4513 6041 1631 3185
6170 2242 1308 2243 2245 2244 2231
6171 2765 609 290 234 224 5848 5097 236 287 221 219 243 240 230 238
6172 5471 5929 1265 7758 5084 7829
6173 3435 1266 3351 5737 3895
6174 3435 2405 1502 5223 6438
6175 3435 8150 6656 2545 3278 686
6176 3435 3200 2956 1754 8182 4580 1587
6177 3435 4913 1528 4601 1302 6672
6178 6715 619 1451 1612 6010
6179 1642 3915 4569 1612 5637
6180 4568 1829 7803 1096 2829 5798 7713 6860 1612 6504 7702 5457 4123
6181 1353 2246 1782 2247 2231 1561
6182 5453 1617 1612 4772 6374
6183 6573 4569 6989 5890 6434 1612
6184 2352 4489 1222 5008 1612
6185 3507 580 1233 1346 5884 1612
6186 1239 2965 6193 1233 1612
6187 1787 1785 1810 1442 4305 1297
6188 6294 1778 1894 1208 1297
6189 589 8138 5716 588 4720 1297
6190 1442 5214 1415 1315 4197 1297
6191 2948 2761 4004 5802 2157 3922 572 2146 1297
6192 1094 1206 1351 1655 120 1207 2231 1657 676
6193 6514 1371 3221 6904 1297
6194 3894 4631 4585 1410 1373 1297
6195 5664 5390 7761 7762 7749
6196 3303 5919 3493 1996 2988 2340 2345
6197 3507 6944 6945 7164 3012 3662
6198 3214 4131 3483 6944 6945 2443
6199 3916 1407 4899 6944 6589 6987 4146
6200 6611 7284 1700 6944 718
6201 1741 5228 6944 6945 4500
6202 7284 7629 3510 6944 6945 7534
6203 2249 5958 1852 1654 2231 990
6204 3208 6944 6945 4162 7075 7062 4630
6205 6944 1358 52 3263 748 6945 1454 4228 3212 698
6206 4026 8069 6944 3118 3164 3066 2961 1453
6207 4327 6944 6945 1431 1195
6208 6528 4155 3707 6944 5365 5708 4162 6665
6209 3833 5983 5976 8129 550 5362 1500 7448
6210 1897 1077 5527 250 7448
6211 7057 3089 4919 4860 6285 8061 2079 3065
6212 4947 120 1246 1207 7170 7171
6213 4516 4580 630 4005 2771
6214 2251 8159 1324 1443 7836 2250 291 1079 2252 1952 2231 2253 1533
6215 5051 630 6531 4053 3423
6216 1746 6339 630 7500 1745 6605
6217 653 1254 630 1253 1083 1724 1284
6218 6658 6986 630 1501 1190 5117
6219 3097 630 2861 4430 1951 2859 2611
6220 630 5092 2433 3881 5206
6221 7792 7803 2738 7713 5205 2716
6222 2724 1045 2713 6009 3913 2738 6008 3051
6223 1367 4353 3493 4354 554 6901 3153 2738
6224 3600 3961 2265 1330 2738 3488
6225 3202 3036 3225 3114 3348 3258 3180 3236
6226 2255 291 2256 2231 2254
6227 7906 1426 1330 2738 5745
6228 6577 5851 2738 6988 1424
6229 3153 2738 8064 7688 1708
6230 485 3228 489 297 487 1838 394 2738 483
6231 1465 1467 2686 664 2738 6971 3276
6232 6581 7422 2156 6887 2738
6233 2738 95 3472 7198 5492
6234 5497 7470 3610 7815 5888
6235 7724 3989 4421 7815 3897 6915
6236 6199 8124 5585 3518 7815 5863
6237 2257 304 291 272 2231 468
6238 3149 6489 3522 7815 2061
6239 7776 6611 5593 1426 7815
6240 6680 1746 2428 7815 1745
6241 7724 7815 7495 7671 7603
6242 507 7652 7815 5946 5528
6243 2775 4416 6505 7815 7488
6244 486 3505 3368 7649 6923 6906 491 4357
6245 6642 3916 1307 1530 5890 6923 6677
6246 6603 7081 5798 8116 6923
6247 5965 4717 4837 5218 6620 9 6923
6248 271 291 2260 2231 2261 2258
6249 584 7109 6660 583 6923
6250 4899 8053 6923 7739 6677
6251 1307 6923 2252 6677 7051 4505
6252 6385 1537 5984 6923 6842
6253 1376 3954 1501 4421 1571 6923
6254 2724 4026 8171 6923 6677
6255 286 3277 283 622 219 468
6256 4135 297 5214 7649 219 3051
6257 5586 606 241 231 234 236 301 517 219 229 243 220 242
6258 462 287 219 229 468
6259 2266 2264 304 2265 2263 2262 2231
6260 231 5237 236 480 287 219 233 220 230
6261 582 234 283 224 236 622 219 233 240 468
6262 7280 606 610 622 1096 285 4282 280 219 233 240
6263 609 2957 219 3187 5873
6264 2715 6338 5708 6277 5901 7301
6265 149 7109 52 5708 4421
6266 3218 1553 4397 5708 8175 3494 3217
6267 1465 3909 1467 5708 632
6268 1376 6918 1442 1542 1504 2689 1315 3997
6269 1443 1190 5800 3911 8171 3997 3469
6270 2269 291 2267 2231 2268
6271 1308 2720 3924 4594 1345 3997 3998
6272 1308 3924 1317 1494 5890 3997
6273 6514 1308 4785 3997 5745
6274 4019 3085 1308 6782 3907 3997
6275 1308 1332 3997 1272 3212
6276 5950 6901 1520 6520 6842
6277 2890 3985 5101 3924 1520
6278 7159 5231 6691 3391 1520 151 4197
6279 1642 3528 1349 2733 7332 1520
6280 5950 6704 6937 1520 6902
6281 291 2271 2272 2231 2273
6282 4551 4331 1535 1426 5800 1520
6283 7008 3457 1520 7167 1666
6284 5413 4206 1520 2291 1751 2778 1084
6285 4026 1368 1520 7722 3926
6286 4019 1765 4327 1384 3883 3838 4533 5437 4629 6742
6287 3827 5822 1512 2545 5437 3893 6282
6288 1672 1902 3824 5437 6842
6289 6886 3623 5194 1541 7857 5437
6290 3519 6545 1463 5437 4121
6291 4394 4591 4593 3816 563 5437 456
6292 1626 2275 2274 2262 2231
6293 1508 618 6952 8090 5437 620
6294 3149 5784 606 3613 2946 5093 5437
6295 3173 5394 7875 5437 6210
6296 3347 6965 696 6301 5437
6297 4965 2889 4730 4986 4760 5027 4764
6298 2595 5249 4730 4748 4745 6210 4946
6299 3251 4730 4392 5077 2544
6300 4755 5360 4677 4985 4103 5264 4737 4730 7637 4756 5033 4680 4966 8102 4668 4679
6301 5095 4103 5264 8160 4737 6178 4640 8102 5090 4764 4709 4753 5052
6302 5185 5101 5013 4972 5033 4644 5046 4966 4676 5090 5055 8144
6303 810 291 272 2231 2276
6304 1754 4132 2890 5101 3843 4986 4756 4972 5033 4728 4644 4680 4640 5046 4966 4668 5053 4133 5090 5055 8144
6305 5095 3978 5049 5029 5056 4972 5033 4110 4680 4966 5090 7548 4368
6306 4672 4516 5031 1266 4986 4966 4668 5090 8144
6307 5350 7148 5954 4966 3453 5288 1265 5090
6308 5185 1266 4966 5043 1265 5090 8113 5037
6309 4687 5721 4667 5561 5090
6310 5360 4516 5185 2712 1244 5103 5043 5090
6311 4985 5185 8159 1998 1866 6910 4728 5053 5090
6312 7787 2889 4986 4972 5103 7484 4676 5090
6313 5049 4516 4985 1266 4986 5048 4728 5054 2548 4644 4680 4648 8102 4668 3453 5090 4764 4679 4709
6314 1588 8225 125 387 36 2277 1621
6315 5035 2712 1866 5090 4678 8113
6316 3511 4985 5264 5031 5028 4756 4728 5054 4668 4676 5090 5032 5027 454
6317 5041 4675 5013 3843 2573 4984 5090
6318 5185 4972 5033 4966 4676 4638 5090 5055 8144
6319 5031 5090 4764 4946 5709
6320 5101 5954 4680 4668 5090
6321 7064 7154 4537 1358 5697 1572 5323
6322 7154 5298 6639 7533 6989
6323 7154 6428 5752 5000 6297
6324 7418 2056 4688 3118 6673 6464 6476
6325 1120 781 2278 424 3625 637
6326 7843 2052 5239 4659 3416
6327 609 3594 4107 2744 696 5917 243 4233
6328 3594 5455 3460 8055 3420
6329 5432 3985 2724 3231 6181 3594 6505 6523 6244 6904
6330 7130 3594 3457 1572 6506 3469
6331 264 1469 442 3594 7131 583 3913 7314 5107
6332 4534 645 3594 3848 8120
6333 4546 6918 1374 3594 2689 6993 4334
6334 6581 564 1397 1746 3594 1745
6335 1372 7836 2246 3259 5026 3594 4827
6336 3069 3392 3202 3291 3036 3047 3324 3258 3236 3091 3014 3337
6337 2282 2283 2279 2284 2280
6338 3845 4568 3594 3519 2076
6339 4408 7417 3594 3485 7769
6340 2243 3594 2717 786 2718
6341 5744 7836 6338 3924 1867
6342 6338 5739 5738 4571 3878
6343 6338 7807 4485 5802 6851
6344 6338 8150 3710 6507 8154
6345 3833 6338 3231 5008 1440 228 1154 2716
6346 6338 5822 5981 1437 7323
6347 6482 5351 1118 441 4747
6348 2285 1737 2293 2289 2290 2291 2286 2287 2288
6349 937 7940 1062 412 979 6942 1010
6350 5095 2767 7400 7940 2353 5690
6351 3924 1866 5051 1526 6044 7940 8171 7072
6352 6848 664 7983 7982 3361 4890
6353 4574 1360 526 664 458 2247
6354 7600 664 5569 3274 5571
6355 6741 1412 1451 2590 6768 6742
6356 8068 4683 3967 421 318
6357 5350 5033 2842 7436 318 4676
6358 4684 4841 4744 4674 318
6359 2285 2299 2297 2298 2294 2296 1680 2295 452 1841
6360 2842 318 4752 5055 4731
6361 2051 7787 318 5239 4754 4751 3416
6362 3048 4359 6611 5321 4263 4746 3115
6363 6451 50 1494 8165 591
6364 5742 7030 6537 4199 2061 5052 591 4505
6365 3710 2607 2608 6454 2862 591
6366 5478 4534 4899 591 5555
6367 1546 1218 2957 6874 3629 1287
6368 1812 2722 1996 3400 1287
6369 1727 1253 1723 1287 1284
6370 570 2301 2300 2302 2285 2305 2306 3936 1436 2308 2309 2310 2307 2304
6371 6451 1287 7074 2552 1294
6372 7108 6868 5589 4571 5094 1287 6663
6373 6886 4587 7470 2896 1755 5317 557 1287
6374 6943 3255 5352 1287 6942 6993
6375 8092 8040 276 236 285
6376 2471 8092 3163 6644 5886
6377 6674 300 240 238 4144
6378 6456 8057 4397 1274 6930
6379 5545 8057 4686 7679 5479 3101 5377 6497
6380 8057 241 6482 766 4266
6381 2285 2312 2313 2311 1541 300
6382 8057 8139 8176 8177 6496
6383 3260 5228 4537 3178 1142 2965 3193 1861 2276
6384 1385 5228 1142 1505 5873
6385 5804 5228 5852 3907 6798
6386 6295 7132 6590 5228 5298 5886
6387 7906 1355 2049 7140 7860
6388 7999 2049 5578 5232 4862
6389 523 7936 4309 1419 472
6390 8033 5908 3276 6774 3278
6391 2232 1384 553 4771 4772
6392 2187 2285 2317 2316 818 2315
6393 2232 1595 1789 6566 3060
6394 1672 1860 5593 7269 2935 2232 4400 147 1910 6481 1334 4779 1455 694 8135 7198 3819 3046
6395 2232 6421 2690 480 3296 4294 4921 5117
6396 8058 4904 5579 2232 4304 6510
6397 2232 3277 3275 6843 3232 7431 6793
6398 2679 4904 2232 2774 2680 3389 1884 6553 6979
6399 476 6581 2232 549 3913 3420
6400 7538 7537 2232 7748 6201 511
6401 298 2232 2849 3493 4555 552 554
6402 2232 2299 3098 6820 5394 2233 7875 5459 5536
6403 2320 2285 2321 2319 2318 2263
6404 6576 5579 2232 496 3493 2731 554 5846 6004 546
6405 2232 5855 6620 5470 251
6406 6336 2232 6851 1790 3970 7488 6564 6553
6407 2232 3519 1083 2076 1288 6582 1424
6408 2232 1809 5246 5245 3520
6409 2313 487 240 6564 7311
6410 7090 3961 4615 6519 7161 7311
6411 6581 4155 3707 3321 7311
6412 7422 3164 6421 7692 7790
6413 708 7818 6210 6539 1748
6414 2780 3980 4069 2323 2322
6415 5739 5738 3531 6566 6539 4511
6416 4820 4818 4819 398 546
6417 6610 6551 4900 645 546 6931 574
6418 2765 6590 3883 593 546
6419 1911 7827 5634 2265 3217
6420 4026 1355 5634 7475 4303 2355 3944
6421 7691 7331 7251 4192 5104
6422 7691 1546 4474 3273 7059 6870 2544
6423 7691 1398 1397 2948 1500
6424 7691 1805 8169 1537 1399 6842
6425 899 953 1006 772 203 156
6426 7691 1136 1521 1504 2744
6427 7691 6205 3482 6551 6937
6428 7691 6420 5376 6917 3244 3046
6429 3508 7186 5889 7101 6973 1767 3989 1910 5901 6481 4707 5984 1455 3472 7880
6430 3298 6973 1809 6937 8131 3878
6431 5210 1313 7601 8065 444
6432 5111 6639 6498 4709 5374 8065 7000 454
6433 6475 443 4665 8065 444
6434 7148 4643 4663 4133 8065 444
6435 446 443 4439 8065 444
6436 2328 2326 203 2324 2327
6437 280 4752 8136 8065 5797 444
6438 5489 8182 5795 2246 4555 6421 1274 1078 6321 6506
6439 1344 1560 5489 6318 1534 6915 4486
6440 7647 6834 7457 6449 230
6441 3916 5948 4944 8148 6902
6442 1800 4944 1791 4105 3818
6443 3297 3899 4375 4944 4105 1328
6444 3978 3954 4944 3955 4105
6445 6029 4944 4399 7636 7329
6446 2946 4944 4306 5000 7969
6447 3036 3047 3324 3280 3225 3114 3348 3258 3180 3269
6448 6847 2329 2330 2208 1658
6449 6704 4944 4105 1506 4117 4630
6450 4612 4010 5104 5882 5106 7135
6451 4612 2153 2575 1725 1758 1747 698
6452 5702 4612 4145 1494 3248
6453 4612 6509 7429 5216 284
6454 1787 1785 4612 6773 3637 1499
6455 609 4612 6983 2754 4902
6456 3249 4554 6278 3862 3415 6690
6457 8185 3496 6868 1355 3497 6870 6690
6458 1764 4534 2971 3849 5755 3850 1695
6459 2331 4514 2334 2333 2332 8268 2335
6460 7562 2354 4712 1466 2971 5097
6461 5905 6393 2971 5705 5706
6462 1764 2971 6827 2173 2593
6463 5682 2971 7489 4881 6507
6464 1491 6172 3846 2971 7129
6465 4403 2183 6123 7440 2061
6466 1812 2152 2987 1776 1996 7440 7052
6467 594 7500 6854 7440 2345
6468 6407 6451 6849 496 4897 4198 6531 7440 4294
6469 5093 3519 5092 7997 4585
6470 2331 2346 2340 2344 2339 2341 2345 2342 2343 2338
6471 1791 1867 1439 7997 1279
6472 8152 8149 7997 1241 5206
6473 7997 7746 451 5578 5179 4189
6474 7545 3323 548 5689 458 3322 3990
6475 4279 7090 548 3153 4573 480
6476 4675 4583 3843 548 3819
6477 2739 2724 1521 548 3955 1327
6478 3823 1350 548 6175 3818 1615
6479 3369 3532 1782 563 6985
6480 6741 1329 6575 7807 1416 1579
6481 2354 2349 2352 1560 8152 2350 2351 8149 2347 2355 1630 655 2356 1404 678 1600 1748 2353
6482 4611 1067 1579 1801 6742 1802
6483 1643 6507 1579 7248 6861
6484 6205 3386 2707 1534 1251 1579 357 5886
6485 1466 5038 6962 4145 6652 1579 7631
6486 8153 7105 1532 1721 7160 7475 4303 1579 7603
6487 923 5164 4228 1579 6341
6488 7067 4574 3729 6688 2709
6489 3254 4900 4897 6161 1365 3154 2709
6490 7063 1741 3851 2709 5854
6491 3711 6283 3090 2600 5521 5520
6492 2358 2361 2347 2360 2357
6493 3855 2083 5520 3458 2217
6494 3964 4279 1339 4273 6920 3990
6495 2970 6659 4273 6988 6742
6496 5220 5685 2085 4273 1751 7835 7297
6497 504 290 8068 4719 4273
6498 975 1039 1071 4273 1101 6390
6499 4275 1786 5981 2970 4273
6500 2471 7002 7335 7557 1229 854 2473 743
6501 2595 6710 1346 2843 4807
6502 3201 1346 1571 3913 1493
6503 2362 622 2347 1210 2363
6504 5894 3507 2987 5407 3908 1346 1571
6505 6702 564 1407 2190 1346
6506 3483 6590 1346 7950 1302
6507 3038 6960 1902 8117 6487 1908
6508 4575 4901 8163 7132 1535 6960 4578 1507 1818 2745 3205 4106 4206 3851 708 5323 4177 2833 1751 3212 4174 2276 4326
6509 3200 1700 6960 6884 593 1646 4517 1596 2135 8154 1766 4616 3637
6510 1564 6960 3205 6529 7318
6511 1136 6960 1507 1905 3844
6512 3214 6960 3483 4900 4228 2443
6513 1516 6960 2745 7622 4326
6514 2365 2364 2347 1356 2366
6515 6603 6960 2710 6990 6994
6516 5915 3948 7173 2937 3533
6517 5915 1490 4663 5993 3072 4388
6518 6279 5915 3483 1850 1851
6519 5915 1738 7078 7068 1505 5107
6520 5915 485 299 1838 488
6521 8150 6324 3179 1706 7534 8154
6522 3179 5976 7555 8055 4011
6523 3951 3179 5092 2766 5970
6524 3971 3179 7230 7948 2694
6525 2209 2368 2347 2367 2369
6526 6456 3179 6975 4571 6659
6527 1464 5545 3179 554 2550 6486 7462 6497 5076 3171 7921 7865 4746 3274
6528 4415 7228 485 3179 490 3619 4356 7276 1840 1839 3394 6856 483 491 1841 4357
6529 3179 4573 5890 2735 1801 1802
6530 605 3179 6384 6385 5023
6531 6741 1335 1384 3179 4893 6820 3458
6532 2712 3179 5954 5043 7877
6533 573 3179 6665 7528 3256
6534 6542 1335 6600 4893 7057 7296
6535 5371 1296 3408 4300 7296 1529
6536 2040 947 2372 8178 2371 6191 8167 2658 2373
6537 2051 4321 4133 7363 3466 7296
6538 5778 3613 3510 1850 4341 7296
6539 8176 8177 7926 7467 7296
6540 2313 4389 8075 7782 4738
6541 7067 223 7361 6030 1678 7140 7782
6542 4418 3439 5216 5289 4098
6543 4418 4421 6998 6194 6241
6544 4418 6667 3596 6661 4282
6545 4418 6717 3596 6661 6073
6546 5049 4418 5235 7415 5981
6547 2375 1570 1492 2374 2280
6548 3067 2668 695 6564 332
6549 2967 2720 465 5922 2968 539 4537 2965 477 4007 478 3267 2778
6550 1795 3038 5403 6509 7429 6901 4007 1799 5984
6551 1490 4007 8154 3890 5571
6552 3386 8152 2134 6401 8149 4007 7746
6553 4100 7958 665 3416 4753
6554 1461 3909 3929 5265 3375 1426 6671 3374 665
6555 406 1910 3413 5256 1455 5327
6556 1508 5038 1622 7814 6822 3413 4100 3455
6557 6867 1622 2439 5993 2061 3515
6558 3036 3225 3080 3247 3058 3136 3258 3180 3269 3158
6559 336 669 2377 1025 8189 2376 558
6560 5432 7873 6905 6522 3276 3278
6561 4510 1893 3578 224 1330
6562 1464 6743 1330 3472 3274
6563 5365 490 299 394 4417 3368 1330 493
6564 3630 6421 2233 5409 6506 1330
6565 1339 1330 6370 2076 5441
6566 5485 2983 3953 7331 1155 7590 1545
6567 1564 4546 3299 3479 3953
6568 6664 2246 4104 4535 3953
6569 4458 6664 4457 4104 3954 3953 2766
6570 811 2378 8273 817 2108
6571 7540 2774 5394 3953 5766
6572 4458 1369 4457 1899 3953 1399
6573 1583 1584 4404 1754 1587 2745 3976
6574 2745 6531 5561 153 3423
6575 7022 6437 5793 2745 1334
6576 1466 7429 2745 5901 7631
6577 5907 6721 2745 3061 6537 6041
6578 3487 8185 2745 7803 7713
6579 7284 7629 2745 6952 1799
6580 6611 5401 2745 8047 4630
6581 2380 137 8268 2379 1204 8269 2200
6582 2240 539 2241 478 3475 1406 4326 5118
6583 6567 6362 6861 4326 7297
6584 6544 3898 7544 6598 3897 5740 4326
6585 4918 3376 4346 5005 4326
6586 4135 5810 539 477 478 1178 3294
6587 8185 4900 3190 2766 1556 3294 3469
6588 1672 5408 212 631 6516 2987 633
6589 631 6645 7307 3840 6241
6590 631 633 786 1429 7721
6591 496 631 1740 5846 633 4004 6975 4571 495 6244
6592 2803 8134 4781 4435 2382
6593 631 633 3227 4017 6562
6594 3038 4879 1308 2240 6912 1701 1374 631 633
6595 631 633 6175 3896 6904
6596 5744 3439 5289 4098 3400
6597 4359 2203 3400 6791 7338
6598 3400 3187 6448 2771 6798
6599 2297 6620 3400 4707 5797
6600 478 3475 3400 619 5462 2693
6601 7511 2424 7609 5604 8093 7918
6602 6074 4217 5737 7609 5107
6603 2306 2383 2386 2385 2384
6604 1442 4900 5455 6379 4628 6647 1294
6605 2352 7084 1506 6107 6647 6389
6606 3254 2837 6517 5866 6647
6607 4115 578 2918 6342 3472
6608 1234 7787 1235 578 4640 5122 4676 7048
6609 6604 5948 5949 5398 3205 3440 3248 5205
6610 6604 1417 3521 5153 6639
6611 7562 7067 6604 6544 6133
6612 5629 7690 1412 7744 2378
6613 7418 6414 5721 4443 5098 5150 5575 4637 6929 4665 5765
6614 8241 2388 2383 2389 2387
6615 5234 4443 7707 3429 4350
6616 4116 6196 4165 1758 455 4144
6617 1197 6407 3093 4588 5218 6999
6618 1197 5399 6822 5415 6566 6342
6619 4667 7831 5029 7637 4686 1057 5555
6620 7831 4646 5239 3416 5084
6621 4583 589 6178 2507 4419 7950 4124 6135 7828 4634
6622 5093 3150 7950 3444 6940 3455 5096
6623 7018 1910 1455 2778 7811
6624 264 1469 584 6217 583 2778
6625 2391 2390 1182 8224 2393 1942
6626 1819 7538 610 1245 1456 7131 2744 3248 7431 5107
6627 1819 6687 2190 4811 5968 2987 3352
6628 1819 3369 6187 551 1782 3850
6629 6005 3631 6398 542 4238
6630 2679 6791 2344 2683 788 6553
6631 7224 2488 6411 788 5558
6632 8150 6127 8151 8154 788
6633 1304 6881 6882 2862 788
6634 7728 843 6632 7525 7729 6288
6635 2471 2129 6502 2489 51 3933
6636 5335 2394 5446 8179 783 740 2282 752 2222 8262 7557 2395 787 5224 737 1322 2396
6637 2130 6502 6266 4802 7517
6638 1713 4440 1057 1010 1846 1152
6639 2956 6433 4607 7156 7991
6640 5495 4986 6910 5888 6041 6210 3523 4708
6641 4672 4374 6910 4728 4680 4668 4760 4752 2545 4678 7650
6642 8011 3482 3507 5976 3205
6643 8011 3338 8000 6438 4285
6644 8011 1532 3482 4353 4354 4902 4506
6645 8011 3519 1076 8090 2076
6646 7148 8094 4589 5342 5082
6647 8262 2398 2399 735 2397
6648 4777 5997 2126 6627 3408
6649 6255 2126 6854 5972 5612
6650 3264 4783 3726 5669 3933
6651 7728 7523 7526 7729 817 6288
6652 3639 3620 7648 3408 8131
6653 3627 5764 2083 3494 4329
6654 6575 504 3245 4713 236
6655 4129 4596 1458 504 7092 1997 7198
6656 4129 504 539 7814 5399 5394 480 287 251 6857
6657 504 3245 120 220 242 238
6658 8194 2402 136 69 2401 2400
6659 4129 1490 504 5227 7892
6660 239 7280 241 231 504 290 234 1438 236 233 230 238 3060
6661 1461 6489 4848 504 6874 5294 517 1288
6662 504 6217 6497 3232 574
6663 2759 3149 504 276 517
6664 610 504 7489 5399 8177
6665 149 6603 504 7814 6857
6666 7644 6324 6935 3494 5577
6667 6015 2290 2024 6286 2120
6668 7593 6972 3920 6843 6844 1276 3393 2952
6669 115 137 103 126 170 159 148
6670 3036 3324 3280 3102 3080 3247 3058 3114
6671 2405 2404 2350 848 1475 2406 1468
6672 7593 6382 4815 7814 3920
6673 7593 1466 6509 7429 6371
6674 7022 4859 5793 7090 5721 7534 4751 4197 7407
6675 5721 1274 3451 3230 3661 1388
6676 1367 1535 3971 5721 276 3145 7721 5105 707
6677 1778 7583 5721 694 693
6678 5721 1228 4888 272 2273
6679 3630 5721 3429 6937 6860
6680 486 507 485 3228 484 5721 3371
6681 5721 2754 4902 2756 2757 2755
6682 2581 2407 2408 1036 7091
6683 5721 5215 3108 8216 3190 1473 3060
6684 6416 475 301 696 7973 7065 7185 1499
6685 5360 6428 2052 4644 7185
6686 7130 4217 5918 7185 5542
6687 3484 3485 3486 7185 2693
6688 5373 7510 5595 7439 5501
6689 2082 1705 8122 4109 6850
6690 1705 6850 1089 4509 7770 105 4238 4237 5687
6691 7304 2119 7728 7523 7526 6286 6288
6692 7067 3522 3521 5153 4135 5111 6044 6273 7362 7456 2760
6693 2409 2411 2412 2413 8204 2410
6694 7728 7729 6286 6288 7456
6695 1723 934 939 1813 1846
6696 653 934 1022 939 1846
6697 3272 2214 5444 2696 8095 6800 5854
6698 5453 4518 3851 4010 5104 2726 7203 5854
6699 3838 8148 6855 1604 7869 5854
6700 7326 7476 7565 2732 5527 5854
6701 3828 3851 3829 3165 5854
6702 6804 6433 4498 4486 5854
6703 5621 5734 2345 6473 7749
6704 3492 2416 2417 2415 2418
6705 3063 4574 3627 2083 1910 478 5323 1455
6706 3063 2086 372 2746 7917
6707 3282 6686 3090 5246 5796
6708 2471 3226 1861 6594 8165 4294
6709 6335 3271 1472 2472 3726 2477 3284
6710 6943 5352 25 2429 5740 2128
6711 7728 7523 7526 7525 2128
6712 1178 1713 1715 905 1712
6713 1034 1095 1162 1249 1040 1712
6714 1713 1715 8143 1712 6013
6715 2419 8290 1226 5570 2420
6716 1196 1713 1715 905 1712 1759
6717 5685 972 1715 1712 412
6718 2901 3351 954 5589 1715 1712
6719 5111 6273 7362 7251 2341
6720 7879 5031 5054 4173 5120
6721 2998 2084 4595 4824 7286 2999 3383 6656 2475 6655 3531 2697 5244 524 4396 5448 4228 2997 7157 4173 8131 7043 698
6722 7825 7320 1458 4580 3108 3826 1318 1678 4173 4585
6723 783 855 4173 1322 6951
6724 523 7728 7523 7526 7525 5621 7729
6725 2246 1371 2405 3635 3818 694 1373
6726 2421 2426 2424 2422 2423
6727 1472 3635 2477 1474 4165
6728 1569 3270 3383 2475 3635 522 2477 6595 3372 3384 5786
6729 476 3585 3855 2968 2762
6730 7623 7286 619 2443 7323
6731 1441 5889 7623 6656 4902 3938 6937 7157 2756 2757 2755
6732 5101 7623 6709 594 1776 1951 5449 2150
6733 6741 5744 2506 7623 1374 3245 3207 6952 1801 2151 1802
6734 7623 4918 2697 4812 4582 2695
6735 1583 1584 4404 4332 7623 5294 1671
6736 6451 2956 1754 7623 4645 3150 6940
6737 1135 2421 6469 2428 2018 2429 2427
6738 1457 7623 1430 6952 1432
6739 1765 7623 2717 2718 5984
6740 2998 7623 283 2999 5244
6741 1249 1116 1196 1039 8143 978
6742 1032 1249 918 1039 1041 3256 1908
6743 1104 1039 1901 1175 5782
6744 1211 1360 1054 1098 1039 1040
6745 1054 918 1039 1071 978
6746 1249 1024 1039 6843 1084
6747 1384 1521 7138 5918 1280
6748 2431 4792 2432 2433 2430
6749 7130 7138 4881 1502 6507 5918 6438
6750 7130 4345 7138 5918 1279
6751 4135 3924 3993 7929 7138 3948
6752 2240 2241 7138 554 3064
6753 3887 7130 3888 7138 5918
6754 7130 7138 1501 5918 7811
6755 6465 7130 6466 7138 3210 5918 8175
6756 3508 2828 6637 5499 1696
6757 3929 7734 6637 1696 2817 3889
6758 1787 1785 6275 6928 1696
6759 2434 2439 2438 2437 2430 2440 2435
6760 1696 8027 5798 7661 6487
6761 7153 6636 2815 7734 6637 1696 2817 1326 8117 8119
6762 6636 6492 7734 6508 1696 7566 1823
6763 6384 7734 6637 1696 1943
6764 6492 6912 2828 474 1829 1696 5370
6765 7734 6637 1696 1176 8117 8119 7788
6766 7734 6637 1829 1696 8119
6767 5912 6492 7734 6637 1696
6768 1696 6486 4861 1604 4860 766 2079
6769 618 8091 8080 1696 1339 620
6770 650 2430 2443 2444 2445 2442 2441
6771 6492 1696 3229 5831 7372
6772 2802 1696 5371 3229 6388 6485
6773 6715 1696 7566 5751 2273
6774 586 3116 5404 3257 5211 7533 3145 1870 684 1908
6775 1461 586 618 1258 486
6776 4279 586 2506 3485 6493 3486 698
6777 586 1633 1236 467 7331 8120 1870 1289 1302
6778 586 3272 1245 4662 3438
6779 2759 586 1627 5716 5790 588 1418
6780 586 3052 276 6161 7121
6781 3392 3291 3036 3047 3324 3225 3102 3058 3258 3313 3269 3236 3337
6782 6858 2186 2446 835 926 1027
6783 264 1469 586 584 2773 583
6784 7438 586 6319 6905 4505
6785 4684 1627 3015 3843 4640 4984 5032
6786 1627 1407 3396 2966 5294 4573 469
6787 1627 3271 507 4175 4812 1301
6788 4129 1627 3240 6698 1418 1801 1421
6789 1627 1458 5244 210 626 2244
6790 334 1627 3410 288 7847
6791 1627 477 5473 275 3084 3061 6207 1301 250 2771 238 6219 6723 4921 4233
6792 227 1627 2538 5459 468 3982
6793 7069 3936 4413 914 947 2903
6794 2354 3170 1627 4662 5492
6795 6514 7067 4306 4861 4860
6796 7067 4337 5006 3924 3908 1162
6797 7067 1283 3066 2961 3064
6798 4951 6421 6506 1083 2268
6799 1532 6421 1513 7490 6507 6506 4346
6800 7621 7679 6693 6506 6497 699
6801 6573 477 6421 6506 5052
6802 7825 1465 1467 2731 539 7866 2686 478 6009 6506 5990 233
6803 5413 2999 1834 6421 4124 6506
6804 3570 2449 2025 2450 947
6805 6995 1540 6492 6421 6506
6806 6912 5026 4827 3217 5163
6807 7105 7106 6886 5368 526 5893 3346 4621 7115 151 1280 5163 7472
6808 2979 4583 313 3008 5163
6809 7876 6537 6659 5163 2716
6810 2802 3630 7022 5793 6494 5163
6811 3894 6344 1838 3621 483 5163 4486
6812 526 3346 6963 6700 5163
6813 1613 4479 8215 3908 7173
6814 6642 1613 3299 5822 1512
6815 6892 2205 8199 796 2451 2452
6816 1613 856 2368 3433 1877
6817 6704 2946 1613 3507 1316 8047 5165 1298
6818 3505 3259 1528 1594 2460 3893 1499
6819 1530 1345 4591 1499 1410 4505
6820 1371 3845 5051 3440 1499 1410
6821 5038 6005 524 1416 1499
6822 4310 4910 4311 4174 1499
6823 2967 7590 2273 7318 1499
6824 1324 1442 1834 5165 1415 4024 1315 1499 5117
6825 4589 4321 7650 6993 1499
6826 2451 2454 57 2453 2455
6827 4965 5049 7470 1265 4753 1499
6828 1317 5888 1265 3461 1499
6829 2722 2719 1504 5688 1499
6830 3630 7159 5231 6534 1499
6831 7712 1866 4604 5765 1499
6832 1307 1512 4421 4585 5052 1499
6833 4611 2722 2719 567 1499
6834 2328 5484 206 1813 6789
6835 6741 605 3428 4593 7631 206
6836 1697 1764 1580 2942 5732 1693 1690 4772 6244
6837 380 2456 2458 7136 1227 2457
6838 4771 1580 5449 1693 4772 3309
6839 3883 4771 1580 1365 2150 4772 2832
6840 4901 2754 4902 4771 1580 4177 4772 2757 2755
6841 1897 4771 1580 1077 6582
6842 3866 3899 4918 3376 1580 4772 2594
6843 6184 4771 4444 1580 4482
6844 4771 1580 7805 4772 5516
6845 1534 4771 1580 1877 4772
6846 4771 1580 2344 4772 6553
6847 216 3439 5289 4098 1580 4772
6848 687 675 380 2431 1351 645 2460
6849 1580 4315 3472 4772 4174 3060
6850 556 6401 4771 1806 1580
6851 4771 304 4010 1079 4772 5104 3862
6852 1756 1818 4560 6691 5904 2699 1801 1419
6853 6666 6972 1439 5904 3433
6854 2981 2983 2203 2982 5904
6855 564 6250 5822 4591 4576 4593 5904 1272 6215
6856 2352 2724 1442 5904 1473
6857 3909 6531 5904 4053 1327
6858 6841 2717 4623 7266 7631 4511
6859 2463 2461 851 2462 2464 850
6860 6639 6533 3041 7266 613 7671
6861 6649 7847 3238 7266 6400 5099 2594
6862 5171 3098 3101 5979 7266
6863 7120 3843 4640 2573 3944
6864 7120 1683 5320 6176 2141
6865 7120 8121 8016 4509 1724
6866 8159 3929 2230 6193 5918 3816 4333
6867 1642 3163 3816 5888 3462
6868 7084 2298 3816 4898 6701
6869 1777 1361 1796 1160 5987
6870 849 2465 2468 854 2461 2377 995 497 1320 1725 2467 850 857 1747 2466
6871 1777 6819 1796 6376 755
6872 5108 1153 4912 1796 1155
6873 2242 3817 1437 1796 6594 6902 6916 6982
6874 3186 3181 1153 1796 1645 2992 1545
6875 3186 1644 1796 3227 3145 6876 7590
6876 264 1469 584 1368 1153 1796 583 1790 7590 1545
6877 3490 1796 4573 3296 2247 550
6878 5900 6205 1796 7543 1545
6879 2983 1816 3834 2364 3259 1796 46 1217
6880 4516 553 1796 551 3029 4197 5577 1545
6881 2469 2471 740 7224 2472 2463 738 2461 497 1320 3169
6882 2365 1153 3652 1796 6977
6883 1546 2849 5398 3667 1796 3227 1861 6185
6884 1821 1889 1153 3609 1796 3163 5207 5381
6885 1153 1796 1896 1799 3060 1545
6886 3186 5108 1796 3944 6392
6887 1153 1796 8096 550 1545
6888 1805 6451 1153 1796 6433 5979 4193
6889 1157 5749 1153 1796 1209
6890 1153 1796 1645 3922 2977 5240
6891 1153 1796 1645 1251 2942
6892 3036 3047 3225 3102 3080 3247 3114 3313
6893 5891 2474 261 6669 752 7113 7557 2463 2468 2473 2461 5780
6894 6715 6361 5751 7198 7796
6895 6741 3439 516 4098 5393 6742
6896 4019 4098 5954 3531 5393
6897 923 1202 1215 1098 979 1084
6898 1723 1249 1098 1255 978
6899 1211 945 1098 1084 1041 978
6900 6691 4594 5026 1345 1098 1406
6901 7257 6466 6443 3210 3944 5441
6902 6623 6622 6537 6301 5441
6903 5240 3059 7389 7431 5441
6904 227 2476 2472 2475 2477 2461 2478
6905 7442 4615 4952 5227 5441
6906 7126 5682 557 7472 5531 5441
6907 4913 223 4717 566 1339 5441
6908 3909 5409 6887 4629 1288
6909 3909 1746 7925 7969 2687
6910 1443 3909 4555 1791 1190
6911 1587 6521 3909 3929 5918 6993
6912 4904 5810 3909 7084 7475 4303
6913 4965 3928 3909 1405 1190
6914 3909 6516 5981 7713 7702
6915 2282 2480 2461 2482 2479 5558
6916 4403 4417 5296 6522 6389 4285 6138
6917 4403 3528 2912 7084 3878
6918 4403 3639 1266 1265 4507
6919 4403 3615 7059 6290 2544
6920 5921 5246 1959 696 5245 4233
6921 4672 4985 4103 5264 2890 7619 5056 4966 8102 4668 4676 4671 4660 5027 5055
6922 5029 4640 5042 453 4638 5032 5027 7497
6923 5095 3978 4985 2890 2889 4986 4967 4644 4680 2221 4668 4676 5027 7441
6924 5350 4644 5253 4676 5027 5252
6925 1754 3245 1506 3417 5027
6926 8265 649 2461 1320 309 850
6927 2749 147 5027 4709 6406
6928 4684 4673 4661 4660 5027
6929 4684 4673 4640 4984 5027
6930 4675 4985 4986 4756 4760 5027
6931 5222 5031 4875 4756 4967 4641 5027
6932 4684 1266 6414 5575 1265 5027
6933 7735 7929 5638 7044 6820 5027
6934 7287 4132 7682 4671 5027
6935 4684 4661 4640 2573 3417 5027
6936 4684 2573 4660 5032 5027
6937 2484 2914 21 2461 2453 2483
6938 5041 4684 4673 5101 7612 4661 4728 5042 2573 4984 453 4133 3944 4660 5030 8144
6939 7787 5101 4972 5033 4644 4966 3962 5117
6940 5095 5049 4516 4985 4103 5264 5101 1798 4110 4569
6941 2890 5101 4967 4728 8144
6942 5101 4972 5033 4680 4966 4668 4676 5053 4760 5034
6943 5049 7999 2889 5101 4674 5013 4986 2545 5034 4708
6944 2890 5101 5054 4680 8102 5122 4668 4676
6945 5724 5101 7286 8164 1728
6946 8186 5101 6541 1379 4571
6947 5095 5101 7612 8091 8116
6948 2472 1355 649 2461 2485 1320
6949 5185 5101 5028 4644 5253 5055
6950 4672 5185 5101 5028 5033 5046 4671
6951 7787 5101 4972 5033 3944
6952 5095 5049 4985 2890 5101
6953 5185 5101 5028 4972 4752
6954 556 2246 3518 1473 5863
6955 1239 7354 3061 8026 4417 1051 3517 3518 2268 5863 491
6956 6576 4352 3517 3518 2268 51 5863
6957 2994 3518 5578 6185 5863
6958 1258 7906 6954 6924 5886 5863
6959 7335 2487 2486 2488 1229 854 2212 2461 2489 855 2396
6960 1560 7116 4532 5011 1865
6961 3937 496 4394 5846 1317 6804 1742 4532 495
6962 3937 2156 4532 6916 5107
6963 4353 5579 4354 4532 3278
6964 1462 7724 3039 1411 6384 4645 3884 3350 4306 2961 1512 4532 7713 4860 1410
6965 8159 1268 7792 3465 4532
6966 4132 4133 5286 7089 1757 6789 454
6967 7610 442 4109 7029 3067 224 7089 243 5395
6968 2216 7306 2088 6821 616 3051 7072
6969 5448 2090 2088 7955 4367
6970 2491 185 4792 21 2490 4758 7613 186 2453
6971 5551 6231 7452 2088 7758
6972 3101 1118 5210 7671 7110 3068
6973 7679 6497 1118 6475 460
6974 1528 5984 718 6842 6241
6975 5894 1395 2576 5890 6523 718 6582
6976 5857 4474 4515 6977 6790 718
6977 7304 224 6072 6323 4964
6978 6822 3084 4754 7070 242 102
6979 4633 6006 5045 4981 4983
6980 3872 5484 4981 6854 6471 2342
6981 2495 2494 2493 4758 2210
6982 6399 4468 5352 4981 2290
6983 2739 4353 1642 4354 3015 5345 6993 1279
6984 2546 5452 5304 6943 6573 616
6985 7771 5304 6482 4370 2551
6986 5343 1617 3824 1468 2234 6364 5940 6224 4201
6987 3865 216 6617 304 5940 1651
6988 3510 3528 3623 1103 4162 2135 2787
6989 8147 3089 5993 7365 3171 2089 2787 695
6990 487 1838 6371 3368 3621 488 2787 483 2594
6991 2787 6304 7654 3055 2061
6992 2496 2498 2499 2497 799
6993 6558 8216 2934 2691 5088 2787 5104
6994 3208 1866 6659 2787 1842 6883 2253 5531 4357 493
6995 4415 4416 3228 463 297 490 299 4356 1840 1839 3394 2787 7070 5528 491 1841 4357 493
6996 1542 5790 4573 7872 2787
6997 5365 4820 3623 7149 6971 2787 7599
6998 5265 5365 3072 2787 6474 7061
6999 3623 6371 5869 2787 6474
7000 5529 490 4356 1839 2787
7001 2057 3338 6497 280 2075
7002 8097 7958 280 4053 1604
7003 3069 3392 3036 3080 3125 3191
7004 8275 2500 2036 111 2501
7005 3709 5831 5321 280 2549
7006 7562 7160 3578 6217 517 280
7007 5372 7845 4417 8097 5374 2253
7008 5682 5712 7857 3100 2441
7009 7538 7537 6619 7748 7712 7111 1456 2233 6620 6531 3423 6241
7010 7537 3159 3901 7748 6307
7011 7537 4510 7748 4634 6188
7012 7538 7537 7748 3828 3829 2737
7013 2981 5474 1811 1103 1195
7014 6683 4560 1103 1634 8066 5782
7015 2506 2507 2502 2504 2505
7016 5752 2791 4535 1103 1079 6110
7017 6512 1854 1263 3610 1103
7018 1664 2600 2265 2598 6798
7019 4510 3845 3208 4568 5985 7568 7467 7301
7020 1442 4568 1315 1745 550 1280 1284
7021 3845 4568 3088 523 3844 6189
7022 1800 1344 3845 4568 3631
7023 5616 4546 4568 7792 7803 2761 1315 7713
7024 1299 8014 3845 4568 2954 462 236 3230 7973 2757 238 472
7025 1821 4568 1245 7925 7969
7026 2502 2511 2509 2508 2510
7027 6603 2767 3201 4568 3064
7028 3845 4568 3081 3082 5117
7029 4840 231 4568 6488 1952
7030 3298 4568 4305 4306 2428 1745
7031 7257 7008 4875 3965 7785
7032 3079 4875 4148 4683 4646 3417 320 1420
7033 1266 3941 4875 4764 5084
7034 3877 3066 6952 1951 2857
7035 1771 7029 4725 6818 2293
7036 3521 5153 3961 3267 613 620 6871
7037 2041 2847 4459 8212 2191 1961 2825 186 1941 2814 2692
7038 5294 617 6135 613 7043
7039 4210 617 613 7654 2138 6554
7040 4327 617 5211 1318 613
7041 6531 5470 251 613 6920
7042 2328 617 7070 613 7541
7043 1460 617 1315 613 616 4885 4367
7044 4009 4485 6843 3187 6844 613
7045 3085 8170 4645 3843 5098 4148 5466 5239 613 4665 5084 5044
7046 1417 7284 7112 3461 613
7047 3170 2731 2086 7645 3084 1418 613 4499 315
7048 7269 134 1436 2512 558
7049 6029 7771 7622 6464 7661
7050 5238 6464 2545 4861 1817
7051 2550 6464 8052 3472 3415
7052 1830 5593 6867 5372 6486 6493 2437 3171 6481 6485 766
7053 668 6265 2071 2437 569
7054 1829 471 2437 5503 6999 2061 4123
7055 464 2437 494 695 479 4367
7056 5478 2082 8016 2829 2437 6474 2268
7057 2437 7857 2090 7474 3306
7058 7685 452 3306 6304 1813
7059 1581 2515 2513 2516 547
7060 1511 467 7925 1209 3905
7061 2981 467 2982 2733 1195
7062 467 477 6822 475 4323 4738
7063 582 467 297 276 230 472
7064 5900 5857 1234 1816 1299 467 5120
7065 4575 264 8161 6978 3396 1507 6820 5794 5494 2752 3263 5716 3296 5323 6364 469 7297
7066 2396 4165 250 469 4190
7067 5965 3200 6589 622 469
7068 618 3396 1515 7564 620 3012 3662 469
7069 5271 7362 7685 1773 6990 4367
7070 2520 8210 2521 2526 2522 2517 7347 2523 2518 6225 2524 2519 2180
7071 564 3064 1473 8165 4367
7072 7538 7537 2074 7758 4367
7073 2090 6231 3640 2075 4367
7074 1688 6465 6466 3210 1689 6901 8034 1582 6412 6007
7075 5234 6465 6466 6645 1339 2549
7076 5222 6465 6466 3210 5028 5998 4723
7077 1508 6465 3210 3100 1748
7078 6465 4155 3707 3210 7306 3051
7079 7496 6465 6466 5757 3210
7080 6465 6466 3210 696 5543
7081 2581 2529 2527 2528 3792 2180
7082 6465 3210 3905 1045 2138
7083 7776 3498 486 2955 7712 6466 3210 6862 6241
7084 6542 6466 6773 6822 7364
7085 3504 6617 4913 6466 8116 1416
7086 3522 5153 1721 6466 5917 2295 4585 7835
7087 2084 4848 6466 6820 3210 477 1452 272 3212 4294
7088 1643 6074 6466 3210 340
7089 6466 3210 1817 3065 5117
7090 4674 5013 3210 5028 4756
7091 3219 3210 6887 7875 6244
7092 2531 8214 2036 2530 4380 161 547 8167 2180
7093 2790 5379 3210 2699 7318 1273
7094 4337 4416 3098 3210 4392 487 491
7095 5031 3210 4972 5033 4966 4973
7096 5948 5949 7129 3210 4198 2687 7314 5205
7097 4510 3210 1811 2134 1782
7098 1367 3378 3052 2242 3333
7099 4575 2242 3630 6573 6479
7100 2242 1065 619 1724 5522 1284
7101 2242 5784 2849 4886 2680 539 2773 477 478 151
7102 2242 7836 1190 4396 6505 312
7103 2781 2803 4781 7613 6703 2372 4435
7104 7105 7106 2242 6962 3820 5051 5855 5397 6531 6292 3423 981
7105 2242 555 6410 3440 3999 4734
7106 2242 3943 7104 4494 1423 4629 456
7107 609 6641 310 2242 539 4740 4742 2295
7108 2242 2968 3240 2982 1195
7109 2705 4674 3843 1834 3042 2548 3244
7110 1324 2935 1535 1834 1528 2970 5296 5890 1455 1288 2258
7111 1344 567 1834 2428 3848 1415
7112 4130 605 7664 1834 5103 1871
7113 5726 1397 1834 4210 3395 3393
7114 3069 3392 3202 3036 3047 3324 3225 3102 3114 3125 3136 3313 3269 3236 2969 3381
7115 2532 2781 2533 2534 2040 2330
7116 1441 5804 5805 1510 1834 572 574 7407
7117 3160 4535 1834 4328 4486 3265
7118 6962 1834 4300 4299 7072
7119 3954 49 1834 3438 3452 3955
7120 1324 1834 5802 1260 6189 6931 6638
7121 5804 4900 1834 6931 574
7122 1834 5802 1260 572 4601 2253
7123 1324 4900 1834 7947 574
7124 1324 1834 5802 6699 1260 3629 572 574
7125 1441 3493 6551 1834 1595
7126 4459 2781 2191 2535 266
7127 1834 5404 6699 1260 6931 7407 2253
7128 5400 6610 1510 1834 6188
7129 6294 1442 1834 1315 5869 7321 1373
7130 349 2298 3828 5629 5387 5516
7131 7728 7523 7526 5629 7795 1725 1758
7132 3251 1742 2545 451 693 3819
7133 4578 3418 3081 7917 451
7134 8186 1295 8184 2955 6505
7135 2767 3277 2955 6204 523 5589 4193
7136 1535 2955 6645 4812 4582
7137 2781 24 2537 2535 2538
7138 1218 1208 2955 2977 4486
7139 1308 3411 2955 4294 4921
7140 7583 5958 2955 3957 6976
7141 2955 3255 3868 6622 1079 7227 2591 2593
7142 6521 2955 573 3349 2752 2682
7143 2955 8138 4479 5568 4196 7847
7144 2955 5866 5122 438 1301
7145 5912 2955 1897 1077 6340
7146 3228 610 463 297 299 487 4759 4163 6856 220 483 3060
7147 7280 1854 611 221 6917 220
7148 2539 2781 21 2540 160 3492
7149 5250 3628 441 6929 220
7150 3917 486 3228 463 489 3368 488 220 483
7151 487 1840 394 488 1839 7649 6856 220 491 4357
7152 223 289 7280 231 224 293 5097 236 287 233 220 238
7153 223 1532 611 241 610 231 276 462 5097 220 238
7154 395 3116 477 478 220
7155 1700 5471 4341 4306 5849
7156 7077 5794 5071 7372 5849
7157 6614 8117 8119 6303 5849
7158 3479 4496 5941 2591 2593
7159 4459 2781 2332 2542 2541
7160 3170 4135 7929 6556 6545 3948 1529
7161 4840 5248 3948 7685 4350
7162 617 4396 3948 2085 7811 1995 6553 5112
7163 4103 5264 2712 4887 3948 8024
7164 4345 6217 4686 3948 2089
7165 8153 6611 5218 3948 7054 4266
7166 7092 4824 6790 3220 2777 3948 3187 6448
7167 4417 3948 6843 6844 3393 2253
7168 4845 3085 3948 7922 5230
7169 2084 7030 6161 4341 5079 4123
7170 1425 5557 2781 2040 8156
7171 5478 4341 1494 6484 3059 4585
7172 2057 6001 4341 5256 7329
7173 3245 4341 1061 5371 5322
7174 5742 7470 4341 7887 6860
7175 6490 8170 4305 4341 4399 3094
7176 6490 4341 6998 6997 3537 4266
7177 5948 5949 4341 2269 5205
7178 2439 4341 6484 6612 6478
7179 4341 4382 7738 7462 7601
7180 4342 4341 7333 3513 5099 7053
7181 646 2543 2781 2036 2436
7182 3519 2550 7314 2716 4292
7183 5100 8021 4748 4745 4946 4292
7184 3053 6784 4585 6883 3115 4292 2760
7185 1587 3928 1405 1530 1420
7186 1234 7836 3928 1235 6519 1504 1405 1190
7187 5486 1405 3532 8162 1952
7188 1443 3985 1538 3928 5680 1405
7189 4611 1344 2767 2722 1443 1405 4621 6595
7190 3928 1689 1405 2157 1582 6412
7191 3937 6534 1405 7969 6522
7192 2041 2914 2191 533 2036 186
7193 358 1405 1791 1454 4621
7194 5219 3221 593 6401 3844 5984 6379 6696
7195 6294 3823 593 52 5409 4576
7196 7132 593 6401 693 6982
7197 3251 4537 6868 593 7431
7198 3201 3954 593 3955 5518 1327
7199 6619 593 554 394 5990
7200 6717 3383 2475 5449 5402
7201 6365 8216 2691 5518 6994 5402
7202 2998 1442 1866 5413 3067 2999 5244
7203 2191 7058 2036 4781 1941 4435 2382
7204 3899 5413 3433 2291 8129
7205 2901 8299 5413 1776 6839 1748
7206 1688 5413 1689 1582 1589
7207 6875 1244 7092 5413 5108
7208 1778 1208 1371 5413 7092
7209 3638 5968 8080 272 6010 7578
7210 7438 5757 1767 7240 7495
7211 3615 6614 3855 5757 7667 6200
7212 6521 5368 6324 6206 2964
7213 7954 5682 6521 5739 6693
7214 899 8281 1062 161 2544
7215 6521 1526 2156 2687 6917 4839
7216 4408 6521 3485 7769 4333
7217 7836 7351 6521 3259 5397 5017 1288
7218 6521 1521 4631 2687 5205
7219 2775 6521 2682 6870 7318
7220 4019 1800 6521 1746 2428 1802
7221 149 5965 5545 6521 1332 1586
7222 7724 6521 3837 6541 1740 6531 4571 4192 3423 6663 5690
7223 6521 6418 2699 1694 5687
7224 5586 6521 4397 1251 1272 4018
7225 3036 3047 3324 3280 3080 3247 3058 3114 3258 3180 3269 3091 3191
7226 2546 988 2548 2545 161
7227 1532 4099 6521 573 2682 6993
7228 6521 573 5409 4888 6993 6409
7229 6995 6521 7600 8122 1863 7962 5984 7467 2258
7230 2679 7949 6521 573 2680 7907 2682 3060
7231 6294 3301 1560 6521 739 563
7232 6521 573 4479 7907 6179
7233 6521 573 5216 7907 2682
7234 7949 6521 3323 1537 3145 1251
7235 5905 6206 2545 7059 2544
7236 7545 6419 5682 1532 5171 1467 6206 1426
7237 2550 2081 2549 161 2088 2552 249 269 2551
7238 8016 6206 4509 6961 3082
7239 2619 2620 6206 6500 4519
7240 767 2935 5368 7470 5372 2439 6477 1456 4106 5376 3533 6930 6476 766 3046
7241 5364 5368 5372 5197 474
7242 5364 5368 6694 1861 6481 1334
7243 5912 1810 5368 5370 3450 6485
7244 4407 5368 1910 1455 6485
7245 6542 6490 5368 4406 1833
7246 149 1894 2705 3297 5368 5983 1910 1455
7247 5368 2828 1176 3211 6487
7248 2530 2553 2554 161 2555
7249 5368 2828 2816 6485 3819 4123
7250 149 4131 358 5368 2156 3449
7251 5368 1521 209 6901 211 210
7252 2257 395 465 6324 3817 3320 229 3296 232 243 2710 238
7253 4602 3293 1366 4281 6324
7254 2981 1795 6666 8159 5403 6324 1243 1439 2982 549 1195 5589
7255 1469 1457 584 465 6324 311 6477 549 3188 583
7256 3149 1795 3668 6324 2261 468
7257 1743 3899 3277 6324 1423 588
7258 6324 3203 6417 1809 3631
7259 1610 1306 161 2556 1273
7260 6324 7757 7969 3513 7467
7261 1862 2964 3190 7504 6982
7262 1894 1821 1809 2964 5979
7263 5222 505 234 2964 3944 6844 2915
7264 2964 3868 3227 1708 2591 2593
7265 3221 1442 2964 1315 5970 6926
7266 1329 1778 1894 1208 2964
7267 2979 6512 4352 2964 6977 2544
7268 3884 1399 3885 1473 5477
7269 1461 8159 4735 4555 1791 5477
7270 2561 2557 2560 2562 2563
7271 667 5568 4774 1615 5701 7834
7272 6581 1438 5981 1090 1615
7273 5891 6367 7446 742 3264 3726 5780 855 6446 5669 5558
7274 4328 2682 6744 2771 3430
7275 3069 4513 6710 2771 4883
7276 7086 916 1710 1302 6362 2771
7277 2156 5697 5211 1288 1272 2771
7278 8186 8184 671 2054 2771
7279 1355 4198 4392 3533 5704 2771 6842
7280 7921 3248 2261 5461 4720 8066
7281 2564 67 2565 2501 186 4435
7282 4468 2506 3207 3621 2766 3248 5786
7283 4600 5686 6451 4918 3248
7284 1417 783 2477 4321 696 3248 4165 2244 4190 4232 4233
7285 509 516 5855 5466 8164 5470 7917 3248
7286 526 5423 153 1943 5374 6389
7287 5966 3445 6865 1943 3046 7796
7288 7814 555 6844 1943 5374 2253 2258
7289 5453 5035 6414 6709 5575 1943
7290 6189 1943 7439 1660 1859
7291 4661 5048 4660 1943 2273 6964
7292 2571 2566 2569 2567 2568 4435 2903 6725
7293 216 508 1232 2081 4759
7294 3189 2970 4759 4621 2840 6742
7295 7005 4759 6423 3478 5765 6554
7296 3713 6709 3715 4739 3716 7203
7297 1235 5035 5893 5575 4835 6198 7203
7298 5453 5035 6414 6709 6197 4680 5208 4668 4835 1304 7052 6198 6374 2726 7203
7299 4697 5054 5208 4835 6406 6198 2726 7203
7300 5905 5893 6197 4835 6198 2726 7203
7301 6709 5893 6197 4835 6198 6374 7203
7302 6414 6709 6197 5575 4835 6198 7203
7303 532 2566 7613 4435 1891
7304 2912 5253 3279 1884 5288 4708
7305 2912 3279 7858 5396 4232
7306 5726 7706 2912 6943 5352 3279 6526 6942 2273 7318
7307 2912 2355 3279 3616 1881
7308 6912 3493 2912 3279 5687
7309 2967 7126 3182 2912 6272
7310 1329 6941 2912 1905 6308 3279 7922 5323
7311 5217 7081 5122 3279 5212 3082
7312 1271 5700 4264 3279 2694 5362 4344
7313 3613 7612 2970 3279 6434
7314 1393 2572 1691 804 2573 1394 1693
7315 3919 5038 6178 2970 3279 1720
7316 5271 4221 2440 2291 1690 7494
7317 1771 7500 2293 2147 4112 4883
7318 1677 7807 4485 1271 5700 4264 7052
7319 3092 5993 2085 7654 4299 7052
7320 2352 3054 5737 6308 7052
7321 7320 1299 7077 3098 3099 3092
7322 7562 509 6365 4578 3092
7323 7589 7030 3092 3064 5982 1871 6553
7324 4375 6443 274 1510 275
7325 804 2576 2577 2574 2575 2578
7326 351 6443 5415 6342 4629 7485
7327 3214 1508 7024 3483 7550 4128 2443 4519
7328 7132 4128 7484 2713 7947 7869
7329 7843 5279 231 4128 4115 7365 5766
7330 5795 6437 4128 2269 3517 3296 2268 6438
7331 3170 239 4310 3252 4893 4128
7332 6992 4128 3627 4321 6433
7333 6365 4128 5855 6989 6987 5518 6994
7334 6407 1466 6849 6509 7429
7335 6407 2998 505 4813 3256
7336 3392 3202 3036 3280 3258 3180 3025 3158 3236
7337 2580 1872 3592 2579 2490 2582
7338 6407 4019 1372 1307 340 7314 1220 4733
7339 6407 6986 1587 5051 4400 3989 2972
7340 6407 6849 4652 4889 3211 7811
7341 6407 5497 7612 4588 6999
7342 6407 5810 6849 1721 2948 8216 2934 4571 5851 6999 4156
7343 6407 1812 6849 2987 1996
7344 6407 6996 6849 6850 2269 1416 3517 6290
7345 338 339 335 3004 3005
7346 1909 5343 2987 6179 1556 335 6293
7347 4217 338 339 4494 335
7348 2584 2587 2585 2490 2586 2583 439
7349 338 339 2081 7423 3471
7350 6307 339 7622 6937 5882
7351 3713 4721 3418 5954 3715 1720
7352 8153 3713 3715 4206 1318 1751
7353 1466 3713 6509 7429 3715
7354 1193 227 3713 522 1194 46 1616 3716
7355 1398 3713 4312 50 3716
7356 3713 3715 6364 460 3716
7357 3713 2439 6784 5239 6488 4952
7358 3713 5150 3715 4139 3716
7359 1885 519 2589 2490 1668 2588 1967 267
7360 3713 3376 3715 2717 511 3716
7361 7545 3713 5473 3715 3716
7362 3713 4697 3715 4676 3716
7363 4306 3715 471 7738 2443
7364 50 3240 3715 4321 3716
7365 4331 7670 3715 5917 7548
7366 4574 3218 8161 3205 3715 7317 3217 1079 4190
7367 6178 5495 3715 6652 4635 4163 3716
7368 6709 3715 4300 4299 3716
7369 6886 3859 6997 7478 3716
7370 2595 2490 1401 2590 2594 2596 2591 2593
7371 1232 1415 626 5884 3716
7372 1462 4106 4885 1817 3716
7373 5287 588 2997 7157 3716
7374 5111 7683 6273 7685 3716
7375 2240 1701 1507 2294 1806
7376 6281 1258 6283 7906 2294
7377 6281 3928 3039 6283 2294
7378 1750 4901 4415 1743 2294
7379 6281 1258 6284 6283 7906 2294
7380 1258 6284 6298 6954 4405 2294
7381 2599 2490 2600 2597 2598
7382 1112 6205 5801 1515 2761 1504 1713
7383 4755 5948 3298 8182 5949 4737 3951 2761 5205 2244
7384 5801 2230 2761 604 4623 4883
7385 3214 5801 5216 2761 2443
7386 2774 2761 3452 3444 3455
7387 3505 2721 6421 2761 1288 1651
7388 2953 5801 5093 2761 1454
7389 5801 2761 6919 263 8142
7390 3887 3483 5801 2761 3935 5864
7391 3178 2761 5976 471 2545 1708
7392 2602 2490 2607 2604 2606 2609 2608 2601 2605
7393 1515 4633 2507 5745 542
7394 3522 3521 5153 5702 4633 5855
7395 7553 2082 6849 4109 4633 4237
7396 5279 3226 5688 3220 8116 6448 5776
7397 6666 5973 3630 7735 1439 6975
7398 5973 1710 8152 7317 3051
7399 3504 5973 4026 1768 3905
7400 5551 5598 4747 7452 8035
7401 4004 4556 6006 2982 549 1195 1473
7402 8186 8184 5379 1449 6006 7872 3274
7403 2490 2060 2610 2613 2611 266 2612
7404 3271 3254 3396 8014 2535
7405 2121 7728 7525 6854 2024
7406 7728 7523 7526 6286 6288
7407 7728 7525 7729 6286 6287 6288
7408 7728 7523 7526 7525 7729 6286 6287 6288
7409 7728 3829 7525 7729 6287
7410 7728 7526 7525 7729 6288
7411 7728 7523 7525 7729 6286
7412 7728 7523 7526 7729 6286
7413 7523 7526 7729 6286 6287
7414 2490 24 2537 2615 2616 2617
7415 7523 7526 7525 7729 6286 6288
7416 7523 7526 7729 6286 6288
7417 372 2235 6598 2344 6290
7418 216 5585 6791 1301 6793 6842
7419 5474 6945 1751 1301 7162
7420 284 1301 513 238 472
7421 6717 4122 1301 2915 698
7422 4831 1642 4919 6963 8098 6526
7423 6123 2121 6243 2346 5549
7424 3638 7086 4595 6586 6989 6012
7425 2619 2620 2618 2490 267
7426 4595 5343 3207 4321 626 5584 3345 6012
7427 6617 2730 8160 4595 3241
7428 526 3346 4621 3859 3068
7429 7789 7109 3596 4295 3068
7430 3298 1384 1513 6915 151 3068
7431 3837 3828 3829 8003 1484
7432 4209 3096 2236 2607 2606 2608
7433 3096 5093 7330 2363 2608 6942
7434 6029 474 4419 6998 6274 6906 7472
7435 6029 4106 4417 6497 6485 3065
7436 2621 2490 2622 2623 2624
7437 767 6867 8139 4306 4106 4861 3533 2079 3046 3065 1817
7438 4131 2935 8048 2439 6773 1185 6477 1910 549 4417 6484 5376 1455 694 4860 4329 6494 2079 2253 1533
7439 4840 4663 87 6498 2079 6389
7440 4407 767 4306 1456 4106 3229 5377 2079 3065 1817
7441 5712 7681 4306 6474 4860 2079
7442 4305 6773 1804 7686 3533 4860 2079
7443 767 5593 5497 4588 2829 6999 4860 766 2079
7444 4861 3864 7161 4860 4283 2079
7445 7610 6490 4305 2439 4824 5553 7622 6987 6498 2079
7446 4489 4305 4306 5061 5868 4861 4860 2079
7447 3069 3036 3047 3280 3080 3125 3180
7448 2629 2626 2628 2627 74
7449 3484 4408 4306 7415 7769 3486 2079
7450 4281 4305 4306 3229 5790 1333 3533 4860 2079 5229
7451 6490 4406 4305 6928 4306 3056 4861 6860 6522 4860 2079
7452 4305 4306 3533 6860 2079
7453 4399 7416 6474 6719 2079
7454 6490 6497 6475 5966 2079
7455 6514 6528 2946 3924 4375 8048 4305 4306 1512 3457 4861 6993 2079
7456 6514 4305 4306 4861 4860 2079
7457 4305 4306 2216 4860 2079
7458 6603 5111 7362 1751 2079
7459 2629 2626 2627 2631 2630
7460 2299 4305 4417 4861 5543 4860 2079 4285
7461 2724 4305 2762 4861 4860 2079
7462 2070 4306 4861 4860 2079
7463 1253 1024 1022 938 1010
7464 6507 1861 1022 970 5396
7465 6642 3201 7470 5801 1061
7466 4958 1061 412 979 1517 1057 1041
7467 6405 6530 3257 1061 2188
7468 86 8056 1061 3437 7164 3249 4294 4921 5395
7469 216 4675 1061 5755 5732 1693 6244
7470 2626 2633 2627 2632 74
7471 7610 4217 1893 1767 372 7240 6839 4439 2172
7472 4713 7131 8177 3338 4396 1422 6453 4117 2268
7473 4415 7707 3207 3338 2089 5117
7474 1384 4706 4389 3338 2937
7475 3056 106 3101 3338 6821 4738
7476 7929 3338 4707 8044 2075
7477 3338 5476 8020 7662 2075 449
7478 3272 1472 3264 3726 2717 2718
7479 6168 2487 3264 6780 3175
7480 1469 3264 524 7229 6744
7481 2635 2626 2634 2628 2632
7482 4279 465 7090 3181 3264 2737 8136
7483 6335 8150 8151 8154 5669 857 1747
7484 5532 3619 3726 2296 5534 5528
7485 2135 2735 4616 3933 4232
7486 6382 4815 4816 2957 5753 5771 3933
7487 4494 4491 5105 3819 8019
7488 1258 6331 5496 4097 1506
7489 4099 6339 4097 7875 6605
7490 2051 5150 5123 7654 6296
7491 1331 5686 6941 1504 1524 2355 1571 6370 4363 1748 2252 7065 3489
7492 4459 80 1021 4903 79
7493 4363 1474 3154 3637 6800
7494 6721 3820 4363 4182 2276 1298
7495 4812 4582 4363 4234 2693
7496 5572 6189 4363 1724 5105
7497 442 274 6135 2575 263 4211 5522 6553 277
7498 3917 7845 4919 265 6552 5522
7499 1471 1568 52 2156 4177 5522
7500 264 1469 583 6345 3372 6774 5522 277
7501 3727 516 7876 659 1766 5522 4616
7502 2575 4838 7973 357 228 5522 4616
7503 2637 2062 4869 6380 8233 2639 2638 379 2519 8249
7504 3368 251 5323 6966 5522
7505 4005 6243 5131 1302 6827
7506 3413 5039 4444 5032 3660 8144
7507 4927 2072 4217 2086 8174 4142
7508 6710 4807 6485 4788 6496
7509 507 8176 7877 4788 2173 5516
7510 3411 6199 6691 4053 4788 506
7511 7653 4534 6181 3120 7133 6716 5547 4788
7512 7109 567 1740 4421 4788
7513 1540 1411 7792 6782 3989 1513 5240 4788
7514 2640 7458 749 6380 1993
7515 7101 5364 6912 5371 5595 1861 5798 5376 5370 6476 766 3046
7516 5375 6001 5377 5376 5370 3533 766 3046
7517 7470 5372 6477 5371 5595 5376 5370 6476 766 3046
7518 5372 474 5371 5373 5831 5370 6930 6476 766
7519 7131 6475 5370 5883 3117
7520 7545 3323 462 5689 5370 3322
7521 5371 5373 5595 5376 5370
7522 6849 2865 6442 4665 2952
7523 5364 6773 4101 7926 479
7524 1787 5778 298 4101 4193 7685 4233
7525 734 128 124 537 6380 122
7526 6603 606 1818 4101 475 1537
7527 4101 3413 6919 7314 4497
7528 4101 6231 3640 616 3115
7529 4148 4101 3453 4620 4709 479
7530 1812 2352 2987 3466 4174
7531 3186 6884 6933 1870 3466 1629 1533
7532 304 7631 3466 315 6077
7533 7280 3971 2243 8185 1631
7534 4785 6207 1631 4500 4499
7535 3464 2967 7625 3120 1900 4022 1631
7536 2642 129 123 97 537 6380 531 2641
7537 5891 2488 1229 5780 855
7538 6027 5891 7557 742 5780
7539 1239 3915 5525 2942 4486
7540 3215 3160 7484 8125 4486 7051
7541 4126 2086 5518 4486 2952 6390
7542 3823 1368 1166 1568 2146 4486
7543 5857 7564 5984 6007 4486
7544 6567 5857 554 7875 4486 3495
7545 7825 7148 2913 4322 2074 5555
7546 3067 3627 2083 4350 2074 2217
7547 999 1072 1099 6380 156
7548 480 251 4117 2074 5555
7549 234 251 307 221 2295 243 468
7550 7077 275 7070 3424 7061 468 4118
7551 264 584 507 6417 3275 221 3082 468
7552 4741 1642 6411 7682 3631 468
7553 2678 2997 6132 2683 468 6982 1294
7554 3177 1726 1247 8117 8162 8116 8119 468 7497
7555 6741 3578 5712 3513 6742 468
7556 2953 3921 2764 304 468
7557 7789 4217 6871 5796 5117
7558 3036 3047 3324 3280 3102 3080 3058 3114 3258 3180 3313 3269
7559 2645 374 2643 2644 727
7560 6918 5948 5682 5949 3093 4217 5712 6531 5096 5745
7561 2867 4217 5051 4585 4233
7562 7126 4217 3150 2221 4745 4946
7563 6294 7836 7579 4482 6653
7564 3522 3521 1232 555 4482
7565 5724 3146 5398 1740 4482
7566 6852 3461 686 4482 4729
7567 4755 4737 4660 4764 4482
7568 1441 1566 2954 1501 3963 4300 7554
7569 6590 5188 4899 6659 5189 7554
7570 2512 6269 131 2646 2648
7571 1501 7164 1473 6379 6406 7554
7572 767 4406 6614 4106 4321 6479 2549 766 3065 1817
7573 4321 5442 7958 1387 7466
7574 1222 5574 4321 2717 2718 4165 513
7575 3530 2152 4175 4321 4494 5584 5449 2151 1600 4507
7576 507 4321 7548 4500 4499
7577 7807 4485 1350 4321 3851
7578 6279 1850 1438 4321 394 6917
7579 1721 5121 5111 6292 6273 7362
7580 5452 3944 1690 2973 2173 5516
7581 254 7803 1829 2046 1512
7582 3827 7706 5452 7977 7979
7583 5452 5035 5893 6197 5575 4835 6790 4751 6198 7479 5971
7584 5452 106 3101 5967 8044
7585 3586 611 3251 5452 6074 2444 7758 2445
7586 5948 5949 5452 4210 3395 5205
7587 6934 7116 2368 2366 5788 6124
7588 6934 5444 4010 5105 5104 5106
7589 4382 7461 7685 7494 3363 7000
7590 8121 3615 1722 8122 6030 340 6305 7860 6853
7591 1034 997 1048 1023 938 1062 1053
7592 254 2649 3747 2306 7169 2384
7593 915 1023 938 1062 1010
7594 4489 1062 939 1057 1908
7595 310 6343 5852 4807 6196
7596 1258 4271 3641 4105 2716
7597 6528 3251 6680 4105 1272
7598 1307 1866 6950 4105 3238 659 4898 4299 3256
7599 3159 6975 2369 7548 2172 1652
7600 3498 4468 2297 1664 5131 3187 5873
7601 4468 3386 2707 1664 8120
7602 4468 3631 3187 6448 5873
7603 2651 2650 254 2129 2653 2652
7604 7131 2071 6866 5296 7362 7372
7605 7621 3089 3171 7372 5297 766 4285
7606 1829 3229 2829 6481 7372
7607 767 5372 8139 7372 6612 6719 5433
7608 7176 5798 7566 7372 7161 3372
7609 3484 4408 3485 6493 7987 7769 7372
7610 7126 7108 5061 5868 6323 2075
7611 5476 7662 7070 6966 4138
7612 5352 7982 4890 6942 7860 4138
7613 5260 4399 4106 1456 6486 4138 1817
7614 254 2655 2654 2111 2657 2656
7615 6217 7652 5353 284 6905 4138
7616 4645 446 4749 240 4138 4144
7617 7466 6186 7481 7479 5971
7618 3189 3188 6186 7481 7479
7619 617 8064 7530 6526 7529 1841
7620 2722 2719 1111 8064 557
7621 6199 6715 2233 8064 5751 6448
7622 149 4209 1569 5220 5716 262 6453 2766 4616
7623 149 4574 8161 3823 2707 2460 3154 1220 550
7624 6335 3301 3823 4537 1539
7625 1425 733 998 157 90
7626 3823 1378 856 1714 6446 1758 6951
7627 1815 2979 783 3823 3318 7479 3671
7628 6503 7588 684 6859 3819
7629 3220 5585 684 3212 5587 2726 1908
7630 7354 2613 3372 684 263 145
7631 1910 152 5585 1455 6392
7632 4279 7090 438 5585 3212
7633 7825 3182 7354 5585 6520 2726 6793
7634 1112 4919 3205 1422 5585
7635 3182 7746 5585 4774 3212
7636 187 253 186 4769 23
7637 7280 7088 8181 6586 4573 221 5585 6012
7638 1116 1024 5585 1071 1084
7639 7092 5688 3110 3875 7076 7958 7713 1276 1908
7640 7884 1727 1713 1276 1908
7641 5289 3097 4098 1265 4952 3660 4720
7642 4755 4737 3097 3418 4146 6753
7643 7116 3097 743 1763 2149 4480
7644 5153 5682 8091 3097 4963 1453 4370
7645 6617 1642 3164 3233 315
7646 6617 3203 2995 3667 2576 3233 6659 3957
7647 2300 661 2660 185 2040 2659 2452 2661 8200 2453 4769
7648 6617 2679 6451 3233 3518
7649 6617 6127 1667 4556 4553 3233 4554
7650 6617 4337 7649 8045 6483
7651 6617 1897 1077 5179 1154
7652 6617 7101 2715 1910 1455
7653 6617 7011 2135 6588 4539
7654 6617 605 5976 5397 1742
7655 2731 6743 6983 604 6009 5733 7627 6008 7253
7656 6606 7044 6820 5494 7627
7657 6996 7332 1241 7627 1851
7658 2666 2463 2662 649 2663 2664 851 2668 1320 2462 2665 2667
7659 2487 6656 6344 6655 2997 7157 3154
7660 2487 1379 580 1600 2234
7661 7545 5689 7818 3322 6926
7662 7545 2063 3323 5689 1416 1432 4863
7663 7545 235 7818 3322 5206
7664 7545 526 2355 5689 4012 1748 5571
7665 7545 8170 5249 6277 973 1757 4753
7666 7545 3323 5689 3322 2845 2276
7667 3918 3052 7545 3323 5689 3322
7668 476 7545 2352 3323 3322 2353
7669 3291 3036 3324 3225 3102 3058 3125 3136 3258 3269 3236 3091 3014 3169 2969 3337 3381
7670 2662 4692 2675 2037 2500 2672 2671 1941 2673 2674
7671 5586 6401 5023 6930 7198 6554
7672 5586 3870 3506 1911 8120 1399 1161 3393
7673 5586 1454 5377 510 1453 511
7674 5905 7625 1706 1726 4022 6010 5454
7675 3303 5950 2722 2719 3266 3989 2972 2689
7676 1367 4587 154 152 145
7677 1521 7792 154 7702 145
7678 154 1239 3384 8000 145
7679 7679 7477 5321 6497 6475 3537 4266
7680 8139 4106 6475 3533 3065 1817
7681 128 2662 6202 1606 2676
7682 3056 3100 5871 6475 699
7683 5784 606 3098 1333 6475 7074
7684 5532 1147 7365 6475 6474
7685 2550 6475 3094 7061 3537
7686 7416 7738 6475 6930 6315
7687 4407 3485 6493 7769 6475 6498
7688 3485 6493 7769 6475 3486
7689 3711 3282 4401 4701 3979
7690 6959 3282 5712 3108 6686
7691 3439 3062 5289 4573 5449 3975
7692 2679 2680 2678 2682 2683 2677
7693 1575 5810 4871 5449 4630 7155
7694 223 1743 564 6978 5712 5449 4395 6719
7695 4332 466 2297 1776 6851 7853 5449 1995
7696 505 5197 5968 1437 5449
7697 489 487 4356 1840 3368 5449
7698 4331 5071 4812 4582 5415 6881 6342
7699 6365 87 6881 6882 5518 6994
7700 3833 2956 1032 228 456
7701 5294 5042 5084 4368 4118
7702 7842 4137 250 4368 5089
7703 1793 5958 1485 2196 2677
7704 5294 4966 5212 1671 4368
7705 6849 7876 4368 1841 7072
7706 5038 3431 3418 3843 4644 3417 3962 4368
7707 7866 7108 6541 6639 4571 4299 6663 1421 5690 2726 4368
7708 4721 3453 4709 5209 4368
7709 2890 4986 5048 4683 4569 3453 4368
7710 2965 557 1240 3388 6046
7711 1239 6193 6790 1240 7479
7712 7287 3259 3193 1240 686 755 3060 1273
7713 3387 2791 3181 2691 1240 5710
7714 2684 1395 2685 1311 2677
7715 4175 1210 6844 3664 1240
7716 6790 3220 4751 1240 7481 7479
7717 5481 1411 3231 6868 3884 1240
7718 3255 6790 8116 4751 1240
7719 1491 1490 5569 3513 3645
7720 4615 275 7466 600 2693
7721 7645 6189 8020 7727 7371 600
7722 4106 7462 6273 5376 6789 600 4118
7723 4143 2089 4144 600 449
7724 431 46 2538 5030 600
7725 5958 2686 1106 1870 1881 2677
7726 3511 5744 783 6002 2996 6557
7727 6295 3930 783 2721 2189 5800
7728 334 1683 3915 1673 1808
7729 3847 2097 3858 3825 3836
7730 3814 3847 2097 3825 3836
7731 7773 4859 8087 4983 460
7732 5041 4684 4841 4673 3843 4644 4640 5042 2573 4984 453 4660 5032 5030
7733 4673 4675 4645 3015 3843 4640 453 4749 5032 5030
7734 5041 4684 4673 4583 3843 453
7735 4684 7612 4661 2573 453 5032
7736 1307 2428 2687 2689 1745 2688 2677
7737 4684 4674 5013 3843 4640 453 5032
7738 4602 8186 4721 6005 5855 5470 2204
7739 7124 5855 5296 3423 6990
7740 4135 589 283 6217 5855 275 2089 620
7741 5744 4404 5855 1454 1453 2247
7742 6658 7836 7550 5855 2987 2233
7743 8184 7925 1809 5855 6851 5107 5052
7744 3085 5810 480 5470 5487
7745 5470 4637 441 7494 5044
7746 4270 2086 5471 4399 7926 5966 6871 6494 4123
7747 2680 8216 2691 2690 2677
7748 3075 7664 6929 3660 454
7749 7787 5122 4133 3660 5089
7750 4972 3453 3417 4709 3660 3388 5044
7751 5031 6442 4678 3660 8144
7752 5497 7621 6710 6989 2820 3660
7753 7789 7327 7537 7090 5985
7754 7538 2082 7537 3935 5864
7755 6067 7538 3827 7537 6533 616 3415
7756 4889 6194 6644 1757 7023 7972
7757 2954 2982 1195 5443 6189 5487 7495 7972
7758 2679 1369 2680 2678 2697 247 2575 2696 2695 2694 2677 282 2693
7759 7063 2901 6839 7972 3874
7760 4574 6284 6683 2240 1530
7761 8133 3866 2229 6508 6649 1289 6520 6376
7762 8133 8150 8151 4496 8154 5240 3970
7763 8133 5260 7866 6608 6044
7764 8133 1722 8016 4509 6970
7765 7077 7814 6001 2438 1456 3520
7766 7856 3112 2072 2438 3480
7767 4602 6911 8163 3245 2438
7768 2438 3111 3101 2054 7865 7775
7769 2698 1578 2701 2699 1409 2700 2677
7770 5702 7929 2438 6694 5946
7771 1268 3347 526 1279 315
7772 5685 2696 4491 1406 6389
7773 3070 480 696 5484 3640 3115
7774 4139 4140 524 7365 1057 7433
7775 6619 4552 3093 6943 5352 6942 5663
7776 4879 1754 4552 1866 3395
7777 3929 4552 1358 1572 3443
7778 4552 3961 7013 3672 3524 3523 7885 3471
7779 3439 5289 4098 394 2801 3520
7780 192 203 4335 181 214 226
7781 3036 3047 3280 3225 3080 3247 3125 3180 3269 3158 3302 3169 3213
7782 223 2705 8182 298 2702 1867 2704 1870 2677
7783 4840 7637 7430 2801 4144
7784 4142 2801 4143 3416 319
7785 5164 1688 1689 1589 6412
7786 1688 4955 3950 3966 621
7787 1688 6824 1689 1582 1589 6412
7788 1688 1689 1160 1589 6412
7789 1688 1689 1582 1160 1589 1865
7790 1688 4130 2712 1689 1582 1589
7791 1688 1857 5223 1582 1995
7792 1688 1689 1582 1589 6412
7793 2707 1090 1870 1352 2706 2677
7794 6938 1688 4488 1689 147 1582 6412
7795 1688 1689 1582 1589 1279
7796 1688 1689 5697 1589 6971
7797 1688 2815 1689 7670 6412
7798 1688 1894 3949 1153 1645 1589 1545
7799 1688 1689 623 1582 2133
7800 1688 1689 1582 1589 6412 6198
7801 1688 2720 1689 1589 6412 1410
7802 1688 1689 3976 1582 1589 6412
7803 1633 1688 3200 1385 1582 1589 6412 2734 7869
7804 2708 2712 2711 2709 1600 2710 2677
7805 1688 4591 4593 6412 3890 6904
7806 1688 1689 1582 1589 6412
7807 1688 1689 1582 1589 6412
7808 1688 1689 1582 1589 6412
7809 1688 1689 1582 1589 6412
7810 1688 4394 1689 1582 6412
7811 685 6581 1385 3479 1689 1849 1870 6392
7812 2739 1689 3153 1582 1589 6412
7813 1689 2235 1582 1210 715
7814 1689 3452 1589 3455 6412
7815 2715 2717 2713 2718 2716 2677
7816 1689 1512 1582 1315 1589 6412
7817 2595 556 6577 5061 5868 7977 8099
7818 7977 7978 6262 7979 8099 8100
7819 2190 4392 2729 4431 340
7820 4755 5778 4737 4723 5286 4111
7821 4755 4132 3238 5053 5099
7822 4755 4583 1266 3145 3417 1265 3082
7823 4755 2867 4721 235 4589 4951 5097 5056 5037 6712
7824 4755 4130 7418 5054 4644
7825 4755 4103 4737 6843 4709 5034
7826 2722 2719 2720 2721 2677
7827 4755 4986 4972 4967 4966 8144 5044
7828 4755 4130 4737 5954 5288
7829 7486 6651 3296 704 3115
7830 4279 274 2691 7639 3115
7831 1893 3629 232 7389 4123 3115
7832 4583 6968 4134 6134 6133
7833 5453 6414 4835 6968 6970 6198 2726
7834 6709 4697 5208 6968 6970 4739 6742
7835 6709 4697 5575 6968 6970
7836 6992 6433 7917 6434 6345 3377 3982
7837 2724 7858 2677 2726 2723
7838 1950 2983 2115 3982 4284
7839 6983 5733 5444 7493 6312 1766 4616 3982
7840 7160 3375 3373 6671 3374 3895 1451 3982
7841 5736 6531 4582 5077 3982
7842 3215 7354 5750 3211 6110 5052 3982
7843 6741 7610 354 7006 6742
7844 7683 7982 4890 7811 7255
7845 6528 5100 8051 6187 1304 7255
7846 4574 7127 3301 3506 739 4204 5244 1906
7847 5532 3203 516 4824 3207 6545 4204 1460 1474 1322
7848 2728 2730 2731 2729 2733 2737 2735 1808 2696 2727 2732 2734 2677
7849 2355 1748 6793 7626 5112
7850 7320 1540 3375 6671 1506 7626
7851 3420 7892 4174 5577 7626
7852 2084 524 6791 2726 7626
7853 5744 3809 3263 6364 6124
7854 5568 1554 1694 1660 2591
7855 3156 4807 8055 4554 1660
7856 1028 2214 2697 3531 1660
7857 5219 3257 1849 1505 6448
7858 6405 3201 6530 4560 3257 2150 1634
7859 2739 2679 2740 2738 2677
7860 1642 6530 5680 3257 3609
7861 5801 7084 6588 5525 4228 4564 5791 7923
7862 8120 5525 7227 7050 2915 6904
7863 3066 2607 2606 2608 2862
7864 3066 4276 2606 2608 4277
7865 6656 7157 312 2234 2478
7866 6656 6655 2997 7157 2234
7867 2152 5790 3437 4228 2151 2234
7868 1894 2685 1208 5568 2987 5119
7869 3728 1232 2987 7012 3864 5771
7870 1136 2742 2743 2657 2741 2744 2677 1216
7871 6704 1532 1767 2987 5822 5998 1678
7872 1812 1393 2987 5056 1394 4729
7873 1812 3522 5153 2987 1996 4729
7874 7280 508 2954 2987 4392 4505
7875 239 2987 1664 3480 5873
7876 4608 1371 5802 4576 1806
7877 1771 1950 4608 5723 4662
7878 4608 2229 6181 6410 686
7879 3846 3849 3850 1690 7804 2973
7880 3850 5251 1690 2173 5516
7881 6336 2745 2749 1752 2746 2677 2748
7882 8216 2934 2691 5564 4012 6552
7883 5784 5720 1449 2701 1572 5715
7884 8185 1449 3299 4480 2133
7885 1439 3976 4607 7958 5765
7886 3214 3483 4824 4607 7156 7110
7887 6642 2705 5726 6995 565 4345 4607 7156 6964 7072
7888 6519 3989 1116 4607 6510
7889 1494 4621 4607 7156 6971
7890 1777 5746 3921 4343 6560 6132 3637
7891 265 4315 1766 4616 3637
7892 3069 3392 3202 3291 3036 3047 3324 3225 3102 3114 3125 3136 3313 3337
7893 2752 2750 656 2677 2751 2753
7894 3727 1463 5323 8165 3637
7895 2767 6656 1884 2997 7157 3637
7896 3197 1153 6950 2473 3637 1545
7897 1469 584 583 588 1775 3637
7898 1461 7825 8182 7078 3728 6184 5323 3637
7899 1812 4600 6451 4589 1629 3637
7900 5095 6575 4786 3619 1842
7901 7022 5793 3619 6537 3624 5534 5527 7497
7902 474 3619 5409 4635 4637
7903 4407 1464 4551 6928 7679 7888 3619
7904 2759 2679 2680 1568 2754 1452 2756 2757 2677 2760 2755
7905 6718 6867 7159 5231 3619
7906 7132 605 3619 2296 5534 6505 7530 5528
7907 1716 5911 463 489 490 3619 4356 1840 2296 1839 5534 1842 5533 2253 5531 491 493
7908 7186 3208 3371 3619 6537 5534
7909 5365 3619 5534 263 5536
7910 485 484 3619 1755 6537 5528 493
7911 2722 2719 4893 4589 3619
7912 1716 2802 486 5793 490 3619
7913 3619 3621 3622 5534 438 7497
7914 505 7022 4859 5793 212 3619
7915 2765 1784 2763 2761 2764 2762 1678 2677
7916 4343 3619 394 6537 7649
7917 3619 488 5534 483 6362
7918 4415 4416 7652 3619 5534 7070 5528
7919 1716 3378 5911 4859 485 5793 3371 3619 6537 6790
7920 4672 7287 3228 3619 7682 4678
7921 5638 7044 6820 5494 3619 3100 5493
7922 2967 1697 3301 8161 6002 2235 739 3154 2141
7923 5752 2685 1876 2235 5788 1757
7924 1367 1443 4618 3192 2235 6341 5009
7925 3528 2764 7332 4623 3012 3662 7838 2710 7050
7926 2767 1876 7858 2766 2677
7927 743 6364 4864 4863 4865
7928 227 6788 507 5473 3263 6364 6990
7929 2901 3351 3263 5716 4010 6860 6364 3469 7578
7930 2405 3263 5444 3661 6364 5457
7931 5473 3263 7922 5514 284 6364 6138
7932 1753 7127 1818 8148 263
7933 264 584 8014 1870 5527 263 6861 6495
7934 7044 154 6042 5901 5493 263
7935 3851 6301 5456 6303 263 4333
7936 3877 5495 973 5888 8066
7937 2768 2708 2772 2151 2770 2771 2677 1152
7938 7629 4371 6915 7167 8046 8066
7939 4901 7064 4177 2688 8066
7940 1765 4687 3875 5209 8066 5206
7941 3203 1534 7331 7423 2915
7942 6277 305 2055 8131 7835 7423
7943 297 4356 394 488 1839 483 4357
7944 3378 486 3228 484 3371 489 490 299 4356 1840 3368 488 1839 3394 438 6856 483 4357 493
7945 486 485 3371 490 299 3621 2296 488 1839 3394 7649 6856 483 2253 1841 493
7946 485 484 3061 483 6185 5229
7947 3378 486 485 484 3371 463 489 7071 297 490 299 487 4356 1840 1838 488 1839 3394 7649 6856 483 2253 1841 4357 493
7948 1369 2680 2773 1790 2677
7949 5784 486 442 1384 297 299 487 4356 1838 3368 3621 488 3394 6856 7070 483 4357
7950 1183 486 485 3228 484 3371 463 489 297 490 299 4356 1840 3368 3621 1839 3394 6856 483 1841 4357 493
7951 463 297 490 299 6621 487 6623 4356 6622 1840 464 1838 1839 3394 7649 6856 483 2253
7952 5365 3623 6519 299 2216 3368 2296 5534 483 1841
7953 486 5283 3621 488 483
7954 486 485 3228 297 6919 5377 1838 483 491 493
7955 6456 3228 489 1838 3689 1839 3394 6856 1842 483 3051 5528 2253 491 1841 4357 493
7956 3378 3371 463 490 7884 487 3368 488 7649 2696 483 491
7957 3378 3228 4330 463 489 297 299 487 1838 488 1839 483
7958 486 485 3228 484 3371 463 489 297 490 4356 464 483 2253 4357 493
7959 2775 2679 7735 2776 2774 2680 2678 2683 2677
7960 299 1838 488 483 2253 5531 493
7961 486 3228 484 463 297 490 299 487 4356 1840 394 488 1839 6856 483
7962 3228 484 489 5365 297 3623 490 7670 1839 3394 7649 6856 483 491 1841 4357 493
7963 589 487 1840 488 1839 483 5528 2253 5531 4357 493
7964 3378 1335 484 4893 3371 463 489 297 299 487 4356 1838 3368 488 3394 7649 483 491 493
7965 487 1838 483 491 1841
7966 3228 463 489 297 490 299 4356 1840 1838 1839 3394 6856 483 491 493
7967 3378 486 3228 484 3371 463 489 490 4356 1840 1838 3621 488 1839 7649 6856 483 2253 491 4357 493
7968 5749 297 487 4356 1840 1838 394 488 1839 6856 483 491
7969 487 488 483 3051 4357 493
7970 2679 2352 2680 2777 2677
7971 487 1838 5534 5533 483
7972 487 4356 1838 394 488 1839 6856 483 491
7973 484 1838 3621 488 3394 438 483
7974 486 485 3228 484 3371 463 6584 489 297 299 487 6919 4356 1840 3621 488 1839 3394 6856 483 491 493
7975 3378 486 485 3228 484 3371 463 297 490 299 487 4356 1840 1838 394 483 491
7976 487 3368 488 3394 483
7977 6941 484 4897 4004 487 488 483 491
7978 3228 3596 6661 487 1838 483
7979 4415 487 1838 3394 6856 483 491 4357
7980 3228 489 299 4356 1840 1839 7649 483 491
7981 2240 706 1083 2778 2656 2677
7982 3228 299 487 1838 488 483 491 4357
7983 299 487 488 3394 483
7984 484 3371 490 4356 1840 1838 3368 1839 7649 7958 6856 491
7985 3378 3228 484 3371 463 490
7986 1471 3054 484 6791 6041
7987 485 484 3371 1840 3368 1839 7649 6856
7988 486 485 3228 484 489 297 490 299 1840 3368 1839 7649 6856 491 4357
7989 3378 486 485 484 438
7990 484 3371 7071 297 490 4356 1840 3368 1839 7649 6856 2253 491 1841 4357 493
7991 3378 485 484 1839 3394 6856
7992 2783 2782 877 2779 2542
7993 486 484 4354 5399 6975 1838 3621 1835
7994 3378 486 484 463 489 7071 297 490 4356 1840 3368 3621 1839 7649 6856 1842 4357
7995 1716 484 490 4356 1840 1839 7649
7996 484 1746 2428 1745 4010 5528
7997 484 3371 463 489 297 490 299 4356 1840 1838 3368 1839 3394 6856 491 4357
7998 484 7071 297 490 4356 1840 1839 3394 6856 491 1841 4357 493
7999 3378 2802 486 485 484 1840 1839 3394 6856
8000 3378 486 485 484 489 297 4356 1840 1838 3621 488 1839 6856 491 4357 493
8001 3228 484 490 1839 1842 491
8002 485 3228 484 3371 463 489 297 299 487
8003 3392 3036 3047 3324 3280 3247 3125 3269 3403 3337
8004 1605 2785 4792 811 2784 750
8005 485 3228 484 297 6856
8006 286 3378 486 484 3371 297 299 487
8007 484 464 3621 3051 491 4357
8008 486 485 3228 484 463 489 297 299 5528 2253
8009 486 485 484 299 4356 1840 1838 394 1839 3394 7070 1842 2253 5531 491 1841 493
8010 486 484 3371 6856 7543 491 4357
8011 485 3228 484 3371 489 7108 297 490 299 4356 1840 1839 3394 221 6856 491 4357 493
8012 484 299 1838 491 4357
8013 484 3371 7071 4356 1840
8014 3378 1716 5911 2802 2935 486 7022 4859 3228 5793 3371 463 297 299 4517 1596 488 4992 766
8015 1606 992 2787 1066 2786 341
8016 5911 6528 8139 3533 3065
8017 5911 7022 3228 3371 5365 3623
8018 3149 5911 4555 6920 6468
8019 5911 4026 6849 4517 1356
8020 5911 2802 7022 4859 5793 5865 6494
8021 5911 2802 7022 5793 6477 464 4011
8022 1716 5911 154 7321 5433
8023 1716 5911 2802 7022 4859 5793
8024 5911 2934 5238 4417 6860 5374
8025 5911 2679 2680 1411 518
8026 5513 1606 992 2936 713
8027 1795 5403 4587 8181 1243 5317
8028 3410 5752 6187 1243 3189 3006
8029 1804 8169 1243 5353 7323
8030 8181 6298 1243 4405 7487 2746 3388 2753
8031 1672 4400 8181 1243 4779
8032 6933 1166 1568 1243 1502
8033 3837 313 827 1671 3662 7439
8034 3651 5744 3894 4312 7176 4174 3065 1817
8035 3651 6972 6621 1439 6623
8036 3201 5532 1539 4897 5399 6862 6920 6863
8037 2788 531 1247 1606 711
8038 5481 4897 3350 2754 4902 6823 4990 4763 2756 2757
8039 4897 1379 273 1671 7253
8040 6576 1369 606 5726 4897 6615
8041 1816 4897 6933 1438 6694
8042 2994 3301 3263 739 583
8043 1490 5051 5968 6161 3263 1572 2478
8044 610 5442 3345 4187 4883
8045 3301 6503 739 6696 6982
8046 2719 5726 580 739 1365
8047 5481 3083 739 4591 4593
8048 2790 1888 2789 2791 930 1606
8049 2352 4877 739 3661 7329 2353
8050 4171 3301 2607 739 2606 2609 2608
8051 3301 1442 3197 49 1437 739 563 2150
8052 3301 1442 49 3809 3205 739 1906 1315
8053 4546 3301 8161 3277 739 3175
8054 539 4912 6362 3004 3005
8055 1895 1076 6362 4112 6976
8056 3347 7628 526 2829 1334 6362
8057 4910 6606 4010 6362 3990 5106
8058 3531 2697 6362 2695 2693
8059 5513 1606 2793 912 638
8060 923 1716 589 442 4345 7651 4117 5966
8061 1777 3906 1155 1154 7590
8062 3479 3110 7590 8000 7428 6200
8063 5108 5688 7590 7316 7051
8064 7724 6519 6566 7590 3890
8065 1911 7551 3013 4484 1201 7590
8066 1016 1042 6184 1018 1063
8067 1112 1063 1188 1011 1041 84
8068 1063 1213 918 1071 8143 1041
8069 7540 555 6275 6500 5766 6244
8070 1607 2795 2567 2794 2796
8071 5948 6500 2689 5205 4299
8072 7540 6500 3164 4553 5766
8073 6500 3867 5884 7427 4921
8074 1710 147 5443 4807 3524 3523 3840
8075 8121 5399 6292 3524 3523 6905
8076 3915 3273 3012 3662 3523
8077 1437 4011 3524 3523 7862 7155
8078 5000 1524 3153 1571 4812 3912 7828 1679 1533
8079 4353 2849 4354 3912 6244
8080 5023 3912 3450 694 693
8081 2797 1607 2799 8139 2798
8082 2994 2830 4740 4640 5870 3689 5578 3295 5588
8083 4673 4675 3846 3843 3849 5032 3850
8084 4479 3846 3849 3850 2174
8085 5164 3376 7157 7481 1881
8086 8128 5164 2730 1442 554
8087 1511 5164 3820 4155 1849
8088 6642 5164 2705 6250 1220
8089 5164 7712 7847 3145 755
8090 3482 486 485 3228 491
8091 3149 485 3228 463 299 491
8092 1608 2305 2202 8221 2306 2800 2643
8093 486 1384 485 490 1839 3394 438 6856 4357 493
8094 486 4099 485 4813 489 299 3621 488 4357
8095 485 487 1838 488 438
8096 486 485 3228 489 297 6856
8097 486 485 3228 463 489 299 488 491
8098 485 1840 394 3497 5531 491 4357 493
8099 1462 6912 6649 3517 1289
8100 1329 5403 6649 394 3424
8101 6603 4209 6599 5593 3292 5377 6134 6133
8102 5759 6484 6920 6133 6605 6468
8103 2804 1608 2802 2801 624
8104 7086 1643 7079 4311 6133
8105 3924 6992 1507 5443 6134 6133
8106 52 4170 4668 6134 6133 4733 4564 4294 4921
8107 1513 3531 2697 6134 6133
8108 5455 3531 2697 6134 2695 6133
8109 3531 6134 2695 6133 3165
8110 7288 4719 6134 6133 5362
8111 2804 5783 6301 6134 2538
8112 2765 7438 5742 7022 4890 6862 6134 5704
8113 5593 6860 5587 3274 1533
8114 3036 3280 3080 3247 3125 3180 2969 3337
8115 2806 2807 1608 2808 2805
8116 5998 1678 4876 3274 2204
8117 3628 251 232 3640 7253
8118 6410 6316 4022 1602 513
8119 7024 6715 7288 4719 6644 4285
8120 3218 3479 2157 4206 3217 6644
8121 6489 5493 6644 5459 7834
8122 4306 4399 6622 5966 6644
8123 6664 4104 7470 6477 6644
8124 4264 3664 6644 906 7051
8125 7230 3475 2489 710 6644
8126 2391 7280 321 537 1891
8127 5432 3490 5008 6988 5105
8128 5432 6339 5886 6605 3874
8129 5432 1701 5720 1358 1572
8130 5432 1369 3386 2707 572 1424
8131 5432 1458 1744 6818 2268
8132 4209 618 3833 1407 3396 6784 4556 4553 620
8133 1471 1407 1374 3150 301 6940
8134 1812 1407 1374 1304 7568 6560
8135 1407 539 1523 3153 3896
8136 5237 2054 7622 4571 6663 5690
8137 2391 3525 4925 1263 4980 4936
8138 3493 1442 5865 7919 1726 1315 3211 494 3212 6663 3223
8139 3297 6691 6541 5094 6663 5690
8140 7108 7093 4571 6663 5690
8141 6541 4571 1396 6663 5690
8142 4330 7093 7530 7529 6663
8143 3531 2697 7917 2695 4121
8144 5702 3531 2697 3475 8136 2695
8145 5455 3531 2697 7685 2695
8146 5455 3531 2697 3976 2695
8147 3173 3531 2697 3172 7307
8148 2809 4980 1588 8225 387 78 8224 1342
8149 2697 3531 617 6207 4078 8024
8150 1777 6307 1644 1155 1154
8151 3186 4194 3146 4535 1644 5398 8119 3060
8152 3186 3349 1644 3652 3227
8153 1372 2365 1644 1155 2952 5776
8154 566 1818 1644 5866 3906
8155 2365 6307 1644 6621 6623 6622
8156 4984 5053 3417 3957 5055
8157 445 4830 3843 4640 4984 4134 7441
8158 4684 4661 3843 5042 4984 4660 5032
8159 4980 4936 387 2810 8224 1342 4969 1942
8160 3242 3396 1283 2965 4887
8161 7540 3498 1283 3520 7061
8162 1787 1785 4281 1283 5790 5207 5232
8163 7186 1283 5218 4613 5751
8164 4743 4103 2889 5239 3962
8165 4103 5264 5252 5034 5044
8166 4103 5264 4956 5054 3966 2221
8167 4103 5264 7884 3967 4569 3957 3212
8168 5095 4965 4103 5264 2889 4663 5028 7637 4756 4683 4635 4676 4638 5032
8169 4103 5038 1266 7637 3453 3082
8170 8224 1342 2811 2812 1823 1942
8171 4103 3870 5013 1265 4708
8172 4985 7879 4103 5264 2890 2889 3843 4986 4594 4474 4640
8173 4103 5264 4674 5013 3417
8174 4103 3079 4132 2890 4744 8170 2842 3453 4133 4709
8175 4103 3079 7645 4648 4890
8176 5264 8169 6545 1742 2696
8177 5264 4127 395 671 1723
8178 5264 7116 2368 5221 2965
8179 5264 2749 6823 3453 4709
8180 4672 5264 5100 8068 3417
8181 2815 2604 2817 2816 8224 2813
8182 5350 5264 4130 4674 566 4737 2712 2749
8183 4965 4672 5264 4645 4683
8184 5264 7559 5239 4142 3416
8185 1716 7022 4859 5793 6928 1751
8186 7022 8299 7252 4859 5793 6595 4498 5786
8187 7022 4859 573 5793 3211
8188 4279 7022 5793 3208 3171
8189 7022 4859 2365 5793 1355 4978
8190 4415 7022 4859 5793 6400 5528
8191 7022 1235 4859 3273 7318
8192 685 2809 1263 4936 1588 8225 1182 387 8224 2811 1823 906
8193 3378 2802 7022 6717 4859 3228 5793 3371 1838 6537 2296 6856 620 5528
8194 7022 4859 5793 1101 5788
8195 7022 4859 5793 6482 4266
8196 7022 4859 5793 7713 7702
8197 6996 3711 2729 6194 2915
8198 3916 239 1335 2257 4893 2729 4497
8199 4918 553 2729 3376 8165
8200 7629 2729 5685 3443 5687
8201 1112 3411 556 6551 7781
8202 5948 5949 6551 495 5205 3469
8203 1263 80 1182 8224 2811 1942
8204 3827 1642 6551 3205 6408
8205 1535 6551 2086 6698 3084
8206 7422 6551 6716 5547 3469
8207 1106 6044 7530 6526 7529
8208 3149 4717 7417 7681 6526
8209 5794 6298 6526 3430 3185
8210 6365 6178 6526 5518 6994
8211 512 1801 7578 7316 1802
8212 283 1811 622 3049 7578
8213 1395 1538 7925 7969 7578
8214 1171 771 8224 1342 540 1822 674 996 4969
8215 3978 1879 1684 2298 1221 6210 7578
8216 5742 7030 6492 1463 7685 7578
8217 5778 7629 4130 2712 3418 7317 7578
8218 4415 486 5801 7286 4952 6529 7829 4357
8219 486 4859 3228 3623 299
8220 486 463 474 297 490 299 6476
8221 486 3228 463 297 3368 1839 3394
8222 486 4356 1840 1839 3394 6856 491 1841
8223 486 3228 1442 3371 463 297 299 1315
8224 489 2216 487 3368 6107 4357
8225 3392 3036 3047 3280 3225 3080 3058 3258 3025 3313 3269 3158
8226 1209 8224 1342 4969 1823 1942
8227 4135 3845 3368 569 1066
8228 3378 1001 487 1838 3368 3621 488 3394 5534
8229 3368 488 5534 5533 4357
8230 1838 3368 7649 491 4357
8231 297 487 1840 3368 1839 3394 6856 3051
8232 3368 3621 1835 3394 4357
8233 4859 3273 3368 4357 493
8234 3378 1716 3371 3368 5533
8235 3371 490 1840 3368 3621 438 6856 7543
8236 3371 4305 463 299 3368
8237 3525 4980 4936 8225 8224
8238 3368 8027 5376 6485 4285
8239 4356 1840 3368 1839 6856 491 4357 493
8240 6718 7416 3171 7887 6498 6485
8241 474 4306 7131 6486 4707 4861 4117 6498 6483
8242 2935 5365 1296 4417 6498
8243 3484 3485 6493 7769 5514 5946 6498
8244 1339 7133 6392 6498 3864 5886 7297
8245 1442 7770 1315 4146 6498 6483
8246 3214 5466 5465 2443 6498
8247 3484 4408 3485 6493 7769 3486 6498
8248 2809 8225 8224 1822 1823 1943 935
8249 5965 351 1699 5260 6608 4898
8250 6867 2439 5297 6612 6930 6719 3051
8251 5982 6400 6701 3051 7485
8252 1838 394 488 1839 3394 6856 3051 491 1841 4357 493
8253 4574 6161 4106 487 6487 1817
8254 487 1838 3621 5071 488 3394
8255 3228 463 489 490 487 4356 1840 1839 1842 2253 5531 493
8256 3378 487 1838 488 491 4357
8257 3228 489 299 487 1838 3621 1835 488 1839 7649 6856 493
8258 463 489 297 490 487 4356 1840 488 1839 6856 491 1841 4357 493
8259 4925 1263 2818 4936 1182 8224 1342 1822 4969 1942
8260 3228 463 299 487 488
8261 3378 3371 490 487 1840 1839
8262 463 489 297 299 487 1838 488
8263 6614 487 488 2253 4357
8264 299 487 4356 7070 5528
8265 489 297 299 487 1838
8266 3378 2216 487 5528 491
8267 5950 6587 2838 3259 394
8268 4904 6575 394 1422 5107
8269 6331 2715 6717 4589 5496 1850 394 1851
8270 4925 8224 4969 1942 1891
8271 1795 5403 6995 496 5409 394 495 1473
8272 490 299 6948 1840 394 1839 6856 1842 2253 5531 491 1841 4357 493
8273 582 2968 549 394 506
8274 222 490 1840 394 3394 1842 2253 6219 5531 491 1841 4357 493
8275 489 1840 394 1839 6856
8276 609 5948 5949 3961 3098 3099 549 4573 5205 3874
8277 480 5569 620 6883 5571 698 3874
8278 2679 6577 2680 3490 7681 5976 1317 5981 3874
8279 1367 480 6009 5443 5851 151 6008 1421 3874
8280 7698 7544 6009 6008 3874
8281 1028 8224 312 2820 2819
8282 3219 6201 4573 3513 2151 2710
8283 1238 1798 2948 3505 4573
8284 2804 5234 5948 4713 3041 6723
8285 2802 5948 5682 5949 4893 3623
8286 5948 2776 5976 5205 6916
8287 1329 3617 5948 5949 7792 3989 6448 5205
8288 3978 1800 5948 5949 7124 2157 5205
8289 5948 6509 6548 3477 5205 7539
8290 2679 5948 5949 2774 2680 5205 3276 616 3278 6553
8291 239 4331 3617 5948 5373 5977
8292 8224 4892 1822 2812 906
8293 2998 5948 5949 7925 2999 7969 5205
8294 5948 5949 2687 5205 4500 3537
8295 1508 5948 5949 4104 5205 3472 6616
8296 5894 5948 5949 3266 7470 1437 2687 7076
8297 3600 7589 5948 671 1260 5451 5851 3450
8298 609 5948 606 5949 6933
8299 3149 5948 6995 5949 4198 4707 5205
8300 5378 5948 5545 539 3245
8301 5948 2731 7792 6933 7803 5205
8302 3918 2057 5948 5949 5205
8303 2822 2823 331 329 2821 1942 2824
8304 5948 5949 582 5244 5205
8305 5948 5949 7670 5543 5205
8306 1461 5949 3266 3347 6962 6773 7811 5072 3423
8307 5949 5795 6508 7768 5205
8308 6576 1795 5949 5579 7417 5205
8309 5616 4879 5949 1350 7925 7969 5205 5072
8310 5949 7422 7544 6887 2076 3935 5205 6988 5864 2840
8311 1462 5949 5364 1788 7803 7713 5205 7702 5396
8312 5545 5949 5364 2776 1521
8313 3168 1463 3480 1450 5205 5107 3488
8314 1263 1182 1342 4969 1942
8315 7792 1528 3896 5205 6520 571
8316 7018 6599 4306 5205 1495
8317 3937 7160 7531 8051 5397 5205
8318 1646 3485 2829 3486 5205 5799
8319 3298 582 298 7129 2954 5205 621 3423
8320 3098 3099 8051 7745 5322
8321 4845 3098 3099 3628 3084 2214 6135 5321 4370
8322 6414 3098 6784 4835 1304 6533 1453
8323 6393 4893 3098 463 297 475 4719 1455 2061
8324 589 2506 4375 7840 6784 3098 7417 7925 3207 5218 5993 3101 6887 6497 5245 3450
8325 2826 1263 1182 1822 1942
8326 5682 3098 3088 3099 5093
8327 3098 7108 5712 8051 2507 7876
8328 7813 3098 3099 6537 3468 6857 6241
8329 4913 6611 3098 6217 1850 1851 6672
8330 5408 6575 3098 3099 6516 6989 5533
8331 8153 7186 3098 3099 2937
8332 549 6977 5444 307 1079
8333 609 3277 3275 549 4952
8334 8182 5495 3205 1585 549 1345 1409
8335 3943 1411 2230 3884 549 6379 5005
8336 3036 3047 3324 3280 3225 3102 3080 3247 3258 3180 3025 3313 3269 3236 3302 3359 3091
8337 2818 1182 1342 1822 1942
8338 4600 4879 6995 7351 3150 549 5211 6940
8339 298 465 6884 7814 549 3060
8340 7153 6636 2828 549 2816 1861 5798 5396
8341 2775 5235 6401 1439 549
8342 1361 3251 3901 549 3460 1362 6392
8343 3186 3146 1539 549 6379
8344 3099 6573 5097 4395 6929
8345 618 6544 3099 5365 6537 616
8346 5965 3085 5682 3099 1166 1568 7681 4107 6044 4621
8347 4407 3578 3099 5993 7811
8348 4925 125 1342 1822 1942
8349 1491 1490 3099 5569 3059
8350 505 3961 5450 7133 7156
8351 1395 1442 3961 5165 1190 1494 5890 1315
8352 7327 2229 6414 3961 6292 5514
8353 7105 7106 7326 7476 3961 2977
8354 609 223 7280 241 610 235 234 224 276 293 240
8355 609 2063 6822 3153 1678
8356 609 3638 539 234 7645 5239 620 3416 250 4507
8357 609 3038 1456 2713 1418 4898 4266 4233 7869
8358 609 7280 606 290 236
8359 1588 387 1342 2812 1942
8360 609 2742 1316 2657 4506 2713
8361 1442 6357 5427 1315 6359 6007
8362 4171 4600 1393 1232 6384 6385 2607 52 1415 1394 2609 2608 6454
8363 1672 6912 1393 4604 1460 1394 4779
8364 564 1393 4591 1394 3890
8365 6603 5545 6962 7681 5901 6993 2258
8366 6603 8150 7734 3229 2816 8154 3512 4123
8367 6603 7124 5098 6791 4616
8368 6603 3164 4300 4671 8129 4299
8369 7776 7836 6995 208 1952
8370 2809 4925 4969 1823 1942
8371 7776 3149 8138 7176 1907
8372 2053 4807 696 4010 5104
8373 274 297 696 905 4885 4233
8374 6699 572 696 4601 574
8375 476 4135 696 1289 472 4233
8376 5497 5638 7044 6820 696 4707
8377 3919 3150 7229 5443 6940 6993 1757
8378 4972 7588 6194 1757 5034
8379 149 6318 1358 6901 2247 3372 1757
8380 6437 4886 3116 2850 6438 1652
8381 1263 4980 4936 8225 1182 1942
8382 6437 7625 3120 2135 1188 4022
8383 6437 3849 1680 2942 3850
8384 5408 6437 3883 1542 2744 3881 550 6774 6438 1859
8385 6849 4859 6437 5404 3249
8386 1700 6437 8122 5059 6866
8387 6437 5365 1595 3273 6438
8388 6437 8016 6850 462 4509 105
8389 1722 6437 8016 6850 4509
8390 1569 3301 6669 2472 297 299 8021
8391 3378 3228 297 1789 7649
8392 2809 2826 2818 1182 2827
8393 3371 463 297 490 1839 7649 6856
8394 297 490 4356 1755 488 7649 7497
8395 3371 463 489 297 299 7649
8396 3378 297 2216 6744 4357
8397 463 297 299 1838 3621
8398 489 297 299 4356 1840 1839 3394 6856 491 4357 493
8399 3228 463 489 297 299
8400 3228 463 489 297 299
8401 3228 463 489 297 299
8402 463 489 297 299 6856
8403 926 971 921 1055 4958 1006 983 1104 1182 933 1822
8404 7706 3920 4187 3939 7756
8405 4208 1854 2909 4187 2910 2911 4504
8406 6404 6724 1844 4187 7431
8407 1516 2152 4187 2151 7027 1679
8408 7422 3886 3519 6887 2076
8409 3937 4457 7422 1889 6887 6510
8410 6600 7422 2070 6477 5377 6887 5503 6598 2977 1071
8411 7422 3519 6887 2076 5977
8412 7422 3519 6887 1997 2076 1871
8413 7422 3519 6887 2076 3897
8414 8225 1588 125 1182 2812
8415 1716 6127 1667 1714 5244
8416 1716 3087 6860 6522 5374 6389
8417 1716 6773 1296 1726 6478
8418 1716 767 6479 4898 6478 766
8419 1716 5593 2935 1829 1910 2258
8420 1716 7101 4483 6478 3889
8421 4845 1716 2776 3064 4499 6916
8422 6486 7685 6612 7061 4266
8423 6462 7108 6943 5352 6942 7061
8424 4132 5212 4143 4641 6442
8425 2828 1696 1182 2829 1387
8426 6404 7629 1299 5783 5094
8427 6640 5783 2791 6319 4196
8428 4130 2889 4986 1900 5208 4973
8429 4741 2890 2889 1587 6884 4645 3193 5054 4629 3962 7650
8430 5168 7787 2889 4667 4148 4646 319
8431 7999 2890 2889 4986 4679
8432 2890 2889 4986 6705 5037 5034
8433 2890 2889 4986 4756 4644
8434 2889 4661 4728 4680 2573 4678
8435 2889 5056 5054 4680 4668 5207 6839
8436 1060 1169 4958 5258 1182 900 1177
8437 5095 4684 4743 2889 4966
8438 5049 5185 2889 7619 5120
8439 7999 2890 2889 4744 5166 2749 5048 4683 5046 5037
8440 2890 2889 4986 9 8102 4642
8441 5095 7999 2890 2889 4986 5054 4752
8442 4684 4673 2890 2889 2842 4640 8102 4679
8443 5095 5049 7879 2889 4728 5288
8444 3085 2890 2889 4986 5030
8445 2890 2889 4986 4835 4676 4679
8446 3978 5049 2890 2889 1521 7757 4986 4728 4676
8447 3036 3047 3280 3236 3302 3191
8448 916 4980 4936 1182 387
8449 1583 2889 4986 6857 4729
8450 2890 2889 4744 4986 2842 4680 5046 4668 3453 4753
8451 3870 2890 2889 4986 7475 7964 7436
8452 1222 6684 5456 146 513 3309
8453 2238 6684 146 5464 315
8454 4310 6512 3203 3727 5719 3922
8455 1472 3727 5719 6950 1474
8456 3814 3847 3825 3836 5144
8457 6027 7224 1714 784 857
8458 7734 6715 6388 7566 5751 6716 5547 2723 3889
8459 4936 125 1182 387 1822 4969
8460 7153 6788 6824 6388 1766
8461 4841 5249 4650 4752 4983
8462 4841 4132 4643 8102 4133
8463 7280 241 231 236 287 240 242 230
8464 289 7280 231 235 234 224 276 233 243 238
8465 7280 224 236 301 243 238
8466 7280 7442 287 221 472
8467 7280 241 235 276 221
8468 8101 8103 8104 8105 8106 8107 8108
8469 8101 8103 8104 8105 8106 8107 8108
8470 1064 1263 2818 2830 1182
8471 8101 8103 8104 8105 8106 8107 8108
8472 8101 8103 8104 8105 8106 8107 8108
8473 8101 8103 8104 8105 8106 8107 8108
8474 8101 8103 8105 8106 8107 8108
8475 8101 8103 8104 8106 8105 8107 8108
8476 8101 8105 8106 8107 8108
8477 8101 8103 8104 8105 8106
8478 8101 8103 8104 8106 8105 8107 8108
8479 8101 8103 8104 8105 8106 8107 8108
8480 8101 8103 8104 8105 8106 8107 8108
8481 1263 1182 1342 2811 2812
8482 8101 8103 8104 8106 8108
8483 8101 8104 8105 8106 8107 8108
8484 8101 8103 8105 8107 8108
8485 8101 8103 8104 8105 8106 8107 8108
8486 8101 8103 8104 8105 8106 8107 8108
8487 8101 8103 8104 8105 8106 8107 8108
8488 8101 8103 8104 8105 8106 8107 8108
8489 8101 8103 8104 8105 8106 8107 8108
8490 8101 8103 8105 8107 8108
8491 8101 8103 8104 8105 8106 8107 8108
8492 1211 941 1004 1242 774 1435 1073 2393 901
8493 8101 8103 8104 8105 8106 8107
8494 8101 8103 8104 8105 8106 8107 8108
8495 8101 8104 8105 8106 8107 8108
8496 8101 8104 8106 8105 8108 8107
8497 8101 8103 8104 8105 8106 8107 8108
8498 8101 8103 8104 8105 8106 8107 8108
8499 8101 8104 8105 8106 8107 8108
8500 8101 8104 8106 8105 8107 8108
8501 8101 8103 8104 8105 8106 8107 8108
8502 8101 8103 8104 8105 8106 8107 8108
8503 2185 2831 2393 2833 2832
8504 8101 8103 8104 8105 8106 8107 8108
8505 8101 8104 8105 8106 8107 8108
8506 8101 8103 8104 8105 8106 8107 8108
8507 8101 8103 8104 8105 8106 8107 8108
8508 8101 8103 8105 8106 8107 8108
8509 8101 8103 8104 8105 8106 8107
8510 8101 8103 8104 8106 8105 8107
8511 8101 8103 8104 8105 8106 8107 8108
8512 8101 8104 8105 8106 8107 8108
8513 8101 8103 8104 8105 8106 8107 8108
8514 2837 2838 2835 1293 2834 2393
8515 8101 8104 8105 8106 8108
8516 8101 8103 8104 8105 8106 8107 8108
8517 8101 8103 8104 8105 8106 8107 8108
8518 8101 8103 8104 8105 8106 8107 8108
8519 8101 8103 8104 8105 8106 8107 8108
8520 8101 8104 8106 8107 8108
8521 8101 8103 8104 8105 8106 8107 8108
8522 8101 8103 8104 8105 8106 8107 8108
8523 8101 8103 8104 8105 8106 8107 8108
8524 8101 8103 8104 8105 8106 8107 8108
8525 8138 8216 2393 2839 2840 707
8526 8101 8103 8104 8105 8106 8107 8108
8527 8101 8104 8105 8106 8107 8108
8528 8101 8103 8104 8105 8106 8107 8108
8529 8101 8103 8104 8105 8106 8107
8530 8101 8104 8106 8105 8107 8108
8531 8101 8103 8104 8105 8106 8108
8532 8101 8103 8106 8107 8108
8533 8101 8104 8105 8106 8107 8108
8534 8101 8104 8106 8105 8108
8535 8101 8103 8104 8105 8106 8107
8536 2841 2588 2842 2843 2393
8537 8101 8103 8104 8105 8106 8107 8108
8538 8101 8103 8104 8105 8106 8107 8108
8539 8101 8103 8104 8106 8105 8108
8540 8101 8103 8104 8105 8106 8107 8108
8541 8101 8103 8104 8105 8106 8108
8542 8101 8103 8104 8105 8106 8107 8108
8543 8101 8103 8104 8105 8107
8544 8101 8103 8104 8105 8106 8107 8108
8545 8101 8103 8104 8105 8106 8107 8108
8546 8101 8103 8104 8105 8106 8107 8108
8547 2844 2393 2793 2846 2845
8548 8101 8103 8104 8105 8106 8107 8108
8549 8101 8103 8104 8105 8106 8107 8108
8550 8103 8104 8105 8106 8107 8108
8551 8103 8104 8105 8106 8107 8108
8552 8103 8104 8105 8106 8108
8553 8103 8105 8106 8107 8108
8554 8104 8105 8106 8107 8108
8555 8104 8105 8106 8107 8108
8556 8104 8105 8106 8107 8108
8557 8104 8105 8106 8107 8108
8558 3069 3036 3080 3125 3136 3147 3158
8559 1699 2848 2849 2850 1527 2272 2393 676 1651
8560 8104 8105 8106 8107 8108
8561 8104 8105 8106 8107 8108
8562 8104 8105 8106 8107 8108
8563 8185 2298 2054 5444 6210 8109
8564 3482 304 4533 232 8109
8565 1741 4198 6693 8109 1327
8566 4980 4936 2606 2608 2862
8567 4980 4936 2909 2910 2911
8568 1263 5220 4980 2818 4936
8569 3487 7563 4009 1442 1355 2701 2594
8570 2851 1967 2036 60 2370
8571 7084 2772 1355 1317 1079
8572 8121 6462 6428 1355 5211
8573 1894 3297 1384 7159 1355 1530 1906
8574 5881 1355 5251 1693 2173 5516 1695
8575 6331 1587 5486 5496 1355
8576 7017 2934 2691 3999 7804 5105 5782
8577 3254 6577 1706 3896 5782
8578 3214 6952 2443 4012 5782
8579 1818 1245 1594 3652 1312 3890 5782 4729
8580 3838 4196 2952 5782 1533
8581 732 2579 124 186 2852 6725 2641
8582 3507 4560 1619 5381 273
8583 3886 2265 5443 6278 273 5637
8584 1699 6957 2272 273 1666
8585 6331 8184 5496 1493 273
8586 928 3609 1162 1247 970 912
8587 286 1753 928 539 6455
8588 928 977 6716 5547 2734
8589 6636 6492 2815 7734 6637 1829 7921
8590 6492 6983 5733 5595 6273
8591 6636 6492 1326 8119 5501
8592 2033 7413 8156 6692 8280
8593 6492 7734 5499 3512 5396
8594 3508 6636 6492 6637 2817
8595 2722 1397 2721 6901 5026 4827
8596 2948 4827 4591 4593 3890
8597 7159 212 5026 4827 1412 6917
8598 1398 1471 3369 2722 3894 5231 2721 5026 4827 4593
8599 7836 5026 2189 4827 6639
8600 1044 5738 3505 1513 4827
8601 5026 3373 4827 5745 1952
8602 3493 3108 554 5976 4827 4107
8603 579 2660 155 8156 6703
8604 1528 5026 4827 1345 6906
8605 2721 5026 4827 1288 1500 1410 5977
8606 7159 5026 2189 4827 1345 1108
8607 231 234 7082 622 221 6392
8608 2890 4674 5013 3093 4661 4645 4972 5033 4644 2573 1265
8609 5041 4644 2573 5043 5032 5252
8610 4673 3843 4640 2573 4764 4642
8611 5041 4684 4985 2548 2573 5030
8612 4684 4674 5013 3843 2573 5032 5030
8613 4684 3843 1691 4640 2573
8614 5491 2154 2853 530 2854
8615 3843 4640 5042 4660 5032
8616 4674 4721 5056 4660 4753
8617 4675 4728 4640 4660 5030
8618 4516 4661 5353 5042 4660
8619 4643 2052 4661 4728 5103 4660
8620 1754 464 4660 1265 6971
8621 4672 3870 4674 5013 8102 4660 4731
8622 5041 4677 5013 4660 4678
8623 4910 4721 5722 4350 3265
8624 7148 5093 2961 5096 3939
8625 21 6646 7624 2855 8167
8626 2506 3207 4662 2961 1505
8627 208 4618 1411 2961 4170 1431
8628 6641 4145 2754 2961 1304 3433 6341 1801 2756 2757 5882 1802 1373 2755
8629 7326 7476 3843 6639 6341 7325
8630 5512 2772 2269 6594 6341 7671
8631 2722 2719 7836 6341 1408
8632 1800 5495 4663 5056 7330 5218 5165 4671
8633 7735 6587 6907 5165 1328
8634 3349 3391 5165 2682 6870
8635 4600 7078 1876 3389 5688
8636 162 3525 2925 2814 8167
8637 4600 1743 6534 4973 6474 2258
8638 2946 505 3203 3507 2996 1594
8639 6195 3439 3062 5289 4098 1594
8640 1565 4546 7925 1594 7969 5790 2406 6917
8641 3303 6918 4501 1594 7876 2689 6659
8642 4546 1594 2428 6999 1745 1201
8643 2134 1594 4762 4763 6905
8644 7954 3303 1594 2689 3931
8645 6456 1465 2312 6532 3493 1467 2686 1594 6207 306
8646 8153 7129 6508 1594 5397 2443
8647 5557 2033 559 309 8167
8648 1795 1295 5403 289 1594 1877
8649 2998 1560 2999 1594 4563
8650 4546 7127 6907 1594 550
8651 7005 6783 1594 3818 7631
8652 6027 7446 7557 2468 2473
8653 5922 6217 6820 287 5493 243 242
8654 8128 6217 5451 513 238 4233 2551
8655 4279 6217 106 5088 698
8656 223 606 2257 234 6217 276 1096 464 304
8657 6962 6784 5289 6999 3437 7631
8658 2860 2606 2861 2859 789 2857 2862 2856 1598
8659 5722 3093 5051 4100 1817
8660 3303 6783 3093 6724 2689 5990 4917
8661 741 245 2236 6113 2489 6446
8662 1099 251 517 5484 6561 7371 7923
8663 5423 5046 7074 4862 5084
8664 1417 1743 52 3460 2859 2609 4200
8665 1566 2721 6318 6189 1890 6904
8666 6590 4501 4555 3884 6318 6901 1513 3881
8667 1376 1894 3301 3299 6318
8668 6318 3848 3818 6582 1298
8669 3036 3047 3080 3058 3114 3125 3180 3025 3269 3236 3302 3169 2969 3337 3381
8670 2867 2863 2866 2865 106 980 2864
8671 3866 6209 3277 5958 3389 8148 6505 2150
8672 1329 3215 1490 3451 2970 8148 4329
8673 3652 8102 4668 5663 3998 8144
8674 1830 767 5372 3229 3957 766
8675 1464 6393 474 3229 5296 3533
8676 3508 7153 1829 3229 5789
8677 5372 4417 6860 6522 6494 5374 2253
8678 767 6773 4106 1910 5376 3533 6485 4860 3046 1817
8679 2057 8147 2439 2070 3046
8680 358 4417 7062 5297 5374 3046
8681 2870 2868 7158 4492 980 1987 991
8682 6486 3533 3046 5799 7072
8683 3510 4555 6715 7075 5373 5595 6479 5751 7100 6478
8684 7101 6636 3299 7925 1190 5373 5595 1861 3939 5396
8685 2828 2815 6878 5373 5883 6394
8686 3508 7153 7101 6393 5373 5595 5498
8687 3508 7153 6636 474 5499 7021 5498 6476
8688 1442 5905 474 4417 3990 6476
8689 6393 474 4106 1861 6476 5396 1817
8690 6773 474 6481 1334 6476
8691 1464 767 4281 2935 7470 6867 1902 5831 1023 6855 1334 6930 6485 766
8692 980 764 2871 2566 400
8693 7443 4687 3838 5736 973 2247 6210 6930 1387 6007
8694 4399 7306 6478 6930 3878
8695 3643 6589 6930 4616 5492 698
8696 474 1910 5595 1455 6392
8697 767 3639 4399 5966 766 4862 5799
8698 4281 6477 5377 766 1817
8699 8139 4106 3533 766 1817
8700 6962 7159 5231 7620 970
8701 1398 1397 7159 1521 1386
8702 1398 7159 7814 5231 3394
8703 2026 171 2858 2654 2454 1961 19
8704 564 3037 1238 7159 4594 1327
8705 7159 5231 3423 4294 4921
8706 8153 3510 7008 3929 7159 3468 2760
8707 7159 977 934 1101 1122
8708 7063 5545 7159 1426 5246 7770 1790 6423 3881 5118
8709 5616 4375 7159 4594 1412
8710 7159 5231 1190 4952 5227
8711 1044 1442 3942 1345 1582 1315 3893
8712 5400 1145 6868 977 7254
8713 3544 5269 3549 3540 3546 3555 3556
8714 612 808 2007 2027 2873 2872
8715 3544 3549 3540 3546 3562 3561 3555 3556 3554 3545 3552
8716 3544 5269 3549 3540 3546 3562 3555 3556 3554 3552
8717 3544 5269 3549 3540 3546 3562 3555 3556 3554 3545 3552
8718 3544 5269 3549 3540 3546 3561 3554 3560 3552
8719 3544 5269 3549 3540 3546 3562 3561 3555 3556 3554 3545 3552
8720 3544 5269 3549 3540 3546 3562 3561 3555 3556 3554 3545 3552
8721 3544 3549 3557 3540 3543 3550 3551 3554 3545
8722 3553 3541 3544 3549 3557 3540 3543 3551 3554 3545
8723 3544 5269 3549 3540 3546 3562 3561 3556 3554
8724 3544 3549 3557 3540 3543 3550 3551 3554 3545
8725 2875 2027 2571 2876 1966 8200 2309 8172 2877 2874
8726 3544 5269 3549 3540 3546 3562 3561 3555 3556 3554 3545 3552
8727 3544 5269 3549 3540 3546 3562 3561 3555 3556 3554 3545 3552
8728 3544 5269 3549 3540 3546 3562 3561 3555 3556 3554 3545 3552
8729 3540 3543 3550 3551 3554 3545
8730 3540 3543 3550 3551 3554 3545
8731 3540 3546 3562 3555 3556 3560 3545 3552
8732 3540 3546 3562 3555 3556 3554 3545 3552
8733 3540 3543 3550 3551 3554 3545
8734 2935 3053 3221 1315 1455
8735 7540 1746 2428 1190 1315 550 6993 4839 5766
8736 2879 4869 1961 2882 2881 6692 8280 2878
8737 1816 1442 1315 5984 6340
8738 2838 2687 1315 6297 6915
8739 1395 3942 5890 1315 6523 8135
8740 1442 2137 5442 1315 5492 698
8741 1750 1442 1835 1315 7923
8742 632 1454 1453 572 6971
8743 7008 235 6005 5056 632 4668 5053 6839
8744 3454 3456 4295 5388 7784
8745 1508 8047 7332 1318 4299
8746 1224 3160 1897 7332 1077 1604 5011
8747 864 2883 2126 2213 1961
8748 4828 3528 4829 7332 6042 3979
8749 7163 3528 7332 5384 3979
8750 7735 3528 3954 3955 7332 1806
8751 2867 7489 2866 8149 7389
8752 8186 8184 4130 2867 5215 7054 5232
8753 4913 2867 2055 3238 4585
8754 2867 6667 3578 6194 4634 7671
8755 2867 5208 5122 7059 2544
8756 6761 7881 7988 7173 4499 4333
8757 5631 2968 694 693 2862
8758 1961 2885 1848 690 2884
8759 2351 3375 6671 3374 708 3273 4601 6870
8760 1193 1234 1560 1232 1078 3438 1233 3867 1194
8761 1234 1560 1235 1232 5343 3015 1233
8762 579 1234 1235 1232 626 5884
8763 1374 1232 1513 1493 4839
8764 6382 1232 3867 5884 5882
8765 5905 1232 4919 4835 3867 981
8766 1232 4560 3818 5240 6939
8767 6367 2506 3207 3844 4228 7488
8768 4574 6178 6874 1572 6885 694 1817
8769 2886 1962 2202 2887 2571 2036 2436
8770 4574 1471 3201 7792 7803 4343 3875 8162 4497
8771 4574 1701 7906 6954 1530
8772 1777 2983 2849 2773 1155
8773 1777 1153 1645 1155 1154
8774 1777 5881 3609 1645 3906 1155 6392 1545
8775 1777 6912 3901 4785 5010 1155 550
8776 3865 1777 4516 7127 2983
8777 310 1777 5403 1587 3941 3817 1537 1155 6296 6842
8778 1475 1468 6595 2613 4200 5786
8779 7335 6669 2476 1475 1468
8780 3036 3280 3258 3180 3025 3313 3269 3158 3302 2969 3213
8781 846 2851 2036 1987 2372
8782 2405 3207 5088 3922 620 698
8783 3254 2837 3270 2405 3383 6656 2475 3389 6655 2477 2997 7157 3384
8784 3270 2475 7104 626 2578
8785 3270 3383 6656 6655 2477
8786 3272 227 3271 3270 2476 3383 5238 2477 3922
8787 1569 3270 2472 3383 2475
8788 264 1469 584 3270 3383 583 5106
8789 3270 4312 2475 3446 2478
8790 1569 3383 2475 2477 3384 5786
8791 1471 5638 3383 3232 3372 2268 4164
8792 2888 2890 2889 2042 8102 1877
8793 1895 7017 1218 1778 1208 1534 2189 1288 456
8794 1778 1894 1208 8216 2934 1388
8795 1778 1208 4951 1153 2917 7964 2952
8796 3186 1895 1778 6205 4871
8797 217 1895 1218 3411 1909
8798 1895 5453 6414 4697 5575 981
8799 1895 6619 5401 7129 6620
8800 5041 7787 1691 4972 5033 4728 4966 5032
8801 3038 3369 2901 3351 3255
8802 1587 2230 1190 6724 6004 2687 4839 4917
8803 2888 2893 2895 2896 2894
8804 3186 8153 1587 4576 491
8805 1587 5171 3963 6937 7880
8806 1878 1443 1587 1220 6993
8807 4135 7351 1587 556 5409
8808 4830 1587 4328 1524 1726 6200
8809 1587 4588 5365 6999 7301
8810 6281 6284 7813 6283 6791
8811 6281 6284 8160 6452 6283
8812 6281 1258 6284 6283 6954
8813 6281 1258 7906 6954 1859
8814 2888 2899 2898 2668 2897
8815 6281 1878 1258 6284 6283
8816 7017 3251 1153 5979 1545
8817 7017 6581 4009 5688 1616 7227
8818 7017 2979 4871 4210 6865 1201 1328
8819 3013 7487 2811 6696 6865
8820 3013 7487 7189 2811 6865 7342
8821 1258 5223 7631 2244 5882
8822 8130 4881 6507 7818 2149
8823 3498 1755 7189 4192 4484 1201 7316
8824 3431 8119 1276 4484 1201
8825 2902 2901 2900 1089 1120 1900 1287
8826 5784 3729 8119 8120 1201
8827 1211 915 1727 937 1201
8828 653 1049 1727 1116 918 1071 1759 912
8829 962 85 963 157 1853
8830 962 1012 1006 90 933 1139 985
8831 1753 4404 2956 6977 2460 4163 3121
8832 1753 1490 1439 5569 6791 5571
8833 1753 6995 1253 7248 7074
8834 1753 6199 5108 568 2696 6379 5715
8835 1753 3877 1534 1595 2081
8836 2589 1120 256 2904 2120
8837 1753 1633 4352 997 3350
8838 1753 4588 552 3205 5987
8839 1753 4281 7962 1952 1529
8840 1753 7326 7475 4303 7051
8841 2506 5719 4162 1450 3377
8842 149 8161 442 4162 1766 4616
8843 4575 4611 7063 2711 2766 6920 6990
8844 4575 3149 3729 4550 6127 1667
8845 4575 3039 1507 5805 5802 6699 1260
8846 239 2733 6392 697 1294 6293
8847 662 98 4947 1120 2905
8848 239 5719 6656 1450 2997 697 7157
8849 5364 4550 2764 1450 7834
8850 4208 8216 2691 580 6851 1365 619 1808 4010
8851 264 1469 8182 584 6275 583 1365
8852 2981 3201 1369 584 1365 1802
8853 8160 3164 1867 8164 8162 1365
8854 2354 1366 3894 8161 8037 1365
8855 7836 6907 1365 2694 3862
8856 564 4591 4593 1318 3890
8857 564 4210 2713 3395 6007 3890
8858 98 635 4947 1120 120 1246 1207 1654 827 1671 711 1657 637
8859 1466 564 6509 7429 4591 4593 3890
8860 2981 1805 564 4537 4591 6842
8861 564 4591 4593 3395 3890
8862 564 1078 1317 4593 3818
8863 8153 564 496 6503 6321
8864 1043 564 4591 4593 3318 3890
8865 5739 4591 4593 6409 3890
8866 1244 1820 4591 1799 6392 4751 3890
8867 1443 3930 1274 4631 4591 4593 3890
8868 3951 7092 4591 5290 3890
8869 635 1120 2906 1207 1346 2907
8870 4331 496 7355 4593 7504 3890 2723
8871 2246 7612 3890 4284 5044
8872 2775 4591 4593 3890 5701
8873 3483 4591 4593 5851 1751
8874 4904 4591 4593 7076 6988 3212 6946 277
8875 274 313 4591 4593 7133
8876 6992 6433 4591 4593 5395
8877 1261 3928 5584 1600 315
8878 2953 1430 3296 6196 315 7812
8879 3943 6411 8154 3920 315
8880 1120 2909 2908 2910 2911
8881 1471 311 3262 552 1085 3915 1755 7428 315
8882 5976 622 3230 708 7936 315
8883 4356 1840 488 3394 6856 491 4357 493
8884 4275 6584 2216 488 4582 7070
8885 489 488 491 1841 4357
8886 4415 4416 7652 1838 488 7070 5528
8887 4415 4416 7652 488 5528
8888 1361 3159 5865 553 551 1362
8889 3159 6382 1271 5700 4740 5306 4742
8890 4879 3159 5093 7325 6013
8891 248 259 237 281 270
8892 3036 3102 3247 3125 3136 3348
8893 2913 2912 1120 557 2915
8894 3159 7949 3908 3938 7497
8895 8182 3886 4553 5443 619 5956
8896 2246 565 4556 4553 568 4554
8897 1235 671 1233 5884 2353
8898 7583 6956 1233 1782 7316
8899 1879 5752 5006 1798 1684 1884
8900 1879 1684 3444 3455 7650 1152
8901 1879 1684 2965 6344 4745 1906 6939 3005
8902 6405 1879 6530 1684 2188
8903 1879 3908 7858 1221 7013
8904 1300 2916 2917 1120 2918
8905 5378 1879 5495 5486 4888
8906 3978 1879 4741 4986 1684 4740 4742 4708
8907 1879 3496 1684 5987 3497
8908 334 5857 1684 3882 2276
8909 2948 1684 1108 5902 5701
8910 7064 1899 7735 2917 1356 1901 3881
8911 3464 1899 1725 1758 1747
8912 3464 1899 6181 1900 6196 6520
8913 3464 1899 1900 3882 5327
8914 1628 3200 7476 6452 5751
8915 2642 97 1120 1654 1497 2771 1240 2919
8916 1469 1628 1535 584 583 3913
8917 1628 2956 1507 5805 6586 1260
8918 1628 3146 2134 5398 1900 1645 755
8919 1193 2685 3433 1194 1387
8920 1193 3201 4621 5984 1194 6993
8921 7954 1193 2506 3203 1480 1194
8922 1193 1052 5846 14 1194
8923 1193 6335 7557 1166 1194 855
8924 1367 1193 1417 5856 1194
8925 1344 567 8215 5079 1373
8926 128 1120 2921 2920 1250
8927 1344 4741 3899 1744 4740
8928 1565 1344 2719 6422 1373
8929 3937 5889 1344 3954 3955 2689 6408 3321 1280
8930 3085 1344 4985 4645 4728 4680 4668 4749
8931 1344 2722 2719 1754 1190 1890 6906
8932 1344 4026 1374 7692 6639
8933 1350 1521 567 2428 6422
8934 6420 1350 5739 5738 1298
8935 3504 1511 1374 7792 7803 291 6183
8936 3504 565 5723 6418 1707 568
8937 559 7413 2500 2922 207 2287
8938 6294 6658 6587 3652 7323
8939 2243 6587 1746 2428 6340
8940 1697 6587 2657 1504 3957
8941 6587 6782 1526 2428 6370 4024 3495
8942 6587 2269 4963 1106 3517
8943 6587 6384 6385 2428 3477 1745
8944 8128 1439 6940 6132 6870
8945 8128 2176 671 5870 3440 243
8946 8128 4353 4354 7081 7093
8947 1800 1208 4518 5023 1857 7768
8948 2923 2926 828 2927 2924 6613
8949 7019 1208 4859 1726 3273
8950 1633 1335 1361 4893 1485 1632 3944
8951 1361 1816 1911 4479 3016 1362 621
8952 6641 1469 1361 3200 584
8953 1361 5222 1356 1362 5396 1273
8954 1534 3609 2150 3012 3662
8955 4006 2472 3837 1534 2918
8956 1746 1528 2428 1524 1726 1571 3211 1745 3664 6701
8957 1815 2849 3262 2156 1616
8958 3262 2657 3652 7133 5987
8959 2930 2929 2793 712 2928
8960 5031 1902 3262 4555 4392 6840
8961 3262 1617 1618 6333 1635
8962 6682 1909 553 3532 551
8963 1491 1490 2713 6009 5569 151 6008 5571
8964 6622 2713 5984 5123 1708
8965 4662 5119 2713 1251 4197
8966 4208 5726 6250 1431 1251 1279 2952
8967 4546 2707 3955 3300 1279 1635 6215
8968 2722 2719 3298 1279 6409
8969 2679 2680 6517 3226 6401 4282 2076 6553
8970 2642 98 3625 2928 2904 2931 638 1891 713
8971 7327 7326 1909 2365 7586 3226 7475 5121 2355 5871 7259
8972 3219 3639 4009 3226 3220
8973 3226 1399 4299 6865 6870 906
8974 3226 1241 5120 7050 7051
8975 3949 6205 4006 7713 5886
8976 8163 5686 3949 3610 4315
8977 3949 2956 6610 8152 5749 6589 7781 3975
8978 47 2690 1554 6321 1419
8979 6819 3219 4484 7342 3671
8980 6819 7949 3431 2965 4328
8981 2929 702 569 1151 712 2928 2932
8982 6193 3867 2910 5884 2911
8983 3460 3867 1906 5584 5079 2910 5884 2911 1600 2396
8984 5532 1078 3867 3220 5884
8985 5220 6193 4569 3867 1906 5884
8986 1239 2965 2772 6193 5884
8987 1234 1239 1078 3867 5884
8988 7064 7845 1456 6273 7362
8989 1741 7064 7746 2710 3472
8990 7064 2722 2719 5443 2840
8991 7064 7044 5494 2764 4405
8992 2935 8216 2934 2691 515 2933 2937 2928
8993 7064 2240 6983 7876 6554
8994 7064 1540 4397 5852 6409
8995 7064 7127 1642 1271 5397 3148 551 5750 3517 4053 2268
8996 1565 2722 2719 1443 6411 3174
8997 5616 6420 2719 3037 2721
8998 1324 2722 2719 1642 1521
8999 2722 2719 209 211 210 5323 4497 7301
9000 5219 3215 5378 7018 2719
9001 264 209 6573 210 1502
9002 216 4310 7127 5801 7881 1789 1502 1951 4100 1451 3489 7338
9003 3392 3202 3036 3147 3158
9004 2938 3625 712 2928 715
9005 6401 7781 1502 918 1071
9006 7540 3085 1502 5766 5229
9007 3170 5682 6205 3054 1866 5712 1502 4100 4228 3443 4011 6979 3489
9008 3521 508 589 1502 3232 587
9009 1017 1065 6824 512 937 5790 1053
9010 4578 937 3915 2247 3012 3662 1775 250
9011 1111 937 7354 3061 1247
9012 937 1040 1255 1011 1053
9013 5379 4023 937 2756 2757
9014 5900 3971 7021 1877 3174
9015 2939 2926 2940 2942 1729 2941
9016 5049 4684 1234 6428 5031 2890 1235 4661
9017 1234 565 539 478 568 4494 6408 3818 6653
9018 6886 1234 3053 6875 4708
9019 47 1234 1235 1617 8129
9020 1235 7807 3391 7551 3667
9021 1482 5049 1218 5905 1485 4662 3957 2732 1693
9022 1485 3875 7682 4480 6712
9023 7807 4485 1271 5216 513
9024 1271 5700 4264 1852 551
9025 5752 3349 1271 5700 3430
9026 2945 2939 2946 2943 2948 2944 332
9027 2352 4332 1271 4264 6851 2353
9028 1271 5700 4264 2942 3121
9029 7807 4485 1271 5700 4264 2909 2910
9030 5453 5035 1271 5700 4264
9031 8163 4332 1271 5700 6851
9032 1271 6332 5700 4264 1494
9033 4513 4010 5005 5104 5106
9034 6621 6623 6622 708 6041
9035 3396 2406 3922 6041 6012
9036 5049 2890 5035 4676 6041 4497
9037 150 142 143 8130 730
9038 5702 7735 3008 1835 6041 3241 4629
9039 3498 1368 1782 5039 3185
9040 5031 4352 4723 232 243 2694 3430 1601 238 3185
9041 5020 4469 8120 3007 3462 6883 3185
9042 6284 1816 1782 990 3430 3185 1679
9043 6935 1799 3220 3430 3185
9044 7999 5185 5103 3211 3430 3185 6215
9045 5306 7564 3430 1154 3185
9046 3039 5804 1746 1510 2428 1260 1745 6931
9047 5804 1510 1260 4506 6931 574
9048 2949 2950 2041 2951 2382
9049 264 6610 1510 3992 1851 6672
9050 6741 1324 5804 1507 7757 5805 1510 7947
9051 4618 2730 4098 6655 1789
9052 5403 4786 4374 3231 2749 8169 3451 1789 5054 1742 1884 7323 6857
9053 6331 5744 5215 5712 1707 5496 6804 1789
9054 6201 1789 6999 6110 6982
9055 4963 2764 1789 1742 2548 6857
9056 2954 5976 1789 7317 3232
9057 3617 3146 5398 1789 4539
9058 7589 1749 2754 5092 6976
9059 8179 1362 1901 1631 1240 2952
9060 5289 2754 2756 2757 2755
9061 2754 4902 2756 2757 2755
9062 2754 4902 3519 6042 2076 3440
9063 3894 4919 2754 6008 2757 2755
9064 6404 2754 4902 2756 2757
9065 8150 2754 4902 2297 1501
9066 4353 1786 2776 1788 4354 2754 4902
9067 1786 1788 2754 4902 2756 2757 2755
9068 6336 2754 4902 2756 1484 1410 6976
9069 2754 4902 6916 2757 7253 2755
9070 310 8179 2953 1619 2954 2396
9071 2754 4902 2756 2757 2755
9072 8051 2754 4902 2756 2757 2755
9073 7417 2754 4902 5092 2756 2757 2755
9074 5726 2754 4902 2757 2755
9075 2754 4902 2756 2757 2755
9076 2754 4902 2756 2757 2755
9077 5986 2754 4902 2757 7869 2755
9078 2754 4902 2756 2757 2755
9079 2754 4902 2756 2757 2755
9080 2754 4902 2756 6185 2755
9081 2956 8179 1888 2955 2396
9082 6403 565 2754 4902 568 2756 2757 2755
9083 5746 7116 2754 4902 2756 2757
9084 2754 4902 5253 2756 2757 2755
9085 2754 4902 2756 2757 2755
9086 2774 2754 2756 2757 2755
9087 7589 3439 5289 6868 6370
9088 7589 1085 2156 1083 2268
9089 7589 1358 1572 5011 3276 3278
9090 7589 2776 8050 2550 7987 7988 7253
9091 1299 5394 275 5092 5096 3881 6553
9092 1174 911 1200 8179 1165 2957 1177
9093 286 1749 5092 6009 6988
9094 5092 3672 6485 6720 6496
9095 7005 5682 2774 5712 5092 1881
9096 5361 395 7044 1749 5494 5493
9097 3638 7186 6600 1749 2233
9098 7583 5121 5296 7568 6976
9099 2240 6875 7736 7307 3450 5543 7788 3469 6976
9100 1218 5108 3231 1755 2977 1545
9101 8186 4737 5056 4963 3451 3453 2977
9102 1816 6621 6623 6622 2977 557
9103 1211 8179 907 920 1006
9104 2742 6512 2977 3632 4484
9105 6741 4717 605 2687 2258
9106 667 3465 6975 2687 4763 990
9107 1746 7925 2428 7969 2687 1745
9108 6918 3630 1538 3457 2687
9109 7792 7803 2687 7713 6915
9110 3954 8047 4397 2687 6566 6520 5542
9111 2722 2752 2691 6409 2593
9112 264 1469 5912 584 5239 1842 5531
9113 3149 1508 3208 6531 5531
9114 3069 3202 3036 3047 3280
9115 2960 8179 2959 2961 2396
9116 3208 7621 4919 7926 5531
9117 3208 7842 5237 3241 5531 7869
9118 1842 2253 5531 491 493
9119 6589 1265 1842 5531 6322 5492
9120 3187 1842 7539 5531 1841
9121 1491 3254 3301 2837 3208 5531
9122 8117 8119 7487 7170 7171 5011 8118
9123 8116 7487 7189 3632 4484 6865
9124 1815 6512 3013 7487 3318
9125 1854 8120 7487 8118 7342
9126 1133 8179 2962 1709 2396
9127 7807 7432 3240 4146 1387 4885
9128 466 5450 4345 3240 2247
9129 3522 3521 5153 3240 6401 1439 6219
9130 5095 1583 1584 6610 3240
9131 6585 3240 6766 7170 7171
9132 3240 3192 1379 1480 686
9133 7286 3240 8080 1640 8164 1728 7230
9134 1798 8069 3627 5323 4884 5765
9135 7124 4345 6401 5890 5323
9136 5323 4564 1410 5112 6046
9137 2963 2715 8179 8299 2396
9138 4962 708 3417 1318 5323 2833 3990 4709 3212 7027
9139 2697 2477 5323 6312 2695
9140 5616 1457 5895 3968 3352 1728
9141 3170 1554 1728 511 1416
9142 6339 7432 6527 4300 1745 6605
9143 351 6382 1744 6418 7432
9144 6995 5739 7432 6963 1221
9145 6658 4489 6935 3177 1799
9146 1466 6509 7429 6556 7828 2061 2755
9147 7470 668 7461 7865 2755
9148 1815 1385 8179 8182 2964
9149 3519 7488 2756 2757 2755
9150 1465 6850 2686 7828 2755
9151 6577 5851 2756 7198 2757 6553 1708 5687
9152 4824 2146 2756 2757 7051
9153 5222 1744 6418 3944 2756 2757
9154 3038 6403 3630 4919 6487
9155 6403 3493 7111 265 6533
9156 1743 6403 3251 1701 5976
9157 667 3160 3507 4328 2545
9158 5686 2763 7881 3145 2545
9159 2967 1385 544 8179 582 2966 2404 2968 1245 2965 1801 2396
9160 4322 2791 6820 5493 2545
9161 4019 1136 6584 2545 6196 4388 3878 4505
9162 5401 1339 6453 2777 2545
9163 3085 4674 5013 5231 2545
9164 4963 3963 1742 7936 2545
9165 7355 8080 7504 228 7162
9166 6938 3528 2230 6645 7504
9167 5810 7355 7925 7969 7504 1500
9168 5983 6541 4303 1493 7504
9169 2946 3108 265 7781 7667 6323 3059
9170 8179 2970 1116 1855 8143 1828
9171 7969 6639 3059 5107 4504
9172 6294 5568 1746 2428 1745
9173 5568 553 1554 6278 4192 6906
9174 2775 4331 2243 5568 7493 6916 6438
9175 5568 3451 5414 6207 6905 2688
9176 2679 3886 5568 5443 3276
9177 3411 3375 3320 6671 3374 2710
9178 3411 5795 154 4555 5697
9179 1413 6205 7092 5865 4328
9180 3178 5865 7475 4303 1748
9181 8179 1035 83 1023 78 702 1009
9182 6517 5856 5865 3391 1437
9183 7465 6205 6517 5865 6935
9184 1818 6743 3631 4539 571
9185 3195 1512 7835 571 3420 1708
9186 7724 3924 7160 6782 571
9187 6783 5403 7321 6455 3267 571
9188 7540 2705 2229 2849 4955 4956 3966 571
9189 5950 6619 7813 6620 6529 571 3420 6946
9190 2739 1998 3150 1997 3895 6940 1871 6564
9191 5394 7620 5377 6479 6564 6496
9192 8179 2971 32 4714 2972 1278 2973
9193 6482 3533 6564 4862 6496
9194 3509 5846 4785 7820 6821 6564
9195 7108 5985 7688 6564 3537
9196 2763 1318 3322 4348 7051
9197 509 6978 1867 3273 7051
9198 4888 6843 6844 6423 3393 7051
9199 6205 3349 2917 6937 7051
9200 7475 4303 6292 7603 7051
9201 7881 4303 7276 7649 7051
9202 4328 1726 3211 7051 7323
9203 8179 1336 2975 2976 2974 2977 2396
9204 1329 7475 4303 6700 7051
9205 5857 1909 3667 1820 7564
9206 6666 2966 6962 5801 5697 7631
9207 1133 1052 5801 1054 1517
9208 6741 1461 4596 1458 4618 496 4899 1804 495 5395
9209 5211 7828 1604 5395 4118
9210 2901 2246 6851 4182 5395
9211 5983 7881 1426 6964 5395
9212 3219 4535 3110 6977 4192
9213 6995 573 3181 5026 4192
9214 2979 1099 8179 2978 1287 2811 656
9215 4006 3182 3391 4192 7048
9216 2981 4546 4006 1374 4023 2982 1178 4192
9217 1356 1906 4671 4192 1273
9218 7807 2366 4010 5104 5106
9219 4196 5442 5584 3012 4010 1600 5104 5118
9220 1564 2772 3975 4010 5104
9221 7810 265 1332 1333 5104
9222 3446 4010 4480 5104 5106
9223 3163 2005 4010 5005 5104
9224 1369 6693 4010 5104 5106
9225 3069 3202 3036 3047 3280
9226 8133 2981 8179 2982 1195 2396
9227 3155 2918 4010 5104 5106
9228 2368 6621 6622 5104 5106
9229 2802 2838 5111 7770 6273 300 5104
9230 2072 4812 4582 4010 5104
9231 5986 5379 7331 1801 1802
9232 3231 1379 7331 1571 2150
9233 6938 6205 8299 7331 6876 3001
9234 3930 7964 4881 6507 7251
9235 7024 5593 6298 4405 2829 7173 4346 7251
9236 1368 5700 7251 6883 3488 2748
9237 1753 2983 8179 2698 1311 1310 1790 1140 1312 253 2396
9238 6382 4815 4817 4816 5722
9239 5722 1804 6929 3423 5765
9240 4817 5722 7747 4820 7707 5753 7149
9241 7706 4815 4817 4816 5722 5766
9242 589 4817 5722 3116 4820 106 4819
9243 6641 5723 4394 6909 5288
9244 1258 2946 5723 5983 5998 6993
9245 1750 5723 8169 6693 1742
9246 7706 5723 6275 6531 4707
9247 351 5723 1744 6418 7650
9248 2985 1706 2987 2986 2984 2988 2974
9249 1805 5724 1101 5527 6883
9250 4331 1308 5726 442 4406 4515 2247 5107
9251 6741 7540 5726 6992 6250 6963
9252 5726 496 7129 5846 495
9253 6996 3615 8122 1241 6448
9254 1707 6181 4912 6940 4973
9255 1491 1490 6181 5569 5571
9256 6279 2983 6691 1850 2432 2701
9257 2983 1467 7714 2686 4392 3477 7485
9258 2983 4555 4533 1901 1556 6982
9259 2989 98 2990 2974 3625 2992
9260 1741 227 2983 8014 3389
9261 2983 3146 523 6319 5736
9262 7907 1326 8117 6790 2682 7189 7479 5776
9263 7907 8116 8119 7481 7479 3671
9264 5408 6452 6972 6516 7907 2156 3457 1220 7880
9265 7019 3506 2246 6322 5776 3223
9266 7019 1746 6503 5023 1745
9267 2679 1384 1260 3480 572 6931
9268 5364 1384 7565 1524 5005
9269 3877 6349 4539 3992 6376 455
9270 2994 2995 2974 2844 2993
9271 3877 5006 3507 2134 6278
9272 6682 3877 5378 1554 3907
9273 4195 6790 8119 4751 6865 5776
9274 6205 4006 4476 4210 8120 3973 8118 5776
9275 4888 2942 3973 5776 6964
9276 7949 1224 5108 4328 1896 5776
9277 7018 4663 6275 7286 5218 1454
9278 3160 4328 5954 1356 3220 2873 2594
9279 6168 5379 1142 1356 2276
9280 3883 1356 7875 6961 4480
9281 1367 2998 2996 2999 2830 2974 2997
9282 1356 3944 6744 8118 3462
9283 6279 5379 1850 1595 1356 1861 1851
9284 2472 7417 1356 3944 7713
9285 2739 4131 5378 1443 6639
9286 6335 3833 5378 5976 5023 1867 6842
9287 7443 5378 4580 7944 3661 7947 2258
9288 5378 5784 421 5287 7170
9289 1750 6741 6986 6978 2506 1539 4328 6935 1900 1452
9290 3189 3110 3957 5251 1693
9291 2901 1642 2365 1437 3821 1693
9292 3000 2361 2974 1285 244
9293 3843 5954 4640 5288 1693 3004
9294 5702 3868 6379 1693 1294
9295 3186 2849 1153 1537 7070 693 1545 6842
9296 3266 2849 6901 1096 230 6842
9297 2956 2849 6417 2203 3234
9298 7124 1902 6874 694 693
9299 1756 7078 152 153 694 693
9300 7106 6878 5893 694 693
9301 1810 6875 6481 694 693 6860
9302 1385 5912 1902 1526 6477 3234 694 693
9303 2974 2910 2911 1275 2753
9304 4177 6920 694 693 6468
9305 4476 3667 1537 6342 707 6842
9306 6643 5699 1537 7167 5459 1484 6282
9307 2620 2953 5167 5736 1554 1494 1537
9308 3186 7667 3318 6185 6110 7791
9309 7637 7645 622 5442 4745 5967 7070 4946 8131 7248 6861
9310 4415 7276 7070 6753 5528
9311 4415 4416 465 7652 7133 7070
9312 4415 4416 7652 6505 7070
9313 685 174 1645 1870 2992 1545
9314 3006 3008 2974 1210 3009 3001 3007 3004 3005 2693
9315 3431 6601 8118 1154 1545
9316 3069 5792 5836 5 5681
9317 5725 5792 5758 5903 6036
9318 5725 5792 5936 5714 5681
9319 5792 8299 5658 5 5636
9320 5725 5792 5825 5880 5747 5969
9321 5858 5792 5658 5991 14
9322 5792 5714 5069 5836 5 5825 5903 5636 5947
9323 5792 5703 8 5892 6036
9324 5792 5892 5 5825 5969
9325 1815 289 7280 97 276 2974 221
9326 5792 11 5670 5869 6058 5636 5947
9327 5792 6025 5991 5880 5647 5869
9328 5858 5792 11 5658 5847
9329 5792 5658 5703 8 3080 5825 5670 5803 6036
9330 5792 11 5658 5892 14
9331 6014 5792 5703 3291 6025 5814 5947
9332 5858 5792 5703 5714 5991 5670
9333 5725 5792 8 5991 5
9334 5792 5658 5936 5758 5892 5 14
9335 5792 5892 5736 5903 5914
9336 3036 3324 3280 3225 3247 3114 3258 3180 3313 3269 3158 3236 3359 3091
9337 3010 2974 3012 3007 3011
9338 5703 3291 5670 5880 5803 5903 5747 5636
9339 5858 5725 5936 5703 5847 5892 5825 5670 5803 5636 5947
9340 5758 5892 5825 5803 6058
9341 5758 14 5825 5670 5803 5814
9342 8 5069 5758 5880 5647 5803 6036 5914 5636
9343 5936 5847 5714 6025 5 14 5647 5803
9344 6025 5758 5880 5869 5803 5747 5969
9345 5703 5847 5869 5803 5903
9346 5858 5703 5892 5880 5803
9347 5703 5 5825 5803 5747
9348 3015 3013 2974 2396 1652
9349 5703 5847 6025 5825 5803 5903 6036 5636 5947
9350 5858 8299 5803 5681 5947
9351 5670 5803 5747 5914 5636
9352 5736 14 5825 5869 5803
9353 5892 14 5803 5903 5969
9354 6014 5936 5703 5847 5714 6025 14 5825 5914
9355 5858 5658 5936 5703 5069 5991
9356 5858 5936 5847 5069 5758 14 5869
9357 5858 5658 5936 5670 5647 5969
9358 5858 5658 5936 5703 5991 5814
9359 1648 3016 2976 2974 1666 1285
9360 11 5658 5936 5703 5758
9361 5936 6025 5 5903 5947
9362 5858 5936 5991 5880 5869 5969 5947
9363 5814 4184 228 3060 456
9364 6014 8 14 5869 5903 5814 5969 5636
9365 5725 5847 5892 14 6058 5814 5947
9366 8299 5658 5703 5714 5758 5892 5647 6058 5814 6036
9367 6025 5892 5670 5814 5947
9368 5714 5991 5836 5814 5681
9369 5703 5 5825 9 5814
9370 8242 3018 23 3017 2455
9371 5836 5 5670 5869 6058 5814
9372 5670 5880 5814 5681 6036
9373 11 5658 5714 5892 5880 5903 5814
9374 5836 5 5814 5681 6036
9375 8 6025 5758 5892 5880
9376 6014 5858 5847 6025 5892 5903 6036 5202 5947 12
9377 5758 5892 5 5670 5880
9378 5858 5725 11 5069 5892
9379 5725 11 5958 5714 5892
9380 5658 5703 5847 5836 5892 9 5670 6058 5903
9381 3022 3019 1663 3020 2501 3021 3023
9382 11 5991 5892 5736 9 5880 6058 5914
9383 3291 6025 5892 5 5670
9384 11 5658 5703 5847 5892 5670 5880
9385 11 5892 5647 5903 5747
9386 5758 5991 5892 5736 5825
9387 5892 5 5825 5670 5747
9388 5703 5847 5892 5670 5969
9389 6025 5758 5892 5736 5825 14 5903
9390 5892 5 5825 5903 5747 5914
9391 5736 5670 5880 5969 5636
9392 3024 2914 3026 7247 2903 6725
9393 5858 14 5647 6058 5914 5636
9394 11 5847 6025 5758 5736 5636
9395 8299 5658 3291 5869 6036 5636
9396 5847 8 5 5647 5636
9397 3291 5847 5758 5670 5647 5636
9398 5703 5714 5 5825 5914 5636
9399 11 5703 3291 5758 6036 5636
9400 6025 5825 14 5914 5636 12
9401 5703 5836 5647 5869 5969 5636
9402 14 5825 5880 6058 5681 5636
9403 3027 3028 390 2951 3029 6725
9404 5958 5 5670 6058 5903 5681 6036 5636
9405 5 5880 5647 5903 5747 6036 5636
9406 5703 8 5836 14 5825 5670
9407 5658 5703 5847 5836 5 5670
9408 5658 5703 5758 5670 5614
9409 6014 5158 5725 8299 5703 5847
9410 5658 5703 6025 5758 5825 5670 6058 5747
9411 5703 8 5991 6058 5914
9412 6014 5703 5 5670 5647 5903 5969
9413 8299 5703 3291 5758 5836 5 5670 5880
9414 2041 2571 252 2455 6725
9415 5703 5647 6058 5903 5747 5914
9416 5703 5836 14 5880 5969
9417 3069 6014 5703 6025 5069 5825 5880 5747 5914
9418 6014 5758 14 5969 5914
9419 6014 5758 14 5869 6036
9420 6014 11 5658 5714 12
9421 6014 3291 14 5825 9
9422 6014 5858 5714 9 5647 5869 5903
9423 5758 5 14 5869 6036
9424 11 3291 14 5647 5869 5947
9425 3030 2567 3031 958 3032 6725 1891
9426 3069 5836 5 14 5914
9427 5158 5 14 5825 5670 6036
9428 3291 6025 14 5670 5869 6058 5681 5914 5947
9429 5725 8 14 5825 5947
9430 14 5670 5747 6036 5947
9431 5 14 5825 5647 6036
9432 5725 8 5714 5914 5947
9433 5158 5847 5714 5825 5747
9434 5714 5991 5836 5880 5947
9435 8 5714 5758 5836 5825
9436 3034 3033 187 252 3035 6725 2641
9437 5714 5825 5670 5747 5969
9438 5714 5991 5681 5947 12
9439 5858 5725 5847 5714 5991 5836 5869
9440 5858 3291 5825 5880 6058
9441 5658 3291 5758 5825 5903
9442 5758 5991 5825 5670 5880 5869 5747
9443 5825 5670 6058 5903 6036
9444 5991 5736 5825 9 5914
9445 11 5658 5847 5991 5670
9446 5847 5991 5670 5647 5747
9447 3036 3102 3080 3247 3348 3091 3169
9448 1223 3038 3037 3039 2925 210 2814
9449 3291 5847 5 5736 5747 6036
9450 5858 5847 6025 5836 5914
9451 5991 5 5736 5880 5869 5747 5681 5969 5914
9452 5758 5 5747 6036 5914
9453 5658 5836 6036 5914 5947
9454 5725 5658 3291 6025 5947
9455 5658 8 6025 5758 5836 5947
9456 5658 8 6025 5758 5991 5836
9457 6025 5758 9 5647 5903 5947
9458 11 5958 8 6025 5758 5969
9459 2016 2925 2523 2553 2814
9460 5858 5 5647 5969 6036
9461 5158 5036 5069 5058 5091 5125 5136 5269
9462 5158 5036 5058 5091 5125 5114 5202 5169 5180 5191
9463 5158 5047 5080 5036 5058 5091 5125
9464 5158 5036 5069 5058 5202 5236 5225 5191
9465 5158 5047 5080 5036 5058 5069 5091 5125
9466 5158 5047 5080 5036 5058
9467 5158 5036 5069 5091 5125 5136 5202 5169 5180
9468 5158 5047 5080 5036 5069 5091 5102 5125 5180 5213 5225
9469 5158 5047 5080 5036 5069 5058 5091 5125 5180 5213 5225
9470 86 509 611 610 3040 3042 3041 3043 1010
9471 5158 5758 9 5880 6058
9472 5158 5047 5080 5114 5202 5169 5180 5191
9473 5158 5047 5080 5091 5125 5114 5136
9474 5158 5047 5080 5114 5136 5213
9475 5158 5047 5080 5036 5102 5125
9476 5158 5047 5080 5036 5125 5136 5269 5213 5191 5247
9477 5158 5091 5102 5125 5136 5213 5247
9478 5758 5 5670 5969 6036 5947
9479 3291 5 5647 5869 5903
9480 5647 5869 5903 5747 6036
9481 8173 3048 3045 2312 2218 3044 3040 2438 3049 3046
9482 4721 1788 5736 6196 5037
9483 6576 3937 4580 2678 6009 6008
9484 4580 3323 7477 7075 5689
9485 5049 7999 4985 4580 5035 4644 4676
9486 7287 605 4580 2055 7682
9487 7949 3182 3220 3211 8118
9488 7698 7949 5958 3480 2737
9489 1672 1632 4779 7862 4519
9490 3919 1633 1632 6408 7307 5333
9491 7503 1633 4555 1632 3966
9492 3052 3040 3050 524 3051
9493 2981 1633 1632 2982 1195
9494 5983 1316 1317 3905 2873
9495 3505 3905 1806 1251 1410
9496 6783 3901 7925 7969 2252 6993 4964 3998
9497 3985 1307 7925 7969 1220
9498 6995 7925 52 7969 8007
9499 6528 6783 7925 5981 1530 5409 2146
9500 6918 5739 5738 2689 5982 4634 6241
9501 3037 1307 5739 5738 6839
9502 6962 5738 567 1190 4671 8171
9503 3053 3054 3040 3056 3055
9504 6514 5739 5738 6573 5306
9505 1369 5739 5738 1085 1083
9506 7186 6704 7724 6452 6972
9507 6452 6972 7044 6820 5494
9508 1222 1006 1104 2355 1247 1139 1748
9509 3149 1701 4848 1521 7129 7919 6639
9510 3937 1521 3505 6477 1512 3621 574 6520 3469 6904
9511 1521 7621 4306 1317 4760 7431 7541
9512 1295 1521 6321 1272 7702
9513 8159 5408 4354 2364 6516 1523
9514 3057 1299 3040 8091 3062 3061 3059 620 8131 3060
9515 3349 3391 3227 3220 2992
9516 4175 4496 3868 3227 1554 4022
9517 3160 4488 3320 2764 3110 5008 5118
9518 1065 3110 1247 1498 1040 1713 6793
9519 1815 3833 5006 311 1619 8215
9520 4479 1694 2694 4883 1522
9521 3038 6384 6385 4533 1522
9522 1795 8182 1642 3211 2353 238
9523 3211 7407 7481 7479 7338
9524 3069 3392 3225 3236 3381
9525 3063 1721 3040 2214 3064 3065 1817
9526 2890 4986 1045 3453 6210 4709
9527 7228 1897 2830 3016 3188 3906 1077 1217 2992
9528 3272 3271 4893 2472 1217
9529 3386 2707 3631 8120 7004 3187 6448 5873
9530 3386 2957 2707 3187 5873
9531 3386 2707 6408 3187 6653
9532 3386 4375 1889 2707 5023
9533 3378 4415 1472 3386 4893 299 1840 3187 979
9534 3386 2707 3631 3187 6448
9535 3386 490 2707 1839 6856 3187 5873
9536 3040 2860 3067 3066 3041
9537 5403 7110 4420 5886 7162
9538 1441 5802 5886 3212 7604
9539 3242 1437 1422 5886 6046
9540 5905 2942 3190 5251 5886
9541 4871 3431 3160 7227 5886 2544 3256
9542 8138 2740 6311 5886 7053
9543 4279 4901 6205 7090 3320 3534 3990
9544 6205 3349 1755 6937 7497
9545 1807 2707 976 308 979
9546 2707 1317 1664 3433 3187 5873
9547 3040 3070 3071 3073 3072 3041 3068
9548 7160 5352 7919 1783 6942 4329
9549 2775 1746 6943 2428 1745 6942
9550 5686 1490 6943 7187 5352 5589 5569 6942
9551 4106 1023 3171 5635 7329 7371 4123 3065 4285 1817
9552 5478 2439 7845 6612 7329
9553 7077 8147 7131 4124 5111 7329
9554 5082 5514 2613 1766 7329 6293
9555 6860 6522 7329 5374 2253
9556 7030 6875 5794 7329 5374
9557 5593 7698 7077 5235 7415 3480 5798 5296 3094 7329
9558 3036 3280 3114 3180 3313 3158 3236 3169 3337
9559 3075 3040 3076 3074 3041
9560 5364 7252 7929 5297 7329
9561 509 3630 611 5088 7858 2295 4491 4885
9562 1756 4565 3728 1358 1572 2295 153
9563 464 6433 1453 2295 3327
9564 4407 2057 7284 4416 767 6718 4406 6606 7769 2295
9565 264 1469 3149 584 2295
9566 3299 2295 243 230 5690
9567 4332 3838 2406 2295 3212 5454
9568 6884 3120 5088 6851 4022
9569 216 2956 6884 6691 2150 6876
9570 3077 3079 395 3040 3078 7991
9571 6884 8030 6945 1494 2839
9572 6884 6686 6175 4517 1596
9573 510 1671 4121 2846 472 4233
9574 3887 3292 2762 7004 4121
9575 7127 6428 7664 5028 4644 7436 3944
9576 4965 6428 5056 5054 4671 4133 3417 4678 4733 2204
9577 3978 5049 6428 2721 5028 4644
9578 6428 6199 3886 7652 7230 5591 5528
9579 1862 3431 3160 1897 1077 5011
9580 4352 3160 3181 4328 7189
9581 566 3040 3083 3081 2260 3082
9582 6295 1224 3160 1820 6179
9583 3149 8182 3160 4328 4163
9584 3219 3431 3349 4474 1783 1155
9585 2715 5810 1595 3012 2133
9586 3038 6365 3729 1595 4106 7076 7688 1817
9587 6718 5682 1595 4143 3416 2445
9588 4673 5881 1221 3850 1154 2174
9589 1950 3922 6305 6448 2173
9590 6067 1950 3487 7351 4026 1596 623
9591 1441 3221 1426 8175 621
9592 3085 1268 2935 3040 3084 3041
9593 5958 1368 5737 6531 5901 621
9594 3277 1245 3275 1767 3963 1409 230 621
9595 1295 645 1220 550 1388
9596 2998 2999 1867 550 1708 7027
9597 1710 1437 3896 6520 4917
9598 7735 6384 6385 3989 3896
9599 2365 4328 3667 4487 3256
9600 1565 2946 2365 2948 1890
9601 4560 7564 5564 1399 1618 1409
9602 6576 2679 3277 2680 3275 1790 3267
9603 8147 595 3040 3088 3087 3089 3086 3041
9604 3277 234 3275 462 5397
9605 2759 3277 496 4900 3275 1463 495 1423 1506
9606 3275 3195 6852 5487 2261
9607 6702 2257 1897 3171 3296 1077 2839 7812
9608 3214 3483 1897 2443 1077
9609 1897 1051 1077 1107 413
9610 1889 1897 5010 1252 990
9611 3200 7792 7084 7803 4483 7713 7702
9612 1795 3200 5403 3301 1490 5569 7467 5571 5492
9613 3200 2152 3195 2233 4506
9614 3093 3040 3090 3092 3094
9615 3200 1743 2506 3207 2764
9616 7011 3200 3921 6534 6589 2740 5444 4197
9617 2981 4901 3200 5215 5000 3817
9618 1795 3200 5403 606 2076 284
9619 6641 3200 3621 5970 3060
9620 1672 6511 4400 7330 1870
9621 5616 3901 7714 7475 6411 4303 6701
9622 4026 3913 4193 2244 7579 6215
9623 5222 5905 6744 5251 7227 6215
9624 685 1372 8216 1512 4821 1273 6215
9625 3096 3040 3097 2861 3095
9626 4901 4375 2763 7834 6215 1533
9627 552 5404 7781 3907 7529 6215
9628 1800 3827 1513 5194 1328 6215
9629 1218 5031 1326 8117 6790 8119
9630 1326 7847 8117 8119 3212
9631 2828 1176 8117 8119 7722
9632 7734 6637 1176 8117 8119
9633 1462 1326 8117 8119 7552
9634 3985 4312 7176 1326 8117 8119
9635 1326 8117 8119 7530 7529 7834
9636 3040 3098 3099 3101 3100
9637 2189 1326 8117 8119 1533
9638 4588 1326 8117 8119 6999
9639 1369 8138 3493 2773 4902
9640 1862 2773 3519 551 6650
9641 1515 6584 6455 1302 6520
9642 6567 6584 5987 6982 7604
9643 1180 915 1187 1160 1051
9644 1546 5343 3161 6179 5987 6520
9645 3521 5153 3993 5451 5987
9646 1787 1785 2720 1528 6906
9647 3104 3105 3103 3106 225
9648 2720 6907 7276 2271 5564
9649 1167 2720 7475 2576 5699 8171
9650 1746 2428 1527 5010 1745
9651 264 1469 8186 8184 2257 584 4615
9652 264 1469 2967 584 2968 5343 583
9653 1469 584 3493 554 1867
9654 264 1469 2790 1860 584 582 3817 583 506 7852
9655 1469 3252 8048 4615 4351 4372 274 3296 2734
9656 264 1469 2902 584 583
9657 264 1469 3530 1472 584 4887 7847 583
9658 3107 3108 818 531 6569
9659 1469 584 3729 583 3117
9660 264 1469 8161 584 583
9661 264 1469 584 583 830
9662 264 1469 584 583 3913 6742 5454
9663 1180 264 1469 1457 583
9664 1469 6528 1295 3277 1809 1526 6901 583 5798 3469 6468
9665 264 1469 584 3652 583
9666 264 1469 584 7884 583
9667 264 1469 8161 584 583 5543 3049 4232
9668 442 209 4556 211 210 4554
9669 3202 3036 3280 3080 3302
9670 531 2272 424 8243 3109 269
9671 4845 505 1116 8143 1775 4507
9672 6788 505 5006 2934 2733 304 3232 1775 250 5457 277
9673 2679 7550 2678 1775 2683
9674 4129 2913 4816 477 517 1775 5571
9675 1166 6693 1791 3064 6694 1473
9676 3067 2999 1791 1437 7131 5244 1906 6791
9677 8216 2934 2691 1791 464 1766 4616
9678 4178 1378 1791 2406 6163 4232
9679 3464 1372 5108 5398 3906
9680 465 7108 1809 7477 3153 3906
9681 106 3110 531 2406 247
9682 1398 3894 7836 2721 4594 5800
9683 2721 1746 2428 6598 1745 1280
9684 6642 4546 6528 556 1642 1190 2735
9685 149 1190 4576 1420 1373
9686 1366 1190 1187 3244 7050
9687 1471 1324 1854 1190 3885 151 4839
9688 1371 3150 6477 1190 1187
9689 7106 1307 1526 1190 6917
9690 4737 4663 5253 5239 3453 4676 6194 3416 4709
9691 2619 2620 3259 1896 6194
9692 952 3112 3111 531 251 229 624 284 2158
9693 5889 1754 5800 1187 6376 3819 1298
9694 3146 4006 1799 7314 4734
9695 4489 2246 3496 3652 1585 1645 1409 5118
9696 1633 6532 1490 5569 1645
9697 5361 4663 5097 4648 4282
9698 7712 3116 7670 2970 4282 5917
9699 8138 3015 1867 4282 686
9700 466 283 313 622 284 4112
9701 6279 6339 3515 1851 7812
9702 3964 2775 3968 6339 6605
9703 3116 3118 531 250 3117 457 3115 44
9704 6567 3208 6339 1842 6605
9705 3866 3506 3146 5398 6653
9706 2998 5894 5219 1800 5398 3449
9707 3146 5398 3452 3444 3455
9708 8182 3146 3178 5398 3609 1596
9709 3146 3505 5398 6917 2252
9710 1398 1238 3941 2189 1493
9711 6666 3941 1439 2137 6510
9712 6420 7284 4735 3510 3941
9713 4415 4416 3941 3228 490 1755 1840 5534
9714 531 247 267 2538 3119
9715 3941 8048 3195 7588 8096
9716 3941 1085 7858 1083 3443
9717 6707 3941 3195 2711 5381
9718 8186 4587 2896 7093 6823
9719 4587 6433 6940 6659 2688
9720 4587 7652 2896 5294 5317 5528
9721 6295 3297 3037 6691 3391 7059 1220 6520
9722 3037 1368 2360 3409 6949
9723 3921 3843 5968 4887 617 2054 2820
9724 3921 5584 659 3632 755
9725 310 3120 771 3492 1796 938 2992
9726 3182 466 5450 3921 1835
9727 5350 605 1866 3921 4351 4740 4110 4676 6659
9728 5219 3899 1804 6560 8129
9729 3208 4343 6589 3494 3472
9730 288 2995 4343 7187 1910 1455
9731 1411 2995 3884 4343 1304 3885
9732 7706 6382 4815 4817 4816
9733 7706 6382 4816 7756 5771
9734 1860 7132 6392 4184 8135 6904
9735 7531 6691 553 6392 7431
9736 80 919 983 771 772 3492 83 1026 8281 156
9737 3929 1368 1504 6392 6915 8135
9738 5739 2999 6935 5244 6392
9739 3609 2764 3012 3662 1851
9740 5188 2157 1396 1220 5189
9741 5188 4098 1396 5990 2735
9742 2946 3221 5737 5188 4303 1396 5189
9743 4618 7160 5188 5589 1396
9744 5188 1178 4576 1396 5189
9745 7129 5188 5455 1396 5189
9746 5188 4594 7803 1396 7713
9747 2031 1553 2153 3121 6681 857
9748 2981 5188 2982 1195 1396 5189
9749 5188 1396 1079 7880 4197 5571 5637
9750 6658 1085 1083 1051 1388
9751 5752 6508 5098 2369 4585 3001
9752 584 9 583 1806 4197
9753 2246 1786 1788 3490 1896
9754 6986 1224 4145 4964 1328
9755 3821 4494 3234 2151 4620 3979
9756 4901 3821 4206 4177 1751 5587
9757 239 241 235 6743 3821 5543 7323
9758 2301 2047 3124 3122 2501 3123
9759 3898 3821 5685 3897 4773
9760 3667 4487 3821 3081 6210 2734 1720 4519
9761 3439 5289 4098 2699 2276
9762 4859 573 4351 3438 4348
9763 4813 4351 3879 3042 4571 5690
9764 1329 6172 4351 4560 3992
9765 6901 4004 568 6839 6988
9766 7465 1998 5404 5122 3273
9767 7465 3273 3841 7529 2992
9768 7286 2762 7857 3318 6979
9769 3128 3132 3129 3130 3131 327 1989 3127 3126
9770 7839 8150 4485 7092 6422 6977 8154 3433 1801 1865
9771 4901 6702 5976 3389 6977
9772 6514 3375 3373 6977 4329 6616
9773 1166 1568 4631 6977 6998 4571
9774 7181 1198 1249 1724 1517 1284
9775 1099 516 1247 1249 1724 1057 6013
9776 1176 6844 8118 1328 2478
9777 4155 3707 3616 8118 3862
9778 2679 1085 6009 1083 6008
9779 1085 5061 5868 1083 6241
9780 3036 3102 3080 3247 3147 3313 3158 3302 3359 3091 3213
9781 3137 3134 3135 3133 3126
9782 1807 3482 6009 1083 6008
9783 4352 5579 7544 1083 6553
9784 6666 565 552 4785 1439 568 7012 6376 2973
9785 6294 6912 6901 1512 3885
9786 4741 6912 2838 4740 6857
9787 2715 6636 6912 5751 3461
9788 8058 5234 2299 2678 8050 5394 4233
9789 7086 2678 5979 3473 6196 250 2683 3488
9790 2678 2086 3709 5442 4838
9791 5579 2678 5487 6008 2261
9792 173 3139 3080 3138 756
9793 8150 2678 8151 8154 1424
9794 1218 3667 4487 1726 4751
9795 6641 5379 6201 466 5450 5700 4264 7853 4628
9796 8153 6641 6420 4330 7714 1316
9797 6641 3301 4155 3707 1245
9798 6641 3231 3161 8181 5577
9799 2981 6641 310 1642 1195
9800 1795 6641 5403 1245 1505
9801 6691 1809 3817 5990 4505
9802 4178 477 464 8073 4505
9803 3140 3141 1966 17 1209 3143 3144 2372 3142
9804 5111 6273 7362 2683 5873 4505
9805 1184 5403 6379 1273 1294 4505
9806 1528 8149 2982 1195 6376
9807 5222 6823 3944 7650 6376
9808 6986 4756 6344 6376 1386
9809 7126 5403 1569 6401 7781 1452 4299 6376
9810 5895 1619 3352 755 6293
9811 6384 1746 6385 2428 755
9812 7127 1472 2956 505 588 1600 6406
9813 7127 2901 3067 6422 6434
9814 3149 1389 3146 1521 3150 3148 3145 608
9815 4551 7127 4371 8048 7084
9816 5360 4516 4986 4972 5033 4967 2548 3453 4671 4709 5765 8144
9817 4516 4132 4148 2749 4756 5054 1742 4968 4966
9818 4965 5350 4516 4661 4728
9819 5360 4516 4972 5033 5954
9820 1466 3894 1532 6509 6901
9821 1136 1532 1238 7565 2744
9822 4901 5403 1437 4621 1399 1473 3495
9823 7063 5403 6995 7470 2428 1745 3060
9824 1795 5403 5895 1557 4085 3352
9825 1389 222 532 3151 1857 2936
9826 1795 5219 5403 3975 6582
9827 1795 5403 3351 5983 1504
9828 5403 6992 3292 6433 5443 6434
9829 1787 1785 5403 4537 6693
9830 2772 147 2682 6926 6296
9831 310 6666 3298 2970 7323
9832 5171 6375 3817 3629 1473
9833 1787 1785 1804 3817 1399
9834 7792 7803 3817 7713 1409 1272
9835 4305 224 293 236 1333 5376 7004 5072 238
9836 1389 1295 3155 3152 2203 1225 3153 3156 3154
9837 5545 4375 224 7109 5298 301 7431
9838 2679 2243 224 236 5979 301 1790 238
9839 4312 224 236 2577 6012
9840 5532 224 477 3207 3292
9841 4359 2086 224 471 301
9842 224 301 446 4144 5544
9843 241 231 235 224 236 301 243 238
9844 224 236 301 243 238
9845 3490 7881 3187 6448 6110
9846 3161 3505 4555 3187 5873
9847 1389 1335 3157 3159 3160 1848
9848 5485 311 3188 46 2538
9849 2368 2909 708 7230 2910 2911 4016
9850 3149 1457 7550 2368 7230 1808
9851 4006 4328 553 6935 5122
9852 4328 3667 3944 7316 6200
9853 4476 2230 4328 3915 3256
9854 4328 4723 1241 6940 3489
9855 1372 5895 1166 3352 5730
9856 3208 5486 4312 7796 5882
9857 3937 3146 6250 5569 5571
9858 1624 1389 2987 4570 1882
9859 1807 1820 3156 3881 6200
9860 4006 3178 3181 1861 5396
9861 2715 288 3178 1221 6210
9862 2981 2935 582 4474 1195
9863 7625 3181 3120 7229 4022 4629 1288
9864 3181 5397 6183 3819 1327
9865 4712 4859 3347 5793 6537 5503
9866 4859 5793 5365 3623 7534
9867 4859 5793 7288 4719 4642
9868 1756 4859 5793 153 6345
9869 1624 1389 3162 3161 3164 3163 2262 3165
9870 3964 6664 5361 3968 4859 4667 3621 4507
9871 6783 1244 5397 3819 2204
9872 3170 3378 8138 4871 3371 1244 2937 1766
9873 1004 4741 1818 1244 4740 1221
9874 5095 5049 5028 4680 4668 5888
9875 7999 4986 1867 4680 4668
9876 4965 4661 3843 5054 4644 4640 7436 4668 5053 4671 4753 5034
9877 1866 5048 4680 4668 4676 4709
9878 8169 4110 4680 4668 5053
9879 1266 4374 4668 4764 3962
9880 1389 586 2242 296 649 515 1217
9881 7999 4986 2548 5122 4668
9882 4131 6187 4680 4668 5052
9883 584 1397 5343 7481 7479
9884 4751 6696 7481 7479 7338
9885 1812 1251 6844 7481 7479
9886 2229 5453 5035 6414 4145 5208 5575 6790 7481
9887 6804 1494 7533 4112 3878
9888 6336 2190 5399 1188 4348 7552
9889 6336 1295 5006 5856 6309
9890 6336 1397 1557 1274 4210 6293
9891 3036 3280 3225 3058 3114 3258 3269 3158 3236 3169 2969 3381
9892 257 1389 3166 655 689
9893 5486 4487 6919 3220 7466 6110 6870
9894 3220 2942 6988 6883 5124
9895 3965 7958 5043 3241 7072
9896 767 2829 3241 7865 6485 5374
9897 1441 5584 4601 3241 1600
9898 5333 3241 5005 7466 5118
9899 8094 8102 3241 6712 454
9900 7078 442 6509 3245 1327
9901 2739 5026 3911 1327 1386
9902 4126 1722 3015 694 1327
9903 3170 1389 467 295 480 3168 3167
9904 6667 4421 7828 1745 1327
9905 4019 7962 4156 5917 6871
9906 4019 8169 1473 8171 7880
9907 4019 1308 1746 2428 1745
9908 4019 6294 4546 8159 5409 1412
9909 3667 4487 5461 6939 7796
9910 3929 1368 5893 3667 7075 7110 6409 1410
9911 4495 5215 4487 2594 6857
9912 6321 4533 6917 7467 6904
9913 3303 5171 1840 6340 6904
9914 1389 3173 7781 3172 3171 1870
9915 3369 7108 1782 7467 1328
9916 567 1526 2576 6321 3300 6582 1272
9917 1167 3845 6321 1890 8135
9918 6420 212 2156 6917 1288 1328
9919 4602 3347 6870 7198 4734
9920 2956 2190 7813 3292 6870
9921 3006 7168 7170 7171 2732 3854 6870
9922 1754 1560 6422 8129 4299
9923 2203 3350 1524 7768 8129
9924 7540 4131 1862 1700 5495 6742
9925 1624 1389 1574 467 1617 1648 1618 1631
9926 1862 4374 4645 4972 4967 4676
9927 1862 1411 7531 3231 3884 1809 4963 5733
9928 1862 1374 6972 3161 3862
9929 1741 7628 5976 7528 5637
9930 7417 2954 5976 6975 5977
9931 552 5093 5976 2156 5917 472
9932 1523 6493 7769 3486 6522 3489
9933 4397 7111 1523 6400 1745 1272
9934 1583 1805 5965 1584 4677 4404 1523
9935 4337 6867 7361 8177 5240
9936 1624 1815 1389 467 552 1611 3175 3174
9937 7867 2243 7803 7713 4973 7702
9938 2901 1538 1397 7792 1866 1501 4621 4671 7702
9939 3985 1701 7792 7803 6901 471 7713 6791 7702
9940 4546 1329 2953 1811 5888 1219 7702 6857
9941 149 7792 7803 4394 2576 7702
9942 7803 7713 6675 7702 4016
9943 1786 7792 7803 5982 7713 7702
9944 7792 7803 2772 2298 8026 7713 7702
9945 5408 3942 7792 7713 7702
9946 3297 7792 1746 7803 2428 5409 7713 1328
9947 1624 1389 3178 8114 3177 3176 755
9948 6294 1800 7792 1437 5589 7713
9949 289 1411 7803 6983 1463 7713
9950 4331 7792 7803 6901 5397 7713
9951 2619 7024 1458 2966 1371
9952 1821 1642 1178 243 506
9953 6335 741 1821 6175 8158
9954 565 3868 1076 568 4890
9955 1633 3201 2956 3212 6012
9956 6599 2299 1863 3173 3172
9957 5185 4886 4972 3005 7829 8144
9958 1624 1389 3182 467 3179 3181 1595 551 3183
9959 508 539 477 7068 7877
9960 289 611 241 610 539 235 477 5097 480
9961 539 477 478 6582 1652
9962 3170 4279 3521 5153 539 478
9963 539 477 478 3233 4864 4865
9964 6662 7240 6582 1272 4519
9965 5343 6601 1617 4662 1618
9966 2715 5404 1857 5890 981
9967 4408 1818 6694 3168 699
9968 4652 8160 5220 5051 5921 3168 5071 8162 7811
9969 1624 1389 1347 467 1648 1616
9970 1878 3843 1857 4196 5112
9971 4510 1857 2355 3012 1748
9972 3149 8186 8184 1505 7936
9973 4712 5702 8160 462 7694 1288
9974 149 3242 7339 8160 4170 8164 8162 1412
9975 6874 1809 4990 357 1161
9976 2998 1166 2999 1568 5244 1906
9977 2998 1166 2999 1568 5822 5244
9978 7326 7600 7476 4491 7325 7259
9979 5857 1911 5006 2965 2701 4628
9980 1389 1815 467 1087 1089
9981 2901 3351 7792 1245 7803
9982 1805 3297 2901 3150 4571
9983 3038 5185 2901 1368 3150 6940
9984 5219 496 5846 5982 6971
9985 5219 6773 3015 2995 5822 1473 1748 7431
9986 2679 3493 1467 2686 554 7013
9987 3038 6487 7227 5518 7027
9988 7954 4837 6298 4888 1333
9989 5965 4837 6645 1416 574
9990 6590 7090 1438 6694 2150
9991 3186 1389 3184 688 1509 2707 3192 3193 3189 3188 3190 3187 3185 1676
9992 6456 3610 3578 8216 7876
9993 1902 3610 3838 2691 4012
9994 3610 7587 1332 1333 7688
9995 3610 8122 6710 7594 2135
9996 6820 7081 7477 7887 2247
9997 606 3613 3116 7081 1416 3672 5571
9998 2742 3894 2743 3259 2657 7081 1861 6855
9999 3528 7679 7081 5011 6110
10000 6567 6782 7081 2233 7955 4630
10001 7044 6820 5494 7081 5493 5459
10002 314 348 337 292 303 325
10003 3036 3324 3247 3125 3136 3258
10004 1389 1688 3194 3195 708 1589
10005 8159 1710 147 6582 5701
10006 1461 3923 147 2575 2694
10007 4399 147 6999 6612 5966
10008 7124 147 2238 2239 7229 4502
10009 3522 6195 3886 5443 277
10010 5408 7252 1430 6516 5443 5733 5011 2261 7869
10011 2724 5408 6516 4506 5443
10012 7538 7056 4333 3478 3840
10013 2595 4479 3848 7880 2915
10014 1764 5593 4918 3376 2829 2718 7828 3975
10015 2981 1389 586 467 1195 655 1666
10016 5218 6477 3376 5543 1817
10017 1743 6274 3477 6839 7431
10018 1466 3521 7706 7735 6508 6839
10019 3484 3482 3529 1467 2439 2686 3485 6493 7769 3486 7865 4746
10020 1295 3482 6941 1288 6993 3998 6340 7027
10021 3482 6384 4555 6385 3150 1415 6940
10022 2243 5399 6933 6187 4165
10023 3320 3851 3013 1362 1251
10024 1376 6581 3375 3373 6671 3374
10025 2998 6666 496 2999 5846 7475 4303 5244 6400 6701 3878
10026 1389 1193 1575 3197 1347 3196 622 1326 2975 1090 2976 1160 1616
10027 3484 4408 3485 6493 7769 6400 3632 4237
10028 4546 5582 1504 3616 1288
10029 5752 6992 1054 7229 6433 6434 1288
10030 1741 5716 1195 287 4177 4898 3443 2710 4184
10031 5434 4126 4155 3707 4184
10032 6911 349 6127 1349 5981 7364
10033 476 1369 5011 3276 6774 3278
10034 476 8047 293 3913 1556
10035 6576 6199 6594 1790 5112
10036 6576 1785 6599 3898 7314 3897 7253
10037 1340 1895 1389 3198 1208 1674 3199 2556
10038 6576 1467 2686 4392 6009 6008
10039 6576 5234 7813 3205 7198 7829
10040 4965 3924 3709 6309 6531
10041 6127 1667 5856 6309 5643
10042 3493 7486 554 4881 6507
10043 4845 5682 1462 241 7486 7712 7544 6573 8051 6545 5993
10044 7326 7476 2957 5121 5985 7325 7259
10045 5965 3496 6874 2269 3517 694
10046 3886 6874 2269 4990 2268 6219
10047 6874 1640 5023 2607 2606 2609 2862
10048 1389 3200 3201 1826 3203 3204 3205 549
10049 8186 5185 8184 4986 5122
10050 4913 2084 1787 8184 5265 3238 5099
10051 4194 582 8185 8216 5404
10052 3993 8185 5486 3061 708 7917
10053 8185 3838 4210 2271 6340
10054 5033 4752 4507 4731 1373
10055 3971 1442 3910 7021 1373
10056 4534 2733 4881 3163 3471
10057 7351 4534 5852 8175 3632
10058 4741 4534 3884 4742 3885
10059 1389 3077 3206 2708 298 508 1283 3208 1380 2850 3207 1445 522
10060 1787 1785 605 7813 1820 1861 557 3478 7198
10061 462 3195 1820 622 3232
10062 7999 4374 5054 5103 4708
10063 4741 4374 4740 4742 3049
10064 4374 5054 4640 6488 4641
10065 7540 4374 6004 3420 5766 7427
10066 5375 6001 1326 8119 6485
10067 3508 6636 7783 2818 8119 2812 7048
10068 2828 2815 6637 8119 3512
10069 3827 4195 6408 6520 6653
10070 1389 3214 3209 3210 1783 3211 3212
10071 1768 3989 1530 4563 1386
10072 5616 1764 5986 3989 5984 5543
10073 7132 1866 3989 2252 7539
10074 6419 6928 1767 3989 1513
10075 6514 6419 3989 5246 5245
10076 1376 3617 2137 1996 6244
10077 6938 4828 4829 7321 7579
10078 6451 6619 52 6620 4300 4898
10079 1800 3930 6451 5409 4210 8171 3395
10080 6721 4510 6172 1429 2258
10081 1389 3215 467 2135 469
10082 7063 1810 6773 1910 1455 6183 3117 7297
10083 8121 6852 7096 2757 7297
10084 6682 2965 5866 7012 5956
10085 5866 7921 7248 6861 990
10086 4270 3193 5866 4182 3393
10087 2767 1056 1723 1759 978 6982
10088 7724 4178 6184 7286 4174
10089 3297 7724 6537 557 1841
10090 1295 1465 1369 7724 2686 3970
10091 6489 7724 7077 6715 5751 6920
10092 8128 1389 1902 467 1631 2656 1859
10093 4596 1458 2506 3207 6183
10094 7825 2506 4663 3207 4170
10095 1643 4332 3207 4124 7829
10096 1508 7063 4415 2506 3207
10097 2775 2506 3207 7062 7639
10098 1491 2506 1490 3207 5569 5571
10099 1417 3052 2506 3196 4955 3207 4956 3966 3233 2151 1751
10100 6250 4394 4881 1494 6507 7603
10101 1324 3297 1746 4394 7475 2428 4303 1512 1745
10102 1471 7157 4315 3212 4174 1424
10103 1624 3216 1389 3218 1879 291 3217 1631
10104 1787 6957 4497 3212 1298
10105 1295 1491 1507 1490 5922 3490 1905 5404 5569 4812 4582 3212
10106 1441 8161 6780 6990 3212 4174
10107 509 6956 567 3212 3060 1802
10108 3916 4596 1458 1437 1493
10109 3277 1524 1437 1501 4053 6468
10110 4786 4550 3204 1185 1437
10111 6655 3844 5088 1480 3477 5207 7157 2693
10112 4831 6656 6655 2997 7157
10113 1750 6655 6545 2997 7157
10114 3202 3036 3247 3125 3136 3313 3269 3359
10115 1624 1218 1389 3219 3221 3220
10116 7090 6655 6665 7157 3864
10117 3493 3231 1804 1473 557 6379 1079 7323 1294
10118 1787 1785 1809 5745 7323
10119 7625 3120 7477 4022 7323
10120 5582 7735 555 6963 7427
10121 3369 7735 6943 557 1533
10122 6294 5894 4741 5006 3350 4740 4742 7746
10123 1395 8161 3277 1442 5890 3154
10124 1395 4618 1438 6901 1512 5589 4576 905
10125 1395 8152 3643 8149 5890 3060
10126 1624 217 1389 2752 2917 3222 3223
10127 565 3375 3373 3374 8165
10128 3252 507 5404 2952 8110 7318
10129 4743 5013 4645 4968 5239 4676 4749 3416 1720 2952
10130 5593 5579 5798 7363 5011 3276 3278 5206
10131 6523 5011 3276 6774 3278
10132 5922 6606 552 3389 304 46 6582 2538 990 4015 506
10133 3215 4130 3951 2052 5028 5033 4680 4968
10134 5453 5035 6414 6709 5575 4968 7059 6374 2544
10135 3902 4392 1726 2988 4018
10136 2841 3898 4392 6545 3064
10137 1779 1389 3228 1087 489 1089 297 3226 299 3227 1155 2706
10138 5235 7160 7415 2970 4348 6905
10139 5478 7629 1442 7160 7622
10140 8159 3930 7836 7160 1272
10141 7160 4304 5121 6292 7603
10142 1800 5093 5096 7880 1410
10143 1508 7999 5411 4899 5076
10144 2775 5364 7163 3908 5384
10145 5412 2679 3898 2680 6933 6505
10146 50 1493 686 3862 1651
10147 5481 3161 8215 6319 1178
10148 216 1389 1576 212 2238 1638 2239 3229 1345 3230
10149 8150 462 8151 8154 3819
10150 1441 5216 462 3908 7858 2247 5487 1152
10151 5168 2052 4645 5043 4751 8144
10152 5095 5049 2890 4661 4966 4751
10153 2052 8020 4111 4751 7785
10154 4489 7044 6820 1809 554 1339
10155 3522 5153 1854 5404 4972 6196
10156 1854 350 1905 4740 4742
10157 1854 3729 4871 3661 1813
10158 2352 5795 8216 5981 1907 7768 3935 5864 6185 2353
10159 1753 1389 1347 3231 3233 1399 3234 3232 1079
10160 5061 5868 3935 5864 4333
10161 5593 1700 5798 5256 3935 5864
10162 6414 4501 4494 7746 3430
10163 6643 1554 5699 4024 2150 5005
10164 8153 5593 5497 3300 1272
10165 2361 2909 2910 2911 6876 2133
10166 4400 6305 6306 2732 2133
10167 7084 2298 6997 6110 7338
10168 5056 4971 7436 4966 1720 7338
10169 6950 626 3497 7248 6861 4564
10170 1389 467 3235 1336 3199
10171 2238 2239 7248 6861 5290 2253
10172 5481 6534 5981 3006 7317 1529
10173 3630 1829 2070 6522 5374 6389
10174 1254 3630 1024 1724 1284
10175 3918 3630 3347 526 3346
10176 6294 3910 6508 3465 6554 6964
10177 3937 3298 3930 1560 1251 2252 6520 1388
10178 3937 5889 6995 1911 4871 2838 1106 5589 4576
10179 3937 4330 6004 3841 1388
10180 3937 2705 1746 2428 2682
10181 1819 1389 288 3237 3238
10182 1360 7746 7433 2716 4616
10183 7011 5584 6588 7746 5439
10184 7105 7106 7326 7355 7586 5121 7259
10185 1508 6462 5682 6195 6527 1586 7074 7835
10186 2802 5685 6301 5456 6303
10187 2994 8124 464 708 5685 4315
10188 2776 1467 4900 7082 4515 2839
10189 1765 2935 6199 2298 2839
10190 4848 3064 3433 6659 3957
10191 7652 6744 3957 4497 4199
10192 1389 3242 1483 3243 3239 3240 8120 3241
10193 3218 4009 2764 3217 2710
10194 5434 4312 7176 5701 4344
10195 3898 3519 6598 2076 3897
10196 6983 5455 3519 5981 5733
10197 3170 5965 5497 7077 2439 6594
10198 3170 618 4824 5473 277 698
10199 3928 3375 3373 6671 3374
10200 3928 1998 1997 1871 5977
10201 7836 3928 7109 1178 1408
10202 6511 1698 6199 2230 8125
10203 1389 461 3245 1286 3244 3246
10204 6532 1698 2954 3884 464
10205 283 3195 2982 622 285
10206 7489 283 2965 7471 622
10207 5795 283 3389 480 6107
10208 4327 283 622 4196 3319
10209 3641 283 622 2937 4211
10210 6718 3613 4786 5638 7044 6820 5494 3628 5993 5321 5493
10211 3613 3116 2850 6573 287
10212 286 5494 6919 2271 5493 3488
10213 234 7361 480 251 300 569 3488 6219
10214 1389 2249 1674 3199 3249 3248 8131
10215 4310 6978 3423 3488 1424
10216 1619 1142 1782 3462 3979
10217 3298 1788 3884 1782 1473
10218 1261 5702 3396 5582 3006 5207
10219 3006 3008 3013 1210 3319 7721
10220 290 6401 5822 3006 287
10221 6600 6544 5394 3622 3296 1289 7869
10222 2722 1902 1289 1079 6510
10223 5720 4762 7768 4763 3462
10224 264 8161 8182 584 583
10225 3036 3047 3348 3180 3269
10226 1624 1389 3252 1807 3250 3251 467 2224
10227 8182 5582 4196 7229 1221 5564
10228 1491 209 3848 211 6454
10229 4830 1617 1494 1399 1618
10230 1367 1471 2352 3884 6971
10231 1367 1491 1471 1490 6393 4170 5569 6394 5571
10232 767 2070 4106 6301 6303
10233 4106 5297 7887 6485 4233
10234 5478 6489 4106 5790 5831 6484
10235 4106 3485 6493 3450 6478
10236 4106 6433 5870 7566 7917
10237 1389 3116 1396 990 1629
10238 6482 4106 5238 5377 4862 1817
10239 1464 2679 4106 3267 8125 3065
10240 7621 4106 3172 3450 6990 3065
10241 555 5822 7416 7769 6406 3065 1817
10242 5966 6859 4285 3065 1817
10243 4131 6773 3231 7075 3065 1817
10244 5095 6250 1078 3965 1884 7472
10245 1078 1530 6675 8135 1890
10246 1366 7339 4170 626 3244
10247 1371 1507 1504 5802 1806 4601 3244
10248 2181 1624 1389 1628 1856
10249 5805 6699 572 4601 3244
10250 212 3505 3259 2366 1408
10251 5895 5495 4560 3352 1634 5362
10252 4741 5495 5888 2005 3462
10253 7813 5495 2763 471 7530 6529
10254 4985 7637 4756 2055 5042 5053 4760 8113 5030
10255 5095 4985 5185 2890 4986
10256 1565 4985 4661 4594 6906
10257 4985 4132 5033 4966 5055 8144
10258 4965 4985 5028 4728 4644
10259 1389 586 3254 2837 3253
10260 1266 1265 5465 5034 4507
10261 4674 5013 5033 4966 5053 3962 4753 5034 8144
10262 5360 4133 3962 7829 5044
10263 5350 4674 5013 4972 8068 3962
10264 5350 4743 5048 5033 4723 4952 3962 5055
10265 4675 2890 4986 5033 4967 4728 4644 4680 7436 3962
10266 5095 5049 5954 2842 4680 4676 5053 5030
10267 4674 5013 2052 5053 7050 7027
10268 4674 5013 4971 5979 5053 5037
10269 5049 4130 4676 3453 5053
10270 1389 1778 3255 1849 9 3256
10271 5453 5035 6414 5575 5053
10272 2739 6978 6265 6862 7000
10273 6642 2739 6365 5518 6994
10274 149 3510 442 3505 3008 1859
10275 7503 3505 6901 6694 5321 6520
10276 6585 618 1643 3120 3249 284 620
10277 285 284 3319 3999 1666
10278 4127 6849 285 284 4885
10279 622 285 4838 230 250
10280 289 298 1096 287 6924
10281 1624 1389 1628 1295 3259 3257 1399 689 1615 1666
10282 7562 3918 1136 298 1096 2744
10283 298 6573 1096 4210 3395
10284 1385 3301 2850 1317 5120 3998
10285 4618 3710 3707 5023 7306 5864
10286 685 3627 2083 7254 2217
10287 1367 1324 1366 1371 1507
10288 3297 3351 1307 2428 4571
10289 496 1744 6418 1307 1746 5846 2428 495 1432 1745 1500
10290 7105 7106 6691 7475 4303 6292 1952
10291 6295 3297 3910 6691 7803
10292 1624 1389 3260 1204 708
10293 6741 1443 6691 6541 4571 5094
10294 6168 2705 6691 4902 5107 3819
10295 1174 1247 1116 1187 905 1152
10296 1167 1132 917 968 1162 905 1517
10297 1727 905 938 1759 7198
10298 1524 1571 4576 1318 2204
10299 1524 1494 2443 3217 6905
10300 496 5846 1524 1571 495
10301 3221 1187 4839 413 6964
10302 1016 968 1187 1011 1053
10303 1389 1909 467 3226 3110 3261
10304 2084 6204 524 3975 7947 5454
10305 6875 6204 7146 3451 3453 6712
10306 4132 2052 6005 6204 4746
10307 4311 7133 6971 3372 8165
10308 2946 3483 475 3012 3662 1586 6905
10309 6667 5321 6905 2273 4123
10310 3484 4408 3218 4848 6493 7769 3217
10311 5784 1700 4848 5993 4107
10312 2084 1299 3396 5220 6784 645 5716 7781 4419 588 3859
10313 8153 2722 3930 7836 2246 2189 5409
10314 1624 1389 288 3262 3240 1494
10315 5616 3930 1998 1997 1871
10316 4537 1585 1409 1801 1802
10317 3929 4576 4671 1220 6520
10318 496 3111 5846 1426 495
10319 496 2838 4918 5846 495 6716 5547
10320 496 5846 495 6408 6653
10321 3064 495 5107 4294 4921
10322 2998 5950 496 1411 2999 3884 5846 6503 5244 588
10323 5986 496 5846 616 7301
10324 4560 567 5846 4563 1634
10325 1389 8299 467 3263 3248
10326 7737 6312 3661 5044 3223
10327 86 4620 3661 320 4211
10328 566 5822 7340 3661 7947 6742 6857
10329 4583 4813 6184 516 3661
10330 1564 4565 4871 4888 3661 5577
10331 4812 4582 3661 3445 1484
10332 1411 5215 552 1439 2156 6110
10333 1526 1195 1512 3913 6675
10334 1889 6503 5822 3433 3818
10335 1998 1997 1871 4952 5227
10336 3036 3280 3236 3191 3337
10337 1624 1389 395 2115 468
10338 2890 5954 5288 4952 5227 454
10339 8152 8149 4163 5527 6990 3819
10340 6643 4955 4956 3966 5699 3819
10341 3242 3826 6950 3844 8158
10342 1538 2948 8158 1474 3672 3881
10343 6113 8158 4864 4863 4865
10344 2705 4560 1634 3393 978
10345 5895 4560 50 6935 1415 3121 1634 5902
10346 7287 302 1274 2260 306
10347 7105 7106 8159 6901 4839
10348 544 3266 311 3264 278 1790 3267 3265
10349 8159 3929 4145 1526 568 3457 4839
10350 4131 4517 1596 3966 4779 3497
10351 1564 3833 2743 2657 3902
10352 6294 3929 3221 464 6915
10353 6294 7105 7106 7476 5121 6292 5871 7603
10354 3985 6978 3883 2717 7872 4812 7428
10355 2488 1725 3443 1758 1747
10356 3347 526 3346 2252 8135
10357 7063 1741 1743 3231 1504 3449 6857
10358 1754 4594 1345 5052 1410 6964
10359 1578 278 46 266 3268
10360 3449 4839 1152 2915 1410
10361 4594 4631 1345 1386 1410
10362 4546 6420 1526 7969 6616
10363 5682 1526 6963 2689 7527
10364 7757 7146 1526 3163 2915
10365 3297 7108 5794 6541 5589 4571 5094
10366 3297 1266 4953 4963 4498
10367 3963 1742 2081 4420 5454
10368 1805 6385 5082 3963 1776
10369 3150 3963 1742 6940 4053
10370 3272 3271 1472 3270 649 278 1474
10371 2998 3254 2999 5244 5569
10372 3254 2913 477 511 7869
10373 3834 5852 3148 6998 5569
10374 3506 4578 7858 5890 1419
10375 3833 2742 6600 2743 2657 228 456
10376 579 3833 2743 2657 1274 1412
10377 1672 3833 4400 2675 228 456
10378 899 1060 954 953 924
10379 3272 2476 1358 52 1572 8000
10380 1569 2472 7164 4112 2478
10381 522 3273 278 46 2538
10382 4546 2705 7475 4303 7969 6520
10383 5922 7129 7075 6520 6876
10384 7503 149 1411 1906 6520 2268
10385 7153 7101 6773 7919 6520
10386 2767 5754 1316 2252 7880 7603 1298
10387 1812 1316 1996 1298 4729
10388 6420 6606 1316 7363 1298
10389 4546 3205 6924 574 6438
10390 4741 3507 4740 4742 4329
10391 5478 2312 1867 6945 1571 1318
10392 2484 589 234 274 287 278 307 221 46 232
10393 1785 6599 2774 4333 218
10394 605 5399 4742 6529 7650
10395 4741 3954 5399 305 3955
10396 3303 2705 6995 3895 8171 6653
10397 1575 6331 2966 1377 5496
10398 7562 149 4406 5476 5514
10399 149 3149 1756 5593 5220
10400 4415 4416 7652 4206 1752 6371 4177 3478 5528
10401 490 4356 1840 6856 3478
10402 3444 3455 4334 3478 6188 3309
10403 2765 6324 522 480 278 2834 3274
10404 1411 4589 3884 5981 1867 3885
10405 6741 6545 3433 1748 6742
10406 7565 1515 7969 3433 3992
10407 1795 6610 2838 5215 4621 3433
10408 6886 2946 7351 3054 1513 5822 4174 4630 2760
10409 5365 3623 5822 4011 6979
10410 3054 5822 6537 3895 7770
10411 4196 6481 5888 2766 1859
10412 7565 5488 2740 6311 5888
10413 7063 2679 1807 2954 1473 1758
10414 227 545 8014 278 46
10415 2679 2680 2269 3517 2268
10416 2679 7544 2680 554 1085 572 7885 7472
10417 2679 6462 5579 2776 2680 6924 2076
10418 2679 1369 2680 6694 4821
10419 227 4615 5473 275 620
10420 4131 7757 6477 1910 1455 6487
10421 4589 7757 5697 1455 6860
10422 7057 5794 5712 3708 6301 6303 8136
10423 4518 6586 1432 2138 6012
10424 4178 6717 4518 6650 5487 5232
10425 582 222 276 304 278 307 221 232 506
10426 4518 2772 3473 3841 1859
10427 6404 6773 3457 6998 4539
10428 1491 4327 1490 2995 4539
10429 7503 4127 6127 1667 4483 5588 4507
10430 1167 1052 3298 4122 3485 3486 6971 1759
10431 2257 5494 304 3172 7474
10432 4904 7563 2257 6298 304
10433 7086 3242 6589 5584 1600
10434 471 5584 3494 1600 4734
10435 6371 5584 6987 1600 5433
10436 278 307 284 242 244 282
10437 1261 1646 6586 2733 6012
10438 2152 1261 4713 2151 5577
10439 5499 1861 3512 5498 5396
10440 5912 2299 6878 7919 1861 6971 7198 5396
10441 7084 1861 3513 2085 5396
10442 6773 2245 3450 4329 5396
10443 4652 1442 6928 1907 8055 7811 8045
10444 465 3884 1505 1907 1572 3885
10445 1907 6196 494 2716 3878
10446 2352 7229 2489 1318 2353
10447 3036 3324 3247 3125 3258 3169
10448 2837 3277 3275 278 3276 3278
10449 1043 2352 1717 3809 2353
10450 2352 4206 4300 6920 4299
10451 4407 1464 2352 1540 2353
10452 1457 2152 5795 4899 1802
10453 5056 174 2982 1195 7768
10454 6528 5545 5171 1786 1788 5981
10455 4741 3204 2764 2777 6185 3223
10456 2953 8216 2691 707 4883
10457 505 512 8216 6595 6207 3445 3276 5786 3278
10458 1441 3164 6401 4888 4300 4299
10459 3271 1472 2912 3279 46 2538 266 3268 309
10460 1491 1490 6401 1506 4329 5571
10461 1491 6401 5569 4329 5571
10462 945 1006 1147 1178 1010
10463 5889 6665 4348 7431 1529
10464 1508 7284 5810 7600 3108 7670 5121 5917 2696 7431 7325
10465 6619 6620 557 7488 7431
10466 1491 509 4137 5097 4686 1742 1345 5476
10467 290 287 1345 229 230
10468 1443 1866 4594 5466 1345 6323
10469 2828 6637 3164 1345 1108
10470 3283 3282 3281 8172 266
10471 8153 3221 3820 8047 3884 52 1294
10472 3820 52 6531 1474 3423
10473 6528 3820 6887 6993 6701
10474 1643 1162 3061 6410 3440
10475 4672 5453 5893 6197 4697
10476 6996 5453 1368 1239 6374 3495
10477 4965 5453 6414 4728 5575 5043 6374 2726 3489
10478 2890 5453 3951 1998 4148
10479 5453 6962 6709 6998 6970
10480 5453 6414 6962 6197 4697 5208 5575 4835 4100
10481 3143 3284 2598 674 266
10482 5453 512 5893 4697 1304
10483 5453 4697 3965 5574 5208 4733 2726
10484 5453 5035 6414 6709 6197 4697 5208 5575 4739 6374
10485 5453 5893 6197 4697 6198
10486 5453 5035 6414 4697 4835
10487 5453 6414 5208 5575 4739 6374
10488 5035 6414 4697 5575 4739
10489 6414 5893 6197 4835 4733 2726
10490 6414 6709 6344 5208 5575 6742
10491 6414 6197 5575 6374 2726
10492 3614 3287 266 3285 3286
10493 6414 6709 5208 5575 2726
10494 1583 1584 4404 6414 1304
10495 6414 6709 6197 4697 4835
10496 6414 6709 4697 5575 4739
10497 2731 5983 4881 6507 4024
10498 5408 5983 6516 5716 3915
10499 1706 2733 5788 1708 1294 1695
10500 5702 7163 5384 1801 3495
10501 1583 1584 4404 4537 3879 4017 6312 1440 2694 3495
10502 1750 6588 2682 7828 3443 3495
10503 2206 3289 3288 3290 266 309
10504 1472 6652 6207 616 6322
10505 3252 1472 4175 6989 1474
10506 1472 1850 1416 4228 4197 6672 1851
10507 618 3271 6534 5716 4311 250 277
10508 7146 8169 8068 3844 4364
10509 2152 4899 7146 7884 2151 5487
10510 5400 3201 2966 6868 7146
10511 4672 3081 8020 4111 7785
10512 4672 4735 8080 5998 4678
10513 4672 4743 4986 2548 4752 4678 8113
10514 3293 227 3237 3292 266 2641
10515 4672 4955 4956 3966 4678
10516 4672 5048 3453 4709 4753
10517 4672 4645 4955 3966 4678
10518 526 5893 6197 6700 7162
10519 6886 5512 5893 6197 5088 7847
10520 526 3346 5893 3083 7671
10521 50 5893 6197 4697 4835 6198
10522 3252 7712 3838 3480 2766 6188
10523 3396 3729 7068 4887 6107
10524 7044 5494 1646 7076 5493 6107 5459
10525 3296 3295 3294 3268 266
10526 6489 767 6867 6928 1456 7131 4417 4746 6485
10527 3252 4588 6928 2829 5798 6999
10528 4901 6928 6652 6987 2937 4177 4898
10529 1785 4406 6928 6782 8034
10530 6528 2724 3924 6928 4024
10531 3038 1860 3369 1783 3424 6188 1859
10532 216 1496 1877 4885 2726
10533 216 6992 567 7650 5766
10534 216 7229 2146 230 5765 3165
10535 216 4099 622 4494 6876
10536 3303 1164 3298 3301 3297 2246 3299 1336 739 1220 3300 8135 266 1388
10537 6642 3884 1438 6975 5890
10538 208 6694 6410 6312 5587
10539 5400 208 6868 3707 3163
10540 6420 2956 208 1513 5072
10541 666 6199 3231 686 3060
10542 8048 7084 7670 3060 698
10543 3484 6528 6718 4406 3108 3485 6493 7769
10544 6528 3277 7586 1245 4304
10545 1017 6514 7105 7106 6528 1462 5810 6292
10546 4955 4956 3966 3497 4720
10547 1416 3304 674 3305 266
10548 5007 556 5699 3513 6798 7301
10549 5007 5478 6567 5579 5297 6616
10550 2775 5400 4175 6868 7075 4107 6196
10551 5965 6196 4839 1328 506
10552 7840 5591 3394 6301 5456 6303 6196 7923
10553 1369 4900 1317 6553 3388
10554 1367 4585 3049 7880 6554 3388
10555 7063 5400 6717 3203 4900
10556 5400 555 6868 7534 1529
10557 7534 4156 2252 1586 2694 6742
10558 3069 3202 3036 3047 3280
10559 2089 3306 357 3614 266
10560 3484 4408 3485 6493 7534 7769 2997 3486
10561 1413 1299 6534 1726 4630
10562 3638 3668 1299 465 2850 2760
10563 4415 1299 6477 5851 300
10564 1295 2742 5895 2743 2657 3352 1221
10565 286 2742 1674 2657 6622 2843 3199 620
10566 2742 2743 491 4357 493
10567 3484 2057 1829 3485 2829 5503 3230 7462 7769 3486 6487
10568 2775 5486 3230 6210 4182
10569 1491 5784 1490 2712 5569 6937 5571
10570 3308 2511 266 3309 3307
10571 1417 1491 505 1490 5569
10572 6642 3149 1491 1490 4345 3108 5569 557 7671 4329
10573 1491 1490 4963 7075 5569 5571
10574 6959 1491 1490 6292 7325
10575 1491 606 5569 4701 5571
10576 2084 1491 5407 5569 7474 1851
10577 3484 3485 6493 5569 7769 7164 3486 5571
10578 1491 5569 5901 7568 5571
10579 5702 1818 5411 7075 5901 7478
10580 3522 3521 3201 5153 5716
10581 3308 3190 2538 309 266
10582 4560 1801 1877 1440 1865 1802
10583 4145 4589 4900 1801 3440
10584 2967 6992 2968 6433 1801 6434 1802
10585 516 4383 1910 4210 2135 5870 5256
10586 1866 3205 4210 3395 4504
10587 2913 6558 3416 319 5052
10588 3214 505 3483 3888 6558 6273 7362 2443
10589 1795 2763 4900 1260 6931
10590 1011 938 1057 1010 6013
10591 1313 938 1724 1010 1284
10592 3312 3310 266 3314 3311
10593 977 1119 938 1084 1759
10594 1099 1723 938 1724 1284
10595 923 1853 3042 1255 938 1724 412 1057 1010 1284
10596 1853 934 938 1015 979 1010
10597 1211 1016 1498 938 1057
10598 1023 1305 1024 938 1517 1057
10599 4415 4416 7652 977 938 939 5528
10600 4717 5784 6178 1501 7494
10601 6331 7088 3197 5496 3652
10602 6067 2299 2774 7361 2233 6987
10603 3315 3316 46 2538 266 309
10604 4178 3231 2830 1505 4228 4601 6659
10605 7086 3231 4963 1018 5998
10606 5889 6317 3231 1176 6311
10607 2981 2982 1195 5745 494
10608 2981 2967 4741 6643 4740 1195
10609 6567 6575 8047 5321 5637
10610 3484 8153 6611 5321 1318
10611 1787 5321 3913 4707 4861
10612 4178 6717 7621 5321 7865
10613 7470 7919 5321 6971 4329
10614 685 3317 3318 827 3319
10615 2802 5638 7044 5494 5321 1452 2085 699 5459
10616 4131 2935 6589 5218 3449 3443 6860
10617 7326 7476 7475 4303 5207 7325
10618 1466 5408 7475 4303 7548
10619 7327 7600 7475 4303 6292
10620 5810 4304 7475 6529 7603
10621 7105 7106 7475 4303 6292 7603 5542
10622 7600 7476 4303 6292 7325
10623 7105 7327 7106 7600 7476 4303
10624 1461 5965 4155 3707 6531 7164 6323 1493
10625 3317 271 2986 3320 1808 2353
10626 7088 6586 1432 250 6012
10627 2051 3396 7088 6586 6012
10628 7088 7625 5450 1755 4022 6012
10629 5593 5497 7088 2701 511
10630 3898 7813 477 1412 3897
10631 7163 3643 1475 2157 1412 3384 4720
10632 3266 6297 8055 2700 6340
10633 5752 3884 3885 3217 6340
10634 3964 7148 5784 508 7650
10635 1369 2731 6594 1790 5977
10636 2981 3317 3323 3322 3321
10637 3942 5051 7906 1528 1317
10638 3617 3894 4618 3431 1317
10639 5759 6992 1317 3939 6409
10640 1884 3234 3296 4011 5117
10641 508 7418 3116 2850 3296 5461
10642 2890 3453 5286 4709 7812
10643 6621 6623 6622 2258 7812
10644 2072 7840 3056 7450 7433
10645 3528 2701 5751 2700 3007
10646 6867 1442 3528 6945 7917 4182
10647 3317 2257 2243 304 3325
10648 6619 3528 2838 4330 6620 5072
10649 6533 6305 6306 4747 8035
10650 618 7645 300 3232 620 5072 7495 7579
10651 1467 2686 1706 7620 5851 5982 5745
10652 3522 3521 5153 4332 2134
10653 4913 2966 6044 1586 6554
10654 4194 3870 2966 5384 3009 2596
10655 3371 489 1838 1839 6856 491 4357 493
10656 3371 490 1840 3621 3394 6856 491 1841
10657 2913 5079 4838 1671 686
10658 3326 3317 8014 1786 6324 1788 311 3319 3327
10659 6718 1462 2743 5993 6293
10660 626 6594 2089 7685 7494
10661 1744 6418 6384 8169 5054
10662 5895 6384 3352 6385 3881 7955
10663 3493 554 3913 2591 2593
10664 5852 6744 3494 6582 2591
10665 4006 6843 6844 4333 3393
10666 4900 553 3163 572 574
10667 1672 4400 5998 6408 4779
10668 1672 466 5450 4400 4742 4779
10669 3036 3047 3225 3114 3147
10670 2539 662 129 3328 2814
10671 1812 6608 6804 2737 4838 7474 3327 2442
10672 3483 6589 6945 2443 6554
10673 1507 6773 2236 6945 6484 6481
10674 2999 5244 5790 6598 7604
10675 5616 2998 5739 6421 5026 5244
10676 667 2998 2790 2999 1439 5244 6408 4053 5072
10677 8058 2999 5244 6694 6706 2150 3012
10678 2998 2999 5244 1426 6322
10679 1583 1584 1417 1441 4404 6532 1507 1260 572 7947 6988 574 6964
10680 3053 7781 7115 4601 7947
10681 367 3330 3329 366 1323 368 2814
10682 5804 6699 1260 4601 6931 7947 2253
10683 6962 526 6352 7340 7947 6742
10684 7610 354 7697 3589 1783 4181 1421
10685 6640 6577 5061 5868 7321 557
10686 3487 6577 1539 4483 7528 3223
10687 7126 7712 6577 7488 6553
10688 1136 554 1339 2744 5298
10689 3493 6907 3204 554 2297
10690 3493 554 1358 1572 1790
10691 2998 3493 209 554 210
10692 3122 3331 187 2814 267
10693 5744 7284 1538 442 5790 3913
10694 2246 1786 1788 2838 968 7969 1463 3913 6791
10695 606 3493 6743 7670 7781 3450
10696 7252 6621 6623 6622 7835
10697 3151 6621 6623 5734 1328
10698 2967 4618 2968 2909 2910 2188
10699 2967 2968 2862 5439 2612
10700 2909 524 2910 2911 1868
10701 923 1805 4618 3042 2689
10702 2057 1457 3085 7148 6718 5712 5096 6188
10703 2627 3333 2632 3332 607
10704 2790 232 238 7869 5229
10705 5950 2790 6462 2296 6706
10706 4415 6820 4889 5493 4285
10707 4889 6135 5561 2937 6966
10708 6901 3375 3373 3374 6963 5765 2753
10709 1755 7317 1328 2716 7497
10710 490 3620 1840 1839 6856 1328 491 4357 493
10711 6886 526 1768 3346 4174 7478
10712 7252 3347 526 3346 2718
10713 4667 5294 1671 319 5084
10714 2635 2633 2628 2627 2630 74
10715 4721 5046 4648 4760 4838
10716 6575 4871 4397 4838 4753 4964
10717 7148 2913 1360 516 2070
10718 86 2236 2691 686 7433
10719 6586 1995 686 4883 6012
10720 5166 3418 5098 2710 4753 5209
10721 4289 6178 1442 1451 3443 6007 4182 4181
10722 2084 7148 1360 3627 2083 3443 2217
10723 4901 4175 4206 4177 1751 6946
10724 4901 767 7681 3460 6999 4177
10725 2635 2627 6080 74 607
10726 4901 4206 4177 1751 6946
10727 2982 1195 6791 7948 1629
10728 2230 5365 2982 1195 1884
10729 567 4300 1906 4898 4299 5765
10730 1741 5222 2238 2239 3944
10731 2907 287 7414 5555 4738
10732 2804 290 3628 5473 3064 287
10733 3457 6495 3469 2596 1859
10734 8161 3620 5297 3094 6485 4860
10735 8161 1185 708 7828 2833
10736 2633 2628 2627 2631 2630 2632 607
10737 1642 4615 1557 274 1302
10738 7101 2815 6855 6429 4616
10739 1295 6507 583 6971 1766 6529 2840 4616
10740 5919 5411 2830 3195 6013
10741 1112 1028 1052 85 1104 1054 1215
10742 1461 4395 2252 4294 4921
10743 3866 6782 3457 8171 1745 3469 6293
10744 1329 5744 1374 4582 3672 4294 4921
10745 5778 6172 555 6693 6553 4294 4921
10746 5098 1198 4181 4294 4921
10747 2635 2633 2627 2631 2630 6080
10748 233 240 7955 4294 4921
10749 275 4156 5096 4117 5117
10750 1253 2156 7059 5120 2544
10751 7105 7109 4421 6998 7472
10752 7105 7106 7586 5121 6292 7259
10753 7105 7106 7327 4583 7326 1748 7325
10754 7105 7106 6667 7075 4621 7671
10755 1787 7105 1785 7106 3845
10756 7105 7106 7326 7476 7586 5121 6292 1748 7325 7259
10757 7105 7327 7600 2355 7962 6292
10758 2634 6080 2632 3332 607
10759 7105 7106 7327 7476 5121 7325
10760 7105 7106 7326 7476 6292
10761 7105 7106 7327 6292 7259
10762 7105 7106 7327 7600 5871
10763 7105 7106 5121 6292 7325
10764 7105 7106 2948 5577 7259
10765 4602 7540 4129 47 509 611 5473 4311 517 5766
10766 1583 4404 7565 3454 4284 3471
10767 1461 4194 4178 4585 5107
10768 1560 3908 1755 1251 7497
10769 2628 2631 6080 2632 607
10770 3439 5289 4098 4498 587
10771 5041 4673 5222 4674 5013 5028 3164 5029 4640
10772 4673 7443 4132 4645 4953 2548 6871 5765 5232
10773 5360 4684 4743 4673 2890
10774 4684 4673 2890 4661 2548 4680
10775 8121 6996 8122 6850 6290 4333
10776 6718 4332 5486 5993 3446 7173 4883
10777 4737 7612 5056 4971 4678 5044
10778 5031 5033 7441 8144 5044
10779 1331 5895 3352 5078 4842
10780 3414 3459 3425 3448 3436 3470
10781 106 3338 3334 1227 2075
10782 2746 3473 5333 3415 3633
10783 5754 5488 2740 6937 6311
10784 2209 4677 5222 5784 4721
10785 5041 5222 5778 4110 5253 4745
10786 7101 6636 2828 6637 5499 5498
10787 2828 7621 7679 6497 3461
10788 2828 2815 6637 3512 5501
10789 3508 2697 4973 3533 2695
10790 3508 2815 5499 2816 5498
10791 3508 2815 1176 1726 8027
10792 2579 8213 1668 8120 5780
10793 3484 7011 6773 3389 2137 1505 2717 6588
10794 4840 3985 1515 4383 1505 572
10795 4131 1807 5401 5215 6943 5352
10796 5778 1754 4951 6573 2221 421
10797 4972 5033 4644 5030 5055 8144
10798 4743 5954 5288 5045 6442 5030
10799 6664 4104 3843 7944 5089
10800 4645 3843 4640 3453 4638 4749 4709
10801 2730 4122 5167 580 4211 2694 5457
10802 2730 5804 1507 5805 1849 6589 6193 2137 572 4228 4601 698
10803 1811 3340 3339 1021 5513 2931
10804 217 2767 1911 5532 856 6855 1188
10805 2243 4919 604 1432 3468
10806 477 2733 3456 1432 5124
10807 1866 3164 4972 4640 3944
10808 5253 3944 5032 3850 8144
10809 3898 1667 6127 6957 2146
10810 1185 1755 2682 7059 1322
10811 3894 6907 1494 6843 6844 3393 5107
10812 6420 1136 2722 4594 1513
10813 6532 1513 1399 1473 6323
10814 34 3339 5524 2938 3341
10815 1180 5804 1358 968 6699 6924 6931 3154 1517 574 7407
10816 4460 4458 4457 1786 1788
10817 7583 6996 4578 8122 5298 4238
10818 6067 6996 8122 8016 4509
10819 6996 8122 6850 4238 4237
10820 2084 6996 8122 6850 6852 4238
10821 5593 5497 8122 6290 4238
10822 3054 236 5456 240 616
10823 3509 4178 6503 5451 6638 616 8165
10824 3064 6531 5456 6303 616
10825 3339 2930 2929 2938 3341
10826 7327 7600 5121 5409 6292 1506 7568 7603
10827 7327 7326 7600 7586 7325 7259
10828 7327 7326 7600 7476 7586 4372 5871 981
10829 7327 7326 7600 7476 6292 5871 7259
10830 6489 7327 7600 6292 7603
10831 7327 7600 4155 3707 2995
10832 7326 7600 7476 7962 5871
10833 4407 7327 7600 4300 7601
10834 7327 7600 2355 7325 7603
10835 7600 5121 5985 6724 7568
10836 3028 162 962 321 3342 128 533 3106 121
10837 3628 2083 7611 5415 6561
10838 7738 7462 5415 6342 3998
10839 7024 6992 6556 6433 4346 5701
10840 5682 3108 7420 7670 6531 5094 5917
10841 4588 1726 6843 4370 6844 4237
10842 1755 6843 6844 3393 7497
10843 6567 3116 2850 7276 7869
10844 5784 1458 3116 2850 1884
10845 6381 6567 3116 2850 250 7198
10846 3116 7489 8020 446 7054
10847 89 1168 1167 1165 917 1060 78 121
10848 4816 211 210 6474 6438
10849 3118 8027 5798 1861 3854
10850 6279 1850 5105 3854 1851
10851 5532 8047 7317 7314 5514
10852 5965 1515 3233 3469 5112
10853 5638 7044 6820 5494 3233
10854 5752 8150 8154 619 7917 5105
10855 7625 4022 7495 3633 2693
10856 3509 7286 5414 5076 6988
10857 6067 6849 6662 4109 8091 8080 7111 3596 6661
10858 6335 3343 3344 3347 22 526 3346 3345
10859 6462 7620 1506 557 6906
10860 3085 4419 3895 6859 6906
10861 7818 7945 5578 7162 7791
10862 3583 6411 1725 1758 1747
10863 5593 6490 7622 6481 6485
10864 3484 1034 4408 5593 3485 510 3457 7769 511 4315
10865 1099 1119 4812 7170 7171 5106
10866 7625 3108 4899 3292 5946 4022
10867 524 4100 4582 517 3445 2217
10868 963 1116 1011 1139 1724
10869 3351 3162 3343 2848 3349 3350 3352
10870 7418 466 3088 6659 4350
10871 6352 5286 4678 3416 4350
10872 2890 4986 3083 5088 3061 4650 2696 5032 7721 4753
10873 6275 7092 3111 604 4973
10874 6608 5954 5046 2833 4731 5229
10875 7470 1902 5401 6477 6505 5229
10876 3053 1360 5512 4122 3389 3983
10877 4129 3389 517 1418 4200
10878 1324 5805 6699 4601 7407
10879 2804 2697 7983 617 7982 4890
10880 3343 3353 2590 356 3354
10881 7840 4306 7769 7062 4010
10882 2439 7071 7131 6371 3394
10883 7071 3476 6919 4888 5444 3394
10884 1839 3394 6410 6856 491 4357
10885 1839 3394 6856 491 1841 4357 493
10886 2802 1840 1839 7649 6856
10887 490 1840 1839 3394 6856
10888 490 4686 6352 4356 1839 8146 6856
10889 1839 3394 6856 491 493
10890 584 3228 489 299 583
10891 3525 3559 3514 3536 3570 3481 3492 847 3581 3547 3503
10892 3355 3357 3343 3356 24 3119
10893 299 1755 1840 1839 7649 3690 2253 7497
10894 490 4356 1840 1839 5745
10895 4675 4415 556 573 6667 7531
10896 5744 6643 489 4686 6012
10897 3228 463 489 490 4356 1840 491 4357
10898 1466 1324 3108 6409 3423
10899 3221 3954 3955 5751 1220
10900 5216 5289 4098 1745 5542
10901 3918 6279 5912 7078 1850 5542
10902 4353 1998 4354 5733 4053
10903 3358 3343 3360 3361 368 3286
10904 4171 4209 2860 2607 2606 2609
10905 235 526 5414 5982 5076 6207
10906 6295 2764 5798 3081 7887 6007 3007 6188
10907 5488 2740 6311 3081 7053
10908 6344 4124 6370 3081 1506
10909 2072 3081 7333 517 4134
10910 4945 5296 6007 5107 277
10911 6718 7442 5993 6007 6582
10912 1743 2257 2733 2711 3007 6857
10913 4022 6449 3007 7784 7478
10914 1143 1144 3362 3364 2930 3341 3363
10915 6867 7679 5798 6497 699
10916 6878 5798 7736 3533 6487
10917 7734 6715 8027 5798 7566 5751 3889
10918 7734 5798 3512 5751 6342
10919 5798 5017 6716 5547 6496
10920 2296 4707 7887 5322 7634
10921 1064 916 1717 1247 1188 918
10922 1043 1064 1042 1717 1048 7919 1188 4112 1759
10923 4209 1064 1065 1829 4419
10924 6911 4275 3529 4588 2072 1515 5755
10925 1143 702 775 500 2921
10926 5041 5185 5035 7619 3418 3875
10927 5035 5574 5208 4835 6198 2726
10928 7706 4815 4820 5098 4110 1867 3073
10929 7879 4130 5098 4110 1742
10930 1028 1711 1198 1202 1213
10931 6784 4417 6860 6522 5374
10932 6959 7126 4137 6784 293 5239 7662 8113 3416
10933 2998 2956 3668 4824 2999
10934 767 7629 3510 6478 4232 5492
10935 5790 2135 4992 1766 5492
10936 1143 1144 775 500 2921 1250
10937 4130 5361 2712 524 3471
10938 3084 251 6453 7362 2937 2089 4117 5456 7660 6304 5544
10939 4408 6489 6393 3485 6493 7462 7769 3171 2937 3486
10940 605 6619 7712 3709 6620 3472
10941 6489 8051 1339 3064 7004 1708
10942 4877 2083 3064 5111 7362 4165
10943 5682 6978 7792 7429 7803 7131
10944 5737 7084 6541 4571 7636
10945 4845 4371 7008 4372 7084 7670 5917
10946 4551 3924 4371 8048 4372 7084
10947 1143 1144 1029 776 500 2920
10948 8048 7084 7354 3061 1051
10949 1465 1467 2686 7803 4863 4865
10950 1462 7845 7621 7681 4483 3480 3171
10951 3375 3373 4483 6671 3374
10952 3729 2236 4163 4200 4164
10953 3228 463 7621 2216 1332
10954 7284 610 4276 4200 2151
10955 610 276 293 236 238
10956 4155 6868 4397 7649 3513
10957 5985 7062 7649 7568 7601
10958 1143 1144 3365 500 2920
10959 915 917 1253 1247 7076
10960 4615 7076 1951 7530 6529 7529
10961 2439 293 7076 6965 7860
10962 6656 1188 2997 7157 694
10963 8150 3182 5699 3616 1881
10964 4741 2257 4740 3476 4742 1604 3165
10965 4417 1604 6860 5374 2253
10966 3111 4399 6140 7738 7062 7662
10967 4399 3084 7364 2296 5297 6612 6496 4285 4123 491
10968 4337 7813 2439 4399 7416 5966
10969 384 501 1143 1144 3366
10970 6956 3439 7429 5289 4098
10971 7354 3061 8026 1188 1051 1122
10972 1810 1646 6860 5374 2253
10973 3484 4408 6718 1810 6782 3485 6493 7769 3486
10974 3484 1464 7629 6490 2946 3485 7769 7926
10975 4408 2946 7416 3486 6719
10976 1254 1099 1853 1723 1759
10977 1099 1723 934 1724 1057 1284
10978 4332 1776 6851 3922 7043
10979 7625 3120 2296 1188 4022 4630
10980 3369 3371 297 3367 1838 3368
10981 2767 5784 567 1460 4311 1426 1678
10982 1516 8150 8151 8154 3175 2700
10983 8150 8152 4687 8151 8154
10984 8150 8151 8154 8165 6077
10985 4129 5638 7044 1755 5459
10986 3729 5638 7044 6820 6983 6537 5733 7688
10987 3498 6537 1452 699 5107
10988 6741 4099 6614 4266 7497
10989 4131 7629 2749 7847 7497
10990 7106 7326 7476 2355 7325
10991 3272 3271 3270 2405 2476 2475 299 440 3367 1474 3372
10992 4279 6611 7090 7929 6665 7541
10993 4279 2772 6715 5751 3472
10994 4279 8058 3521 5153 3864
10995 3252 4175 511 6207 7495
10996 7090 5473 6804 4311 1418
10997 4602 7090 3578 7679 3100 6497
10998 8058 7284 3887 7090 3888 3245 7875
10999 3039 4900 572 574 6529
11000 5845 4900 5802 1260 574
11001 4178 2970 1473 7688 3165
11002 3603 3592 3481 3625 3614
11003 740 2472 3375 3373 440 3367 3374 2212
11004 3522 3521 5153 5093 5096 3467 2596 5454
11005 5093 2689 7568 7945 7603
11006 5434 4126 6992 7814 6433 6434 4629
11007 7814 5111 6433 6273 7362 6434
11008 2428 6963 1745 7427 5766
11009 4845 4588 5218 6963 5901 6999
11010 6962 3375 3373 6671 3374
11011 6642 3375 3373 6671 3374
11012 4684 3375 3373 6671 3374
11013 6250 3375 3373 3374 4300
11014 3272 2405 2472 2475 3376 440 3367
11015 2216 6671 3374 1842 5536
11016 3521 5153 7706 7530 5096 5765
11017 589 6962 6943 6639 7650 5765 2760
11018 2057 6901 1332 5493 1333 1529 6616
11019 5950 1998 5499 6901 1997 5498
11020 1998 6901 1997 1871 3423
11021 1829 6776 1332 6859 4864 4863 4865 6483
11022 3056 3172 7074 4864 4863
11023 3155 3156 2272 2273 4863 4865
11024 6959 5220 1416 2443 7835
11025 3378 484 3371 2934 3367 3368 3377 2819
11026 1464 6959 1466 6509 7429 4630
11027 7625 3120 6586 2406 620 250 6012
11028 288 6410 4884 1387 4883
11029 5784 4596 1458 4170 4311
11030 4129 4596 1458 475 588
11031 4337 7148 5098 973 7620 4133 7944
11032 1258 209 211 210 240
11033 1754 209 3413 211 1995
11034 1744 6418 209 211 210
11035 209 211 3061 4011 2688
11036 3272 2802 3271 2472 3379 3383 2475 3367 3380 2477 3382 3384
11037 6489 5234 7284 5742 6365 6178 6773 3627 1455 3533
11038 6489 767 2439 7679 5377 6497 3533
11039 3484 4408 6489 3485 2829 6493 7769
11040 2081 5493 7363 3616 5459
11041 8152 3616 5210 7198 3468
11042 2312 3510 6575 4828 4829 6042
11043 7645 8021 3416 6219 5560
11044 611 5638 7044 6820 5494 236 6219
11045 8016 4509 3473 5462 6219
11046 5234 767 6718 4406 3245
11047 3272 1569 3383 440 3367 3385 263 3384
11048 5235 4406 7415 2233 4017
11049 4406 7679 3394 7306 8131
11050 3484 4408 5013 5265 3485 6493 7769 4638
11051 1324 6699 6505 572 8073 7945
11052 6718 3929 5051 7922 7601
11053 1266 4495 4719 6312 2820
11054 2724 7714 7531 3884 6523
11055 3439 5289 4098 6161 4211
11056 5845 5289 4098 7079 3165
11057 5289 4098 1454 1453 6742
11058 1569 3367 2477 1084 3384
11059 3242 6161 6481 1334 5297 4123
11060 5029 3084 3413 5239 4143
11061 2086 3084 7983 7988 3072 7982 4890
11062 5638 3084 4754 6554 3878
11063 8153 5171 6941 3884 4299
11064 5434 4126 3347 5407 7876 7671
11065 4717 4652 4124 1334 6971 7811 6926
11066 4345 6743 5689 3322 6926
11067 7470 6667 5499 6477 7818 7425 2549 4285
11068 4416 241 7008 235 1646 7439
11069 3386 3344 3367 3187 3384
11070 4208 7563 5353 446 4752 443 444
11071 1466 4130 2712 6509 7429 622
11072 6514 8048 7093 1951 7485
11073 7610 354 7697 3589 1951
11074 5779 4817 4816 4820 4819 5753 7756 5771
11075 4815 4816 5753 7756 5771
11076 4815 4817 4816 5753 7756
11077 1441 6381 2152 5394 6193 2151 4839
11078 1441 2691 2247 6742 4738
11079 3484 7470 6773 7845 5297 6860 6522 3278
11080 2405 3387 3379 3367 2477
11081 6514 4305 2233 5901 4630
11082 4741 4740 4723 4742 7682 3446 4876 4388
11083 4375 4740 3452 4742 3444
11084 3218 4741 4594 4740 3217 7892
11085 4407 1065 5377 5990 6478 7198
11086 3061 7758 7492 4734 7924
11087 7625 512 3120 7594 2406
11088 5752 7836 5845 7079 2701
11089 5682 7621 8024 5560 7869
11090 1998 6275 5735 1997 1871 3393
11091 3389 440 3367 3273 3388
11092 4717 5111 6273 7362 431 7541 1484 4232
11093 3149 4717 2299 4306 3100 7000
11094 7284 611 6575 2982 5790
11095 1830 458 6522 7198 5374
11096 5912 1829 5499 7737 5498 1066
11097 7287 4111 4620 4746 2244 7785
11098 5350 4663 4709 5055 8144
11099 5185 6610 4972 7288 8144
11100 1998 4955 4956 3966 1997 1871
11101 2775 4955 4956 3966 2594 1424
11102 3387 311 3379 3367 3380 46 309
11103 4955 4956 3967 3966 3976
11104 2595 6992 1746 7229 7917 6434 4629
11105 7077 3485 6493 7769 4112
11106 3521 5153 6978 3089 6496
11107 3521 5153 5322 3472 7601
11108 3522 3521 5153 5450 7853 4628
11109 3149 3522 3521 5153 5020
11110 3522 3521 5153 3260 395 231
11111 605 6275 7288 4719 7650
11112 3638 4845 5285 7148 4551
11113 1336 1447 1225 891 1002 780 1114
11114 359 370 381 392 292
11115 3658 3647 1425 3636 3670
11116 3270 2405 3387 3367 3380 3390
11117 4135 508 3056 4299 2551
11118 4312 7176 1910 2717 2718 1455 8045
11119 2057 6867 7621 6545 5377
11120 8058 6867 5488 2740 7053
11121 2776 2774 6924 3171 6008
11122 6567 4327 3208 7115 1842
11123 6702 2152 6375 6342 2596
11124 1466 6509 7429 5215 4300 4299
11125 4604 1460 1454 1453 8165 4733
11126 4604 8164 1460 8162 4146
11127 2994 3271 3181 3226 3391 8114 3367 3394 3395 3393
11128 1746 2428 1460 7093 4300 1745 4299 2973
11129 5095 5350 5965 2051 1266 6184 3453 5354
11130 4830 1765 7563 7442 2272
11131 5185 1765 3079 4133 4753 7785
11132 6636 2815 1726 5501 7796
11133 7734 154 5111 6497 6273
11134 4674 5013 7612 5954 4752
11135 4674 5013 4728 3453 4709
11136 5778 5031 7787 4674 5013 5054 4676 5043 5252 7829
11137 4684 4674 4721 6005 5098
11138 2994 3272 3396 3383 3367 3384
11139 4674 5013 4972 5033 4966
11140 4615 2135 2970 3922 4629
11141 6642 1583 5965 1584 5744 6462 7286 1454
11142 3596 6661 7670 5917 6876 4197
11143 767 4135 7077 7840 7910 8080 4861 6612 6719
11144 767 7840 2439 5297 494 4329
11145 3898 7544 5851 2076 3897
11146 7101 7783 2816 7566 6429
11147 6067 3218 1902 2150 3217
11148 3218 1339 5451 3217 6616
11149 3272 2475 3367 2477 2478
11150 1787 1785 5375 6001 7111 236 1456 4197
11151 4407 4281 6619 6482 6620
11152 4407 5742 7078 7030 2838 4299 5433
11153 4407 1700 1557 5917 4630 5327
11154 6381 509 3968 293 3394
11155 7181 2982 1742 6410 3440
11156 7856 5778 1742 5239 1265
11157 5473 7104 106 478 472
11158 7565 7670 5917 5984 4232
11159 5985 6999 7568 5917 6871
11160 3387 2476 2472 3367 3380
11161 3394 6481 1334 7115 7541
11162 7044 5494 5493 5462 8045
11163 4615 275 5493 6495 4285
11164 5638 7044 5494 6924 5493
11165 7024 5638 7044 5494 5493
11166 7044 6820 471 5493 5230 5459
11167 5638 6820 5494 5493 5459
11168 5638 7044 6820 5494 5493
11169 7044 6820 5494 5493 5459
11170 5638 7044 6820 5494 5493
11171 2742 519 2743 2657 3367
11172 5638 7044 6820 5494 5493 5459
11173 7681 2233 5993 1453 3171 5210
11174 5638 6820 8050 5494 5635
11175 3887 4175 3888 5638 7044 6820 5494 5459
11176 5638 7044 6820 5494 5394 6545
11177 395 5638 7044 6820 5494
11178 5638 6820 5494 3056 5459
11179 1111 6370 3841 1759 2973
11180 4404 7442 5496 7187 3851
11181 6783 1397 2189 6975 1386
11182 3397 631 185 3399 3400 3398
11183 1358 3061 1572 5112 277
11184 1786 1788 5246 7835 7301
11185 1254 1253 1023 939 1010
11186 1853 1018 1119 934 1010
11187 1254 1723 1255 1057 1010
11188 412 970 1057 1010 6013
11189 1112 1254 1023 918 1071
11190 1013 1028 1121 1023 1252
11191 86 1717 516 918 939
11192 1723 1724 939 6013 1284
11193 3404 3401 185 3402 2795 430 2567 2032
11194 2328 3053 5512 7489 3413
11195 3053 5512 1304 3859 7110
11196 7710 7658 8102 4835 5039 4983
11197 4171 3067 2607 4276 2606 2609 2608
11198 4171 2607 2606 2608 2862 3223
11199 1640 2607 2606 2609 2862
11200 4171 1640 2606 2609 2608
11201 4171 2607 2609 2608 2862
11202 8058 3245 6608 4646 4885 7000
11203 4130 6978 465 2151 5099
11204 3405 537 185 124 2825
11205 7619 3150 6940 1251 2258
11206 4132 4756 5954 2548 4133 1265 2258
11207 7476 6541 6272 7325 6701
11208 3600 2994 4098 3841 542
11209 566 3175 6478 5518 6994
11210 1507 1566 572 1452 151
11211 5682 241 235 5712 6639 6929
11212 7489 2548 5239 6929 5037 5089
11213 4615 274 275 5112 6046
11214 6161 1332 1333 7865 6483
11215 3410 3407 3408 3409 3406
11216 2057 4337 4416 7769 7865
11217 1464 4408 7769 5376 7865
11218 4171 5499 6952 5498 2611
11219 1700 2071 6887 7738 699 6483
11220 4353 1540 6887 6598 2076
11221 4322 5220 4713 6866 583 1334 2085 7982
11222 3085 5168 6671 4648 7530
11223 7181 1530 7093 7451 4228
11224 7024 7565 1850 4283 1851
11225 4743 5249 5288 5227 4983
11226 3692 3681 3703 3725 3714
11227 6336 3411 705 151 3406
11228 4965 4744 5048 4683 5046 5052 4642 5109
11229 4966 5207 5043 5032 4642
11230 5805 5802 2576 2157 4601
11231 5466 5697 3446 4719 320 4507
11232 5737 2772 251 4754 981
11233 3347 2772 6715 5751 619
11234 4417 6860 6522 5374 6389
11235 4417 6860 6522 5374 6389
11236 6885 7661 4862 6389 5799
11237 6595 5786 6990 6389 698
11238 3418 3413 3417 3416 3412 3406 3415
11239 7681 1334 6522 5374 6389
11240 2994 5686 3487 567 4311
11241 4677 1426 3417 4283 4876 4753
11242 2052 5029 8102 4142 4753
11243 5041 7436 5042 6789 5690
11244 6718 7351 1528 5993 3171
11245 5235 7415 5407 3596 4634
11246 3303 6918 5051 2689 7552
11247 5051 4254 5985 7568 7259
11248 1466 1754 6509 588 6964
11249 662 3419 122 992 3625 637
11250 6419 5682 3510 5712 6639
11251 2439 8169 6479 3533 7389
11252 6741 1744 6418 6671 7631
11253 4965 6741 605 2712 6857
11254 2890 8170 4986 4728 5054
11255 2890 4721 4986 8102 5039
11256 4645 4986 2548 3453 4709
11257 4130 1266 2712 7637 4756 1265
11258 4130 4132 2712 7436 4708
11259 7698 1910 1338 2829 7683 6866 7462 1455 3094 3533 6860
11260 945 771 156 78 995 992 540 674
11261 1723 1024 1724 2695 1122 7316 1284
11262 6231 229 230 6723 4233
11263 5474 4155 6785 7561 6301 5456 6303 2273
11264 4131 1442 4589 5298 7096
11265 5742 5545 7030 8050 6598 4861
11266 2890 4663 4680 4966 8102 4678 2268
11267 5185 2890 5046 4752 4708
11268 2890 2052 4756 2548 4644
11269 7787 4744 4645 2749 2842 4749
11270 4495 5166 4645 4713 4679
11271 1013 899 155 945 1007 976 944 156 992 938 970 84
11272 5986 3054 1998 1997 3073 1871
11273 516 7884 7594 511 918
11274 4965 5778 4132 7612 4708
11275 2994 5442 3009 4165 4190
11276 6846 6410 3440 232 3999
11277 2152 6207 1474 4017 1813
11278 7418 7612 3453 4709 1420 5052 698
11279 2724 3954 4107 3955 3672
11280 8153 1465 1467 3954 2686 3955
11281 4345 5737 1530 6993 1952
11282 1034 77 1001 773 771 992 498
11283 5545 4345 6556 6531 6840 7050 6496
11284 6531 3073 7654 7688 4277
11285 5478 6497 6612 699 4916 6720 6719 6605 3065
11286 917 1727 1305 1498 1759 978
11287 6717 1902 3108 6422 458
11288 1462 6001 3087 4382 5088 7365 6808
11289 5466 3238 620 6554 5052
11290 7471 7648 2298 4890 1851
11291 5434 7317 6210 4499 455
11292 3638 5361 5098 7637 4756
11293 1567 953 929 79 992 960
11294 2426 289 241 231 290 293
11295 231 8016 7489 105 970
11296 8152 231 234 517 242
11297 6301 5456 6303 2845 3458
11298 4322 7645 446 2085 4144
11299 4206 8073 7945 1751 6859
11300 4353 4354 4155 944 970
11301 7658 2090 6231 4749 3440
11302 308 933 702 775 1151 1029
11303 7115 2089 3306 2551 449
11304 1211 1016 1135 927 1031 77 85 920 945 87 79 992 1015 84
11305 8016 6850 4312 7652 105 6853 5528
11306 923 899 1053 1015 1066
11307 922 1211 653 899 1048 934 1057
11308 6978 7983 2245 6301 7982 6303 4890
11309 3089 2550 7983 7982 4890
11310 2804 974 975 8075 7834
11311 2240 7867 1701 2241 1260 6931
11312 1005 1018 944 412 970
11313 4675 5954 4967 8102 5288 4638
11314 2740 6311 4388 1708 7053
11315 85 998 993 924 1007 771 995 992
11316 8177 7875 6484 7363 7636
11317 1723 1724 412 1122 1057
11318 1853 977 1024 1101 1122
11319 1049 1005 1711 918 1759
11320 7771 5375 6001 6556 7910 7306
11321 6301 5456 6303 4500 4499
11322 6301 5456 7548 6303 1313
11323 6301 5456 7474 6303 7541 3515
11324 1508 4663 7365 7662 5096 5052 7253
11325 3484 1508 4408 3485 6493 7769 7306 3486
11326 999 949 77 1001 954 963 157 924 1026 83 156 995 992 540 702 674 982
11327 3108 5851 1423 3708 3517
11328 5350 4495 4728 4644 4638
11329 5954 7436 5288 4638 446 5227
11330 5906 2240 1701 2241 7845
11331 7610 5744 354 7697 3589 7604
11332 3260 6606 4953 3449 4507
11333 6783 2722 605 5098 6370 7579
11334 4408 6493 7622 3486 3094
11335 3303 6918 7884 6679 2689 5179
11336 2269 3517 4299 2268 4917
11337 8145 3736 3747 892 15
11338 921 919 992 1009 498
11339 7077 7364 5111 7362 6494
11340 7840 2550 7988 7362 4861
11341 6490 3485 6493 7769 3486
11342 4408 6490 3485 6493 7769 3094 3533
11343 5350 5361 4687 7548 7441
11344 4635 4637 1453 2737 6920
11345 4744 5100 5954 2842 5288
11346 4683 4655 5353 4635 6442 454
11347 4845 5529 6567 3083 2716
11348 5166 4650 3043 7785 6789
11349 963 157 155 983 2125 90 1026 995 992 540 702 674 775 1151 996 964 1029 498
11350 8186 8080 7430 4678 454
11351 4417 458 6860 6522 5374 2253
11352 6399 2082 7029 604 4748 4745 4946
11353 2439 4305 4306 2550 6497 699 4860 4266
11354 2072 6743 1332 1333 2085
11355 5377 5503 7738 7462 3171
11356 7284 7077 4706 6493 3486
11357 5907 4819 5753 7149 5771
11358 4408 6611 5235 7929 7415 6860 3472
11359 1700 5235 2439 474 7306
11360 949 155 771 83 156 995 992 540 674 996
11361 1700 7078 1910 6481 1455 6522 5374 4285
11362 1332 1333 6860 6522 5374
11363 2086 5712 5097 3087 7652 3056 4142
11364 7681 7131 6486 243 5966
11365 395 4748 4745 4946 4729
11366 6841 7987 7988 6273 6827
11367 7612 2216 5239 446 4764
11368 2240 4831 1701 6283 2241
11369 4831 1701 6283 7906 6954
11370 5235 6001 7415 3596 6661
11371 962 80 155 83 156 87 995 992
11372 3484 4408 7415 3485 6493 7769
11373 4371 4372 5098 5985 7568
11374 2439 5238 3094 6485 5374
11375 8028 2439 7633 4389 8044
11376 8147 2439 5375 6486 1296 6860
11377 2299 7416 2085 6612 6719
11378 7418 5020 4686 6821 672
11379 7842 5237 6679 3460 7877
11380 1296 4635 4637 7306 5376
11381 3484 4408 7679 3485 6493 7769 6497 3486 699
11382 77 155 156 992 3420
11383 7840 2550 7983 7770 4266
11384 3484 4408 6718 7077 7738 7462 3094 4285
11385 5168 6718 3079 4663 5084
11386 3484 6718 3485 6493 7769 3486
11387 4148 6352 8146 4500 4499
11388 5028 4972 5033 3453 3417 4709
11389 4687 2842 4111 5543 4876
11390 3056 7738 7462 5946 4285
11391 4408 5478 3485 6493 7769 6716
11392 3484 4408 7621 3486 7474 6716 5547
11393 1030 77 962 954 1012 929 1007 983 771 1020 1026 156 995 308 992 702 674 1151 996 964
11394 2052 4748 4745 4946 4679
11395 4754 5045 6442 5032 5084
11396 4815 4817 4820 4819 5771
11397 4815 4817 4816 4818 7149
11398 1853 1723 1724 1015 1284
11399 6284 6283 7906 6954 7588
11400 7326 7586 5985 7568 7325 7259
11401 1998 4972 4680 1997 1871
11402 6664 4104 7416 6612 6719
11403 3484 3924 3485 7769 3486
11404 156 995 992 674 3421 996
11405 3484 4408 3485 7769 3486
11406 4408 3485 6493 7769 3486
11407 3484 4408 6493 7769 3486
11408 3484 4408 3485 6493 7769 3486
11409 3484 3485 6493 7769 3486
11410 3484 3485 6493 7769 3486
11411 3484 4408 3485 6493 7769
11412 3484 4408 3485 6493 7769 3486
11413 4408 3485 6493 7769 3486
11414 3484 4408 3485 6493 7769 3486
11415 3422 77 156 995 992 3424 3423
11416 3484 3485 6493 7769 3486
11417 3484 4408 3485 6493 7769 3486
11418 4408 3485 6493 7769 3486
11419 4408 3485 6493 7769 3486
11420 4271 5256 4749 4701 672
11421 3484 4408 3485 7170 7171
11422 3225 3102 3080 3247 3114
11423 5036 5069 5058 5091 5102
11424 5036 5058 5069 5136 5213 5191 5247
11425 5036 5069 5091 5236 5169
11426 3426 156 87 995 992
11427 5080 5036 5058 5091 5125 5114 5136 5213
11428 5036 5058 5069 5091 5102 5125
11429 5036 5058 5091 5125 5136 5213 5191 5247
11430 5036 5058 5069 5136 5191
11431 5036 5058 5091 5125 5136 5213
11432 5036 5069 5058 5102 5125 5180 5213 5225
11433 5036 5069 5058 5091 5136 5269 5213 5191
11434 5036 5058 5069 5091 5125 5180 5213 5225
11435 5036 5136 5202 5169 5180 5191
11436 5036 5125 5136 5202 5169 5180 5191
11437 3070 3429 3428 3427 433
11438 5036 5091 5102 5125 5136 5213
11439 5036 5102 5114 5202 5236 5225 5191
11440 5036 5058 5091 5125 5136 5213 5191 5247
11441 3544 5269 3549 3543 3213 3560 3545 3552
11442 3549 3546 3543 3550 3551 3370 3213 3555 3556 3554 3552
11443 3544 3549 3546 3562 3561 3555 3556 3554 3545 3552
11444 5269 3549 3546 3555 3556 3554 3545 3552
11445 3553 3544 3549 3546 3543 3550 3551 3370 3213 3555 3556 3554 3552
11446 3544 5269 3549 3546 3562 3561 3555 3556 3554 3545 3552
11447 3544 5269 3549 3546 3562 3561 3555 3556 3554 3545 3552
11448 3803 3769 3792 3781 3758
11449 3431 3160 3427 1251 3430 3185
11450 3544 3549 3546 3562 3561 3555 3556 3554 3545 3552
11451 3544 5269 3549 3557 3546 3543 3550 3562 3555 3560 3545 3552
11452 3544 5269 3549 3557 3546 3543 3550 3562 3555 3560 3545 3552
11453 3544 5269 3549 3557 3543 3550 3562 3545 3552
11454 3544 5269 3549 3557 3546 3543 3562 3552
11455 3544 5269 3549 3557 3546 3543 3550 3555 3560 3545 3552
11456 3544 5269 3549 3557 3546 3543 3550 3562
11457 5269 3549 3557 3543 3213 3560 3545 3552
11458 5269 3549 3557 3543 3213 3560 3545 3552
11459 7789 293 6639 7430 240
11460 217 310 3433 8155 3432
11461 3392 3202 3324 3102 3136 3180 3269 3091 3014 3169 2969
11462 3202 3225 3247 3114 3025 3269
11463 3202 3225 3114 3147 3236 3381
11464 3546 3543 3550 3562 3555 3560 3545
11465 3392 3225 3269 3158 3236
11466 3392 3136 3180 3269 3236 3091
11467 3392 3225 3136 3180 3091
11468 3348 3191 3563 3564 3555
11469 3348 3191 3563 3564 3555
11470 3348 3302 3565 3563 3564
11471 3435 3434 3439 3438 3437 8155 2267 3440 1586
11472 3348 3191 3563 3564 3555
11473 3348 3191 3563 3564 3555
11474 3348 3191 3563 3564 3555
11475 3348 3302 3191 3563 3564
11476 3147 3348 3302 3565 3191 3563 3555
11477 3147 3348 3302 3565 3191 3563 3564 3555
11478 3147 3348 3191 3563 3564 3555
11479 3302 3091 3014 3169 3381
11480 4663 8176 7645 4143 7877 8111
11481 7326 7476 7586 5871 7259
11482 916 3442 3454 3451 2576 3452 3456 3457 3444 3453 3446 3449 3455 8155 3450 3443 3445 3441
11483 5047 5080 5136 5213 5191 5247
11484 3169 2969 3213 3191 3381
11485 3543 3550 3551 3370 3213 3555 3556 3554 3552
11486 3546 3543 3550 3551 3370 3213 3555 3556 3554 3552
11487 3550 3551 3370 3213 3556 3554
11488 3546 3543 3550 3551 3370 3213 3555 3556 3554 3552
11489 5114 5202 5236 5225 5191
11490 5114 5202 5236 5225 5191
11491 5114 5202 5236 5225 5191
11492 5114 5202 5236 5225 5191
11493 3460 8155 3461 766 3458 3415
11494 5114 5202 5236 5225 5191
11495 5114 5202 5236 5225 5191
11496 5114 5202 5236 5225 5191
11497 5114 5202 5236 5225 5191
11498 5114 5202 5236 5225 5191
11499 5114 5202 5236 5225 5191
11500 5114 5202 5236 5225 5191
11501 5114 5136 5202 5169 5180 5191
11502 5114 5202 5236 5225 5191
11503 5114 5202 5236 5225 5191
11504 1244 3399 511 3400 8155 3398 3462 1154
11505 5091 5125 5114 5180 5213 5225
11506 5114 5202 5236 5225 5191
11507 5114 5202 5236 5225 5191
11508 5125 5114 5202 5236 5225 5191
11509 5114 5202 5236 5225 5191
11510 5102 5114 5202 5236 5225 5191
11511 5114 5202 5236 5225 5191
11512 5114 5202 5236 5225 5191
11513 5102 5125 5202 5169 5180
11514 5091 5102 5125 5136 5269 5213 5191 5247
11515 3464 1153 3465 1857 3463 2433 8155 2005 1269
11516 5102 5125 5136 5213 5191 5247
11517 5102 5125 5136 5213 5191
11518 5102 5125 5180 5213 5225
11519 3324 3091 3014 3169 3370 3191
11520 3324 3313 3091 3014 3169
11521 3313 3169 3191 3403 3381
11522 3553 3370 3542 3556 3545
11523 3553 3370 3542 3556 3545
11524 3557 3543 3370 3542 3556
11525 5058 5069 5091 5125 5136 5269 5213 5191
11526 8155 3467 3473 3466 3472 3469 3468 3471
11527 5069 5058 5091 5236 5191
11528 5058 5069 5091 5125 5136 5213
11529 5069 5058 5091 5125 5180 5213 5225
11530 5136 5202 5169 5180 5191
11531 5136 5202 5169 5180 5191
11532 5136 5202 5169 5180 5191
11533 5136 5202 5169 5180 5191
11534 5136 5202 5169 5180 5191
11535 5136 5202 5169 5180 5191
11536 5136 5202 5169 5180 5213 5191 5247
11537 3474 1562 3475 8155 3473 3443
11538 3180 3269 3158 3236 3381
11539 5136 5269 5213 5191 5247
11540 5125 5136 5213 5191 5247
11541 5269 3557 3543 3213 3560 3545 3552
11542 5269 3557 3543 3213 3560 3545 3552
11543 5269 3557 3543 3213 3560
11544 3543 3213 3560 3545 3552
11545 3543 3213 3560 3545 3552
11546 3543 3213 3560 3545 3552
11547 3543 3213 3560 3545 3552
11548 1236 1824 3476 3477 8155
11549 3543 3213 3560 3545 3552
11550 3555 3556 3560 3545 3552
11551 3555 3556 3560 3545 3552
11552 3555 3556 3560 3545 3552
11553 3555 3556 3554 3545 3552
11554 3561 3555 3556 3554 3545 3552
11555 5091 5125 5180 5213 5225
11556 5091 5125 5180 5213 5225
11557 3814 3847 3858 3825 3836 3758
11558 3479 2369 3480 8155 2695 3478
11559 3484 3214 3487 3482 3483 302 3485 8155 3486
11560 606 3490 8155 3488 3489
11561 3493 554 3491 664 8155 3494
11562 3498 3369 2955 3496 8155 3497 8157 3495
11563 3508 3504 2720 3499 3506 3509 3507 3505 3259 1740 3500 3502 3501 1090 1806 1865 2706 1410
11564 3511 3499 3510 1557 3513 3512 3515
11565 3499 7858 3516 3517 2268
11566 3522 3521 3499 3519 3518 3520 3488
11567 3499 3292 1654 3524 3523
11568 2470 3869 3903 3892 3880
11569 3499 3526 977 943 944
11570 3499 2724 3529 420 3528 3527
11571 3434 3530 1164 3326 3499
11572 3499 3493 2774 604 3217
11573 3499 3531 2697 3532 1571 2695
11574 3484 3499 3235 3485 3533 2710
11575 3434 3499 3534 2873 5402
11576 3499 3275 3535 3537 3538
11577 6047 3539 3541 3544 5269 3540 3546 3543 3370 3542 3545
11578 3539 3548 3553 3544 3549 3546 3543 3550 3551 3370 3213 3555 3556 3554 3552
11579 3914 1581 3936 3947 3925
11580 3539 3541 3544 5269 3540 3546 3543 3370 3542 3556 3545
11581 3539 3548 3553 3544 3549 3546 3543 3550 3551 3370 3213 3555 3556 3554 3552
11582 3539 3541 3544 5269 3540 3546 3543
11583 3539 3541 3544 5269 3540 3543 3370 3542 3556 3545
11584 6047 3539 3548 3553 3544 3549 3546 3543 3550 3551 3370 3213
11585 3539 3548 3541 3544 5269 3540 3546 3543
11586 3539 3548 3541 5269 3557 3543 3554 3560
11587 3539 3548 3541 5269 3557 3543 3560 3545
11588 3539 3548 3553 3544 3549 3546 3543 3551 3370 3213 3555 3556 3554 3552
11589 3539 3541 3544 5269 3540 3546 3543
11590 4003 3969 3991 3980 3958
11591 3539 3541 3544 5269 3540 3546
11592 3539 3541 3544 3540 3543
11593 3539 3541 3544 5269 3540 3546 3543 3370 3542 3556
11594 3539 3541 3544 5269 3540 3546 3543
11595 6047 3539 3548 3553 3561 3554 3560 3552
11596 3539 3548 3553 3544 3549 3546 3543 3550 3551 3370 3213 3555 3556 3554 3552
11597 6047 3539 3548 3553 3544 3549 3546 3543 3550 3551 3370 3213 3555 3556 3554 3552
11598 3539 3548 3541 5269 3549 3543 3556 3554 3552
11599 3539 3541 3544 5269 3546 3543
11600 3539 3541 3544 5269 3540 3546 3543 3370 3542 3556 3545
11601 4036 4025 2891 4014 3002
11602 3539 3544 5269 3546 3543
11603 3539 3548 3553 3544 3549 3546 3543 3550 3551 3370 3213 3555 3556 3554 3552
11604 3539 3548 3553 3544 3549 3546 3543 3550 3551 3370 3213 3555 3556 3554 3552
11605 3539 3553 3544 3549 3546 3543 3550 3551 3370 3213 3555 3556 3552
11606 6047 3539 3541 5269 3213 3545 3552
11607 3539 3548 3553 3544 3549 3546
11608 3539 3541 3544 5269 3540 3546 3543 3370 3556 3545
11609 3539 3548 3553 3544 3549 3546 3543 3551 3370 3213 3555 3556 3554 3552
11610 3539 3541 3544 5269 3540 3546 3543 3370 3542
11611 3539 3541 3544 5269 3540 3546 3543
11612 4036 4047 2780 4058 4069
11613 3539 3541 3544 3540 3546 3543 3370 3542 3556 3545
11614 3539 3541 3544 5269 3540 3546 3543
11615 3539 3548 3541 5269 3549 3540 3546 3562 3555 3556 3554 3545 3552
11616 3539 3548 3553 3544 3549 3546 3543 3550 3551 3370 3555 3556 3554 3552
11617 3539 3548 5269 3549 3557 3543 3213 3560 3545 3552
11618 3539 3548 3553 3544 3549 3546 3543 3551 3370 3213 3555 3556 3554 3552
11619 3539 3548 3553 3544 3549 3546 3543 3550 3551 3213 3555 3556 3554 3552
11620 3539 3541 3544 5269 3370 3542 3556 3545
11621 3539 3548 3553 3544 3549 3546 3543 3550 3551 3370 3213 3555 3556 3554 3552
11622 6047 3539 3541 3544 3540 3543
11623 459 403 414 425 92 436 448
11624 4102 4091 4080 4114 1170
11625 3539 3548 3541 3544 5269 3549 3557 3546 3543 3550 3562 3555 3560 3545 3552
11626 3539 3548 3544 5269 3549 3557 3543 3550 3562 3555 3560 3545 3552
11627 3539 3548 3541 3544 5269 3549 3557 3546 3543 3550 3562 3555 3560 3552
11628 3539 3548 3544 5269 3549 3557 3546 3543 3550 3562
11629 6047 3539 3548 3553 3544 3549 3546 3370 3213 3555 3556 3554 3552
11630 3539 3548 3544 5269 3549
11631 3539 3548 3553 3544 3546 3543 3551 3370 3213 3555 3556 3554 3552
11632 3539 3544 5269 3549 3557 3546 3543 3550 3562 3555 3560 3545 3552
11633 3539 3544 5269 3549 3557 3546 3543 3550 3562 3555 3560 3545 3552
11634 3539 3548 3544 5269 3549 3557 3546 3543 3550 3562 3555 3560 3552
11635 8212 4147 4125 4136 4558 4158
11636 6047 3539 3548 3544 5269 3549 3557 3546 3543 3550 3562 3555 3560 3545 3552
11637 3539 3541 5269 3549 3557 3543 3560 3545 3552
11638 3348 3539 3302 3565 3563 3564
11639 3147 3348 3539 3302 3565
11640 3147 3348 3539 3302 3565
11641 3539 3302 3565 3191 3563 3564 3555
11642 3348 3539 3302 3565 3191
11643 3348 3539 3565 3191 3563 3564
11644 3147 3348 3539 3302 3565 3191 3563 3564 3555
11645 3147 3348 3539 3302 3565
11646 4202 4180 4125 4169 4191
11647 3548 3553 3541 3544 3549
11648 3548 3553 3541 3544 3549 3557 3540 3543 3550 3551 3554 3545
11649 3548 3540 3543 3370 3542
11650 3548 3541 5269 3549 3557
11651 3548 3553 3541 3544 3549 3557 3540 3543 3550 3551 3554 3545
11652 3548 3553 3541 3544 3549
11653 6047 3548 3553 3541 3544 3549 3557 3540 3543 3550 3551 3554 3545
11654 3548 3553 3541 3544 3549 3557 3540 3543 3550 3551 3556 3554
11655 3548 3553 3541 3544 3549 3557 3540 3543 3550 3551 3554 3545
11656 3548 3553 3541 3544 3549 3557 3543 3550 3551 3554 3545
11657 4258 4225 4247 4213 4236
11658 3548 3553 3541 3544 3549 3557 3540 3543 3550 3551 3554 3545
11659 3548 3553 3541 3544 3549 3557 3540 3543 3550 3551 3554 3545
11660 3548 3553 3541 3544 3557 3540 3543 3550 3551 3554 3545
11661 3548 3553 3541 3544 3549 3557 3540 3543 3551 3554 3545
11662 3548 3553 3541 3544 3549 3557 3540 3543 3550 3551 3556 3554 3545
11663 3548 3553 3541 3544 3549 3557 3540 3543 3550 3551 3554 3545
11664 3548 3544 5269 3557 3546 3543 3550 3562
11665 3548 3544 5269 3549 3557 3546 3543 3550 3562 3545 3552
11666 3548 3544 5269 3549 3557 3546 3543 3550 3562
11667 3548 3544 3557 3546 3543 3550 3562 3555 3560 3545 3552
11668 1248 1126 4302 4313 3559 4269 4280 1581 4291 4324 1858 1836
11669 3548 3544 5269 3549 3557 3543 3562 3555 3560 3545 3552
11670 3548 3553 3544 3557 3540 3550 3551 3554
11671 8197 1259 1319 1831 3566
11672 3568 2016 2330 3567 3569
11673 1675 3571 2016 3315 3316
11674 3572 2332 3575 2335 3576 3574 3573
11675 3572 3116 3578 2850 3577 3520
11676 3579 1003 3580 3572 3583 3582
11677 3572 3585 3586 1172 3584
11678 4703 3572 3587 2940 3589 3588
11679 4358 4336 4369 4347 4380
11680 2044 1599 3572 3590 2293 3591 2287
11681 3572 3593 3594 3596 3595
11682 3600 3598 7391 3436 3599 3597
11683 3601 3604 3436 3605 3602
11684 1918 2386 8257 3436 3606
11685 8260 8259 4492 3558 3608 3607 3436
11686 3610 2965 3609 3436 3335 3174
11687 651 544 3613 582 519 3371 3612 376 3611 7114 295 1036 304 596 379 506
11688 3617 7280 3615 519 3616
11689 519 485 297 3623 299 3620 3619 3618 3368 3621 3624 3622 3394 2787
11690 4459 2781 4448 4391 4424 8267 4413 2714 4402 2436 2681 4435 2692 2670
11691 519 3627 3628 2083 3626
11692 1446 519 2091 3629 2166 2050
11693 3630 519 518 3631 1735 3632 3633
11694 3638 3052 1955 3639 519 3635 3634 3637
11695 519 3641 219 3640 2444
11696 2073 53 3642 1489 519 3643 649
11697 3644 519 2028 3645 2120
11698 3651 3652 3646 3649 562 2435 637 3648 3650
11699 3426 3646 2617 3421 3653 3650
11700 3646 2859 3654 3655 2601
11701 4492 4481 2681 4470 1503
11702 336 3656 1036 669 3
11703 532 3012 3661 3662 3657 3660 3659
11704 532 3663 307 3664 273
11705 2031 2950 3665 532 8225
11706 1211 1242 915 532 80 772 79
11707 3668 3349 532 3667 3672 3666 3671
11708 807 3675 532 2379 3674 3673
11709 3677 3676 127 532 417 1977
11710 852 2487 532 5224 6780 3678 850
11711 2790 685 8160 3270 532 1336 8164
11712 4547 4503 4559 4514 4536 4525 4570
11713 1511 1683 1393 532 1611 1394 3477 1219
11714 3686 3682 3680 2616 3685 3687 3684 3683 3679 3688
11715 2768 77 162 85 1683 1032 998 1588
11716 77 3525 8225 1588 387 2810
11717 2809 2826 8225 1588 125
11718 1263 4980 4936 1588 125
11719 128 1588 3689 535 2930 2929 433
11720 4925 4980 4936 1588 8225
11721 75 1588 773 772 79
11722 1588 387 3690 2812 4969
11723 4503 4581 4614 4592 4603
11724 3693 3691 3694 8137 3695 3696
11725 3697 369 3698 3700 2922 8137 3699
11726 2586 3288 3704 8137 3701 996 3702
11727 2537 3693 8137 785 3705
11728 3711 3710 3707 3709 3706 3708 8137
11729 3713 3712 3715 423 3716
11730 3717 7258 2306 2062 795 7347 2097 424 2039
11731 635 2589 3721 3718 424 3720 3719 1891
11732 1366 1443 1535 3729 3728 3727 3724 3264 739 3726 3723 153 3722 424 1262 3121 1382
11733 3730 22 3731 1616 424
11734 570 5557 559 536 470 492 481 503 514 547 525
11735 4503 4658 4625 4647 4670 4636
11736 424 2039 712 637 715
11737 3559 367 2597 424 3732
11738 3733 3737 3735 4380 424 3734
11739 3364 424 2039 826 637
11740 2522 7413 3738 3739 3803
11741 2521 3676 127 3740 533 3741 416 3742 417 1978
11742 2202 8221 2547 3743 547
11743 405 5581 8261 3744 3746 3745
11744 3749 3748 6947 8211 3750
11745 3752 2652 3751 2127 2155
11746 4703 4736 4692 4725 4714 4747 1847 4681
11747 3753 3608 3754 3755 724
11748 3717 3757 3759 1923 3756 72
11749 1812 1511 1372 1996 863
11750 840 3760 3762 636 3761
11751 3763 592 5324 3760 4003
11752 840 839 3766 3764 3980 3765 2555
11753 4647 3770 8268 3768 3767
11754 3771 6591 2517 3773 3772
11755 2517 3775 3774 3776 3768 6247
11756 3779 3782 3777 3783 3778 2386
11757 4792 4814 2880 4803 4758 4781 2692 4769 8178
11758 3785 3786 3784 4481 1969
11759 3788 3787 3789 6 3602
11760 2531 398 3790 3791 2384
11761 3795 3793 3796 3794 8195
11762 7102 7524 2851 3797 2466
11763 7102 3801 3800 3799 3798
11764 3802 2807 4692 3804 5424 2378
11765 3129 2881 3806 3805 2466
11766 5781 5625 5769 3807 5603
11767 5781 5625 5769 3807 2825 5603
11768 4858 4847 4825 4869 4836 4592
11769 5781 5625 5769 3807 5603 5614
11770 8210 3809 140 3808 1964
11771 3810 2064 5570 5502 7580
11772 3813 530 3811 7247 3812 3815
11773 3820 2 3817 1078 1638 1345 3816 3818 3819
11774 2 3821 1240 2872 656
11775 3326 2 920 909 1176
11776 5113 783 3823 2 3826 739 3824 738 4446 3822 1322
11777 3827 349 1793 2 1153 1796 1356 4446
11778 1894 2 3828 3829 1693
11779 4925 4980 4936 4947 4958 4914 4903 4880 4892 4969
11780 1193 3832 3833 1560 2708 3831 1683 3830 2 1578 2235 1194 1409
11781 3386 3834 2 2707 1526 3500 1220 4446
11782 2361 3838 2 3837 593 340 3835 8136 3839 2771
11783 2 10 3821 3477 3841 3840 1484
11784 1266 7724 3845 3842 2 3843 3844 3249
11785 2 3846 1142 3849 3848 2355 3850
11786 1909 2 1534 3851 1561
11787 3855 2 3856 3852 2366 2732 3854 3853 1500 3011
11788 2 2909 2910 3857 3859
11789 1710 2 1577 3860 4446
11790 1392 8267 4991 2681 2625
11791 1234 1560 1235 1232 1230 2 677 2265 3861 1306 1231 3862
11792 3863 2257 6324 2 3245 271 295 3864 574
11793 3865 1511 3866 1613 2 2873 1408
11794 3160 2 2311 3868 3861 3867 7702
11795 3833 3870 2 4446 228
11796 5958 2 2909 2910 2911
11797 3871 1888 2 3872 548 3423
11798 2 3178 3873 3875 4446 3874
11799 1753 3877 1433 2 3879 3876 441 3881 3882 3878 1269 3060
11800 3883 2 3886 3884 3259 3885
11801 5047 5025 5080 5036 5069 5058 5091 5003 5014
11802 3887 954 3888 2 1517
11803 2715 2791 2 8119 3889
11804 3894 1384 1402 212 2 1368 3500 3895 4446 3890 3893
11805 347 3899 3898 350 2 3896 3897 4446
11806 3901 2 3902 1078 1530 2146 4446 3900
11807 3904 2224 3349 1595 3261
11808 3866 3833 2224 3905 1090 1828 2252
11809 2955 1642 2224 3846 3908 3907 3906 3850 3388
11810 3909 2224 3910 2687 3818 3911
11811 3411 1826 2224 3912 3489
11812 5080 5036 5069 5058 5091 5003 5014
11813 3916 2224 3915 1190 3913
11814 3919 3917 217 3918 2224 3920
11815 3159 2224 3921 1286 553
11816 2043 2224 3923 1504 3922
11817 3877 3924 1637 2224 2965
11818 1688 2224 3532 8162 563 3926
11819 1565 3927 1238 3928 2224 645 1405 1494
11820 1324 3929 2224 1512 2687
11821 1398 3930 2224 2189 3931
11822 2224 645 3932 5669 3933
11823 5036 5069 5058 5091 5003 5014 5102
11824 1136 2224 3934 2744 1645 3893 1545 1651
11825 3937 2224 2721 3935 1288
11826 1800 1236 2224 3938 1090 2682 3939 3893
11827 1095 1186 911 942 544 2224 1176
11828 3940 3943 3941 8299 3942 2224
11829 2730 2224 3227 3944 3854
11830 3946 2224 1326 8119 3945 2656
11831 3930 2730 2224 2189 3948
11832 2224 2143 1187 456 1651
11833 3949 3951 2224 1431 3950 1561
11834 5025 5080 5036 5069 5058 5091 5003 5014
11835 3952 3954 2224 1513 3953 3955
11836 3386 1998 2224 2189 1871
11837 3956 3251 3942 3255 1356 655 2977 3190 3957 3335
11838 1193 3196 1097 3335 3462
11839 334 5925 3905 3335 3959
11840 3964 1364 1329 3871 2775 3968 1309 3961 7925 3967 3965 3960 3963 8025 7969 1742 478 3966 3168 2369 1630 3249 3497 3962 3335
11841 2739 3941 7713 3970 3335
11842 3216 2967 1193 1560 3971 8271 1477 2968 2143 2356 1808 3335
11843 3972 1684 3973 1497 3335
11844 3976 3975 3335 1264 3974
11845 592 625 581 603 636 614
11846 5036 5069 5058 5091 5003 5014 5102 5114
11847 3978 3977 1821 1521 1611 1808 3335
11848 3978 1911 1683 1157 1209 3335
11849 1471 2236 1079 3335 3979 277
11850 1807 3981 3335 3983 3982
11851 1364 1366 3369 1236 1494 2252 3335
11852 3985 3984 1330 2778 3321 3335
11853 1546 1164 1220 3335 3986 1388
11854 3978 3617 3987 5147 3988 3335
11855 3146 1767 1618 3335 1612
11856 2684 3993 3989 4446 3990 3992
11857 5036 5069 5058 5091 5003 5102
11858 2219 2837 8014 3994 3995 3997 596 4446 3999 3996 506 3011 2133 3998 249
11859 2698 4000 2357 3857 4446 1216
11860 3178 2986 1774 4446 1904
11861 2720 3505 3500 3905 3502 1631 4446
11862 3320 2764 2909 4446 2710 3325
11863 4001 3259 4004 3500 3502 4446 2252 990 1273
11864 4006 4005 3006 4446 1079
11865 556 305 4007 2711 4446
11866 3228 4009 553 299 548 1838 4008 4446 4011 4010
11867 3852 3828 4012 2727 4446 3011 3325
11868 5036 5069 5091 5003 5102 5125
11869 8185 1646 2357 3857 4446 4017 4013 3004 3005 4015 4016 2693
11870 310 2982 1195 596 4446
11871 3905 2988 4446 602 4018
11872 4019 1372 1642 7757 4446
11873 4020 3915 2188 4446 1612
11874 2257 4023 271 2368 3120 304 4021 4022 4446 2133 2993
11875 4026 3905 4024 4446 1216
11876 4027 4030 4032 2868 4029 4028 4031
11877 4035 4034 4033 2093 789
11878 4037 4041 4039 4038 4040
11879 5036 5069 5058 5091 5003 5114 5136
11880 4044 961 4045 4042 4043
11881 1958 8242 8263 4046 2541
11882 3847 1972 3858 4048 3792 3825 3836 3791
11883 4050 4049 2094 1875 4051
11884 2981 1587 1195 4052 4053
11885 808 2110 346 540 4056 4055 4054
11886 2465 1091 6557 497 1320 6446
11887 4057 3104 4059 4060 2436
11888 4063 4061 4065 4068 3682 4066 4064 4062 4067
11889 4061 4068 3682 99 4070
11890 5036 5069 5058 5091 5003 5014
11891 4073 4071 4061 4065 4072
11892 2858 4057 8255 4291 4074 7435 3503 8277 4075 4076
11893 2491 2540 4074 1954 4075
11894 4063 4071 3682 4064 4077 3683 4078
11895 4079 4071 4081 3686 4077
11896 4071 4082 4065 4081 4083
11897 4071 4085 3682 4066 4084
11898 4087 4088 4086 4066 4064 4062
11899 4063 4087 4088 4086 4090 4085 4089 4068 3682 4062
11900 4086 4065 4081 4092 3683 4083
11901 5147 5036 5069 5058 5091 5003 5014
11902 4086 4073 2040 4090 4092 3685 3687 1123 4072
11903 570 4086 4492 3401 1319 3611 7169 764 4093
11904 646 4094 4086 4095 67
11905 1643 4096 4099 3439 3062 4098 4097 4100 3691
11906 2765 4103 4104 3968 4101 3691
11907 555 3087 4106 4107 1454 4105 3691 1453 3520 613 2075
11908 2802 4108 4109 4110 3691 4111
11909 2218 4115 3691 4112 3660
11910 3691 1422 4116 4117 1600 4118
11911 1507 2203 4122 4119 4124 524 626 3691 1118 2085 4120 684 1357 4121 4123
11912 5036 5069 5058 5003 5014
11913 4126 3206 4127 1283 3691 2267
11914 2765 4129 504 7814 4128 3691
11915 4131 4130 4132 1866 3691 4133
11916 4135 4137 522 3691 4134
11917 4139 4140 3691 569 4138
11918 2842 3691 4142 4143 4141 4144
11919 4145 4148 3516 3691 4146
11920 2666 4153 2907 3693 4150 4151 4154 4149 4152
11921 1643 4155 3693 4156 3059
11922 430 3693 3614 701 4157
11923 5158 5047 5080 5036 5069 5058 5003
11924 3137 2533 2534 3693 2857 4159 2612
11925 265 4160 4162 515 3694 1450 2905 4163 697 3695 220 4161 4165 4164
11926 1496 626 3694 511 2613 3121 4167 4168 4166 2483
11927 4171 3254 2607 4170 2606 3694 2609 2608 3695 1297
11928 4172 50 3694 1357 277
11929 3571 471 2606 3694 2608
11930 8160 590 2236 8164 3694 4173
11931 2474 1228 1681 1703 3694
11932 4176 4175 3694 1399 4174 6224
11933 4178 3694 4177 3695 2151
11934 5047 5025 5080 5036 5058 5003 5014 5102 5136 5202 5169 5180 5191
11935 3042 2898 3694 2617 3695
11936 3694 4179 3695 4182 4181 3309
11937 1530 3694 3695 4184 4183
11938 123 2666 3694 8166 3695
11939 3299 2718 2610 3694 591 4185
11940 2474 2473 3694 4187 3695 4186
11941 3694 4188 451 3695 4189
11942 4005 2135 1450 3695 4165 4190
11943 3435 4194 4195 3728 539 4198 478 4196 4193 2399 2363 3695 4192 4199 4197
11944 700 4200 3695 1725 3121 3637 4201 698
11945 5036 5069 5091 5003 5102 5125 5180 5213 5225
11946 4205 5446 4203 752 3856 4204 4206 3695 3853
11947 4208 4207 3728 50 2691 1703 3233 3695 1373 277 698
11948 4209 3915 1404 3695 1612 1297
11949 4210 3502 2937 1678 3695 4173 4211 1499
11950 4214 482 4212 464 2156 588 3695 494
11951 1552 2585 4215 2666 3696
11952 4217 1363 4216 2668 3696
11953 4219 4220 3329 4218 4221 3696 2074
11954 4227 4223 4229 4222 4228 3696 4226
11955 4234 4230 4231 4232 4233 269
11956 658 703 736 2891 692 747 670 714 725 681 647
11957 5158 5036 5069 5058 5003 5014 5236
11958 2482 4230 4235 2165 364
11959 609 3863 4230 4238 4237
11960 7424 4240 1559 4239 4241
11961 388 396 1987 4242 1277
11962 4245 4244 2654 4248 4243 4246
11963 4251 648 2583 2569 4249 4250
11964 2815 4254 601 2583 39 4253 2924 4252 602
11965 1149 4256 2583 1725 4255 1747
11966 4257 158 2348 2530 4380 2303 4093
11967 4216 4259 2303 4260 4261
11968 5158 5036 5069 5058 5091 5003 5014
11969 4262 2722 2719 4264 649 4263
11970 4262 923 1471 1001 516 1005 4229 4265 1023 944 4120 1517 901
11971 4262 3111 3922 3441 4266
11972 4262 4267 4270 4268 4271
11973 4262 2945 4275 2860 4276 4273 4272 3287 4274 4277
11974 4262 4279 4281 4278 3517
11975 4262 4282 511 3095 4283
11976 1444 473 3449 4284 4285 3648
11977 4289 4287 4286 4288 2048 2287 3648
11978 3855 4290 469 3648 4292
11979 5158 5025 5080 5036 5069 5058 5091 5003 5014
11980 94 4295 4296 4294 3648 4293
11981 4298 4300 4297 3626 4299
11982 2424 4301 8257 4297 1321
11983 1376 3929 3954 4304 1504 4303 3955 2460 4297
11984 395 4104 4305 4306 2588 4297 2076
11985 4308 845 4307 7136 4309
11986 2759 4310 4312 3491 4311 1423 7136 469 575
11987 4316 2660 4314 580 7136 1616 4315
11988 4318 2282 4317 2395 787 7136 2753
11989 4322 4321 3829 3475 4323 4320 4319
11990 5158 5036 5069 5091 5003 5102 5125 5136 5213 5191 5247
11991 4327 2745 4325 4319 3458 4326
11992 4331 4330 4328 1910 1455 4329 4319 1327
11993 4332 3208 3081 4333 4319
11994 3898 3838 1085 1790 3897 4334 4319
11995 4337 2789 3112 3965 1454 3616 4319
11996 4342 4338 4339 4341 4340 4319
11997 4345 4343 4346 4348 4334 4319 4344
11998 4349 2746 3424 4350 4319
11999 4352 1710 2243 4351 4004 4319
12000 4353 2724 4354 2987 2737 4319
12001 5147 5036 5069 5058 5091 5003 5014 5114 5136 5213
12002 1675 227 3315 3167 3316 2511 309
12003 1663 4355 3812 2372 309
12004 3378 486 485 3228 2405 4330 484 3371 463 489 297 299 4356 1840 1838 1837 1839 309 491 4357 493
12005 1246 851 2462 1320 1758 309
12006 2535 8243 2330 309 8198
12007 4359 3283 4360 253 309
12008 4361 2989 3090 2990 4362 3712 4363 4364
12009 3170 3498 4371 4372 4373 4366 1453 3708 4365 4370 250 4368 3115 4367
12010 4374 4375 4376 4365 4299
12011 390 1649 4378 3281 4377
12012 5036 5058 5091 5003 5102 5125 5202 5169 5180 5191
12013 1805 4379 1360 664 4383 2239 4382 2256 4381
12014 4379 4385 4386 4387 4115 4384
12015 4361 4379 4109 8149 4389 4388
12016 4390 1446 2152 4379 1610 4392 1098 3467 456
12017 47 4379 3239 4394 2156 1996 4393 2944
12018 4379 4397 2126 3491 3042 4396 4395
12019 279 4379 4398 4401 4400 4399
12020 4403 4404 4379 1721 1543 2850
12021 4379 1006 4405 1011 1009 1015 979
12022 4379 1018 977 1262 938 979
12023 5158 5036 5069 5058 5091 5003 5014
12024 4407 1030 4408 1257 4379 1721 4406 3094
12025 4205 7269 4379 4409 4410
12026 1624 3863 2242 7280 4379 3282 3116 210
12027 2312 4379 2218 4115 4292
12028 4379 4411 1928 4412 4414
12029 286 3378 4415 4416 4379 3228 484 463 489 297 487 1838 4417 1839 229 483 491
12030 4418 4379 1664 4419 4421 3068 4420
12031 1031 4379 4406 3228 2743
12032 4082 4814 4425 2569 4422 4423
12033 2539 4426 4360 3287 4422
12034 5025 5080 5036 5069 5058 5091 5003 5236 5225 5191
12035 4429 4057 4427 4430 4431 4428 2922 4200 4432 2147 4381
12036 2176 4436 1691 4714 4434 39 4438 4433 4439 3109 4437 3133
12037 2129 652 4433 4440 4681
12038 4443 3088 3087 3092 4444 1763 4442 4433 4441
12039 1988 4449 4445 1934 2897 4433
12040 4454 4452 406 4451 562 4453 4450
12041 3651 2717 1783 207 4450 4455 3430 3185 2786 2373
12042 4460 4458 4457 4456 1693
12043 4462 4463 2432 4461 366 1323
12044 1486 4464 4361 4465 3584 4466
12045 5036 5069 5058 5091 5003 5014 5114 5136 5213
12046 2875 3419 2532 3987 4467
12047 4468 2599 3281 4469 1664 2663 3143
12048 3733 2305 4471 2663 2907
12049 2491 2663 3143 4472 2433 4473 1269
12050 4475 4476 4474 2663 2952
12051 4398 4378 635 4477 4478 2663
12052 4479 1380 2368 1901 4480 3004 3005 906
12053 545 1380 3908 1723 4483 1813 4482
12054 4485 1380 2691 1739 1194 1497 3632 4484
12055 3504 4489 1380 4488 4487 5925 3896 4486
12056 5036 5069 5058 5091 5003
12057 4495 1380 4490 4494 4491 4493
12058 1380 4496 2150 4497 1828
12059 1380 4498 4500 4499 4013
12060 1380 4501 4502 4504 1533
12061 545 1380 3320 4506 4507 4505
12062 4510 1380 4509 4508 4511
12063 4512 1786 1380 4515 4513
12064 1380 3259 1219 4184 990
12065 4516 1380 4517 1596 1593
12066 1380 4518 3012 1732 4519 2591
12067 814 758 769 803 781 792
12068 5025 5080 5036 5069 5058 5003 5014 5180 5213 5225
12069 3208 1380 4521 4520 1842
12070 4526 4529 4523 2799 4524 4527 4528 4522
12071 4531 4530 365 4532 4522
12072 4534 4537 4535 4533 3432 3462 3926 3862
12073 2775 657 4538 2738 3432
12074 941 1056 1185 1048 943 1163 3432 1022 2770 4112 970
12075 2898 3432 4272 4539 3321
12076 3355 4540 3140 4541 4150
12077 3355 4542 53 4477 4045
12078 586 1627 2943 4543 1648
12079 5036 5069 5058 5003 5014
12080 4546 4545 3928 2943 4544 1563
12081 4548 1398 2767 3987 2901 2956 2943 1232 50 3194 1876 1884 8116 588
12082 4551 2943 4550 4549 630 3388
12083 2967 2742 2943 4552 2968 1368 2743 4555 2657 4214 4556 4553 4554 3998
12084 3927 4099 2943 1374 4560 1437 4561 4557 1357 1476
12085 1391 1191 149 3927 1398 1390 4565 2943 4562 4204 4563 3501 1906 4561 1404 4564 1373 1476
12086 4566 1479 1398 2935 1371 2943 4567 1412 1419 676
12087 1565 1587 2943 4568 4569 4571 1310 1563 1419
12088 4575 2251 4574 1081 8161 2943 63 4573 1345 4576 4571 4567 1563 1412 3267 4572 8135 277
12089 1565 1398 1164 4172 3899 2943 8160 2954 1494 3882 1373
12090 5047 5025 5080 5036 5069 5058 5003 5014 5136 5180 5191
12091 4577 4578 2943 576 2360 1494 1412
12092 4583 4580 2943 4579 4582 4315
12093 3987 2685 2943 4584 4585
12094 1367 1683 2943 63 1304 3704 1289 2732 3012
12095 2759 4587 4586 2943 4588 4589
12096 4590 2943 212 2948 2721 3438 4585 8135 1500 1297
12097 564 3987 2943 4594 1345 4591 4593 3890
12098 1395 1366 2943 1682 2256 4572 3300
12099 1398 3242 4596 3930 3928 2943 4595 2948 1504 1405 649 4593 1412 3890
12100 4600 4599 2943 4598 3152 4004 1505 1806 4601 7947 2944 4597
12101 5047 5025 5080 5091 5003
12102 2981 1583 4602 4404 2956 4203 2943 50 4604 1195 1802 1495
12103 683 3863 47 2943 910 1379 4605 305 1848 3864
12104 3863 1417 4129 952 4606 2943 516 977
12105 1461 3713 2913 2943 8069 3164 357
12106 2943 1494 1310 4607 1312
12107 1565 334 4608 3937 1164 3987 8299 1683 2943 43 1397 4594 2143 1061 515 3502 1345 1394 4567 7680 1806 1450 1412 3321 676 1297
12108 4611 1390 2943 4610 1166 4210 4609 1220 1388
12109 2943 4537 1801 3327 1802
12110 1800 461 3260 3206 4195 8014 2943 4612 2153 4615 1696 475 156 285 4613 1855 272
12111 544 2943 2968 4162 697 4164 4616 506
12112 5047 5025 5036 5058 5069 5091 5003 5102 5125
12113 1583 1584 4404 4596 2943
12114 4611 1479 3987 2935 2943 3988 3500 3502 1412 2944 1419
12115 334 4545 1479 1395 2705 4618 2943 4617 6535
12116 2943 4537 4619 4620 1053
12117 1385 3301 2943 1849 4621
12118 2685 2943 968 4622 4265 4120
12119 216 1762 2943 3845 4568 1411 1804
12120 3863 2943 4604 1460 4623
12121 1179 2943 4626 3950 4624
12122 4627 2943 2275 705 2366
12123 5158 5036 5058 5091 5003 5102
12124 3978 3037 2943 7947 1386
12125 2943 1494 588 4628 3060
12126 3170 2728 2943 3245 3494 3443 4629 4630
12127 1565 2943 4631 4593 571
12128 2981 544 582 2943 1096
12129 4632 2971 4633 4635 4637 4634
12130 4632 4137 4639 4640 4638 4641
12131 4632 4643 4644 1770 3453 4642
12132 4289 3079 4632 4645 4646
12133 4103 2051 2043 4632 4648
12134 5025 5080 5147 5036 5058 5003 5102
12135 4632 4652 4651 4650 3253 4649
12136 4653 4632 4654 4645 2199 3087 2065 4655
12137 2051 4632 4661 4657 318 4659 4660 4656
12138 3863 4632 611 4663 4662
12139 2051 4632 4643 2042 4646 4665 479 4664
12140 4103 4632 4667 4666 4648 8102 613
12141 4672 4673 4675 4677 4632 4674 4661 1866 3843 4644 4680 4640 4668 4676 4671 4660 4678 4679 4368
12142 4684 2051 4682 4632 4683 3413 2842 318 453 4656
12143 4632 4674 4687 4661 4688 4686 4685 4143 3082
12144 2051 4632 4465 4689 2042 3444 3455
12145 5047 5080 5036 5058 5091 5003 5125
12146 4693 4694 4691 2340 4690 1954
12147 4696 2318 4697 2473 3390 2922 4690 4695
12148 4699 4698 4700 4690 4701
12149 3209 2580 4271 4398 1375 4690
12150 3871 4702 4704 2999 477 1740 4690 2079
12151 4705 4682 4706 4707 4395 1678
12152 4682 3079 4709 3660 3082 4708
12153 4602 4712 4711 4682 4710 4713 4101 3876
12154 4717 4682 3173 4715 4716
12155 4682 3963 1742 4719 3222 4718
12156 5158 5025 5080 5036 5069 5091 5003 5014 5236
12157 3358 4682 3282 4721 4720
12158 4682 2083 4723 4722 2217
12159 4682 4727 4667 4728 4644 4724 4726 1732 4729
12160 4682 4727 4730 3453 3222 4709 4731
12161 2619 4682 4721 4661 3148 4660 4733 4732 4729
12162 4653 4672 4735 4682 4737 4661 4685 2569 4734 4738
12163 4682 3713 3715 3456 4739 3716
12164 4672 4682 4495 4645 3453 4678
12165 4741 4682 4740 4742 4364 4507
12166 4743 4682 3079 2890 4744
12167 5036 5058 5091 5003 5102 5125
12168 4682 4748 4745 3449 4749 4746 454
12169 4682 4668 4750 3222 4752 4751
12170 4682 4645 4646 2842 318 4754 4753
12171 4755 4103 4682 3079 4663 4756 4683 2548 4638
12172 4711 4682 4710 2275 4118
12173 3085 4682 241 1467 4759 4757
12174 4682 4744 4727 2842 4760
12175 4682 4761 4762 4763 4764
12176 4766 4767 4770 4765 4768
12177 1573 4771 3984 4024 3516 1580 4773 4774 4772
12178 858 880 825 847 836 869
12179 5036 5069 5058 5091 5003 5102
12180 4776 4775 8133 1641 4777 1573 2142 2020 2227 2228
12181 4271 3586 1573 4778 355 672
12182 1573 6781 2091 3334 221 232 220 250 228 246 472 269 2641
12183 1573 2127 6513 2287 4293
12184 1575 1574 687 1573 1094 98 1349 635 120 1246 1207 3689 3625
12185 1573 1094 1206 1351 98 1485 1349
12186 1672 3254 2837 1573 1094 1206 4400 1207 4779
12187 1573 1094 1206 120 1246
12188 2124 1573 6502 4782 4784 4783 2128
12189 4786 1573 4785 3195 4506 1996
12190 5158 5047 5080 5036 5003 5102 5125 5236
12191 4176 3579 4787 174 4788
12192 3579 4791 4789 418 961 4790 4793
12193 6781 4216 1020 2091 1021 4795 3329 4794
12194 2183 40 2091 4796 4797
12195 3105 2091 439 4799 4798
12196 790 4801 4492 5458 2091 4800 2671 4802 680
12197 2316 2019 2091 4796 38 4804
12198 40 2091 4796 4797 4805 102 2288
12199 4590 2124 41 2091 51 2827
12200 819 2115 4806 4807 7991
12201 5091 5003 5102 5125 5236 5191
12202 4808 4809 4810 4811 4806
12203 3027 1087 1088 4812 4582 1264 3974 4070
12204 2983 3027 4813 593 8181 1243 3862
12205 3027 2841 4815 4817 4816 4820 2028 4818 4819
12206 790 3027 2644 4821 690
12207 4019 1340 4822 2967 4555 1824 2735 1217
12208 4822 4823 1682 3923 1404 4572 1419 3305
12209 4822 1479 2394 4823 63 4824 1404
12210 4822 1479 4826 4823 1483 6535 4827
12211 4822 3580 4830 4278 4828 4829 3513 4284
12212 5069 5058 5091 5003 5014 5136 5202 5169 5180 5191
12213 4822 4823 4208 627 4831 1404
12214 4227 4822 4833 4832 4834
12215 4822 3201 3422 1721 4835 1593 1404 1419
12216 4822 4837 1524 1571 458 312
12217 1843 4657 4659 2348 4656
12218 4840 2913 1843 4838 4839
12219 4841 4645 4842 1843 4679 4746
12220 4176 4298 2305 1620 4843 2310
12221 4845 4361 988 4844 4846
12222 4361 4848 4721 4667 4749
12223 5003 5102 5125 5236 5191
12224 4361 4849 3575 4851 4850
12225 4361 4849 4852 4853 2923
12226 4856 4361 4857 4855 4854 8254 2874
12227 4840 4342 3601 4361 4859
12228 4361 4306 4417 4861 4860 4862 2253
12229 4361 3593 4864 4863 4865
12230 4361 4866 8149 4362 4867
12231 20 4219 4465 4868 1320
12232 4871 1515 4465 4870 4572 1813
12233 4465 4276 4872 2612 4277
12234 5091 5003 5102 5125 5136 5202 5169 5180 5191
12235 4465 2275 4216 4873 4874 3334 3074 2668 2665
12236 3585 4875 4721 3872 3584 4764 4876
12237 4267 4877 3584 2239 3012 3246 3926
12238 4879 3584 1439 4881 4878
12239 1643 3584 4882 3517 4884 613 2268 4885 4883
12240 4886 3584 4887 4882 4888
12241 4893 3584 3413 4889 4890
12242 2160 4894 3584 2926 809 2343
12243 3630 4895 3584 4442 4333
12244 1331 4901 1486 4178 4900 4897 4899 2018 622 4177 4898 3443 4896
12245 5091 5003 5014 5136 5169 5180 5191
12246 1486 3200 1341 2506 3207 1358 1794 1572 1855 1473
12247 1486 2987 3193 1494 1496
12248 1486 4904 3526 2773 4902 2757
12249 1486 4905 3804 1868 4906
12250 4909 1486 4907 4908 2668 4274
12251 1486 4910 1376 1261 2232
12252 1486 3266 442 1350 4911 3465 1460 4607
12253 4913 3511 1486 3206 2913 1283 4813 4589 4912 4494 4613
12254 1486 4411 4604 1358 2666 4832 2363 4915 4916 263
12255 1486 1849 7781 1463 4917
12256 5036 5003 5102 5125 5136 5202 5169 5180 5191
12257 1486 8138 4499 2734 3430
12258 2899 1486 4918 4919 3376 2433 4920 4294 4921
12259 4866 20 2800 4927 4924 4466 4842 4926 4366 4922 4923
12260 4930 4466 4931 4928 4929
12261 4466 355 3029 4933 4932 3361
12262 4934 4378 4398 4466 4259 4532 1529
12263 4935 4466 8174 4141 8172
12264 4466 4937 367 366 4938
12265 4939 2539 4940 4941 4794 2673
12266 4645 4766 4944 4115 4945 4745 2801 4638 4143 4943 4942 4946 4746 320 4144
12267 5258 5091 5003 5102 5136 5202 5169 5180 5191
12268 3972 4949 4766 3352 4948
12269 4766 4951 3967 1813 4950
12270 4766 3090 4115 4953 4745 4952 1420 4294
12271 923 4537 4955 4766 4956 4954
12272 2218 231 4766 4959 4957
12273 4962 3951 4960 4750 2048 1140 3222 4961
12274 1643 1466 4963 4750 4964
12275 4965 4967 4966 1782 4750
12276 3198 1642 1534 4968 4750 3095 3881 2771 1676
12277 4674 4970 4972 4971 4750 4143
12278 5258 5091 5003 5125 5236
12279 4875 4728 4968 4494 4750 4641 4973
12280 4975 4974 4977 3354 4978 4976
12281 2177 4744 819 4982 4254 802 4979 4981 4983
12282 4684 4985 4986 4984 3417 4979
12283 365 4987 4472 4989 4988
12284 8138 365 4993 4990 4992
12285 646 4994 365 4959 3142
12286 365 4996 187 3304 4995
12287 64 2800 4998 4846 4997
12288 3972 4999 2042 3654 701 4724
12289 892 825 914 903 925
12290 5003 5014 5102 5114 5136
12291 3972 4949 5001 5000 1399 1409
12292 5004 1402 2731 3972 3352 5005
12293 5006 3972 7803 1900 3567
12294 5007 3162 3972 4949 1832 1269 341 4729
12295 5006 3972 4949 5008 4193
12296 4546 1576 3972 4949 4563 5009
12297 1821 3972 4949 5012 1523 4556 4553 5010 4554 5011 1495
12298 4674 5013 4727 4661 3972 4949 4709
12299 4841 3196 3972 4949 5015
12300 687 3972 1158 3915 3934 1612 1161 1635
12301 5047 5080 5091 5003 5014 5114 5136 5213
12302 5016 3972 4949 4008 3316 3400 5017 3398 1766 1904 1269 3495
12303 1699 5018 2848 3972 663 3708 4876
12304 5006 5019 3972 4949 5020 306
12305 3972 4949 1824 1585 5021 1496 1118 5022
12306 4741 3972 3350 5023 4842
12307 3293 3972 4949 4872 5024
12308 3972 4949 5026 4720 1720 1285 1732
12309 4673 4675 2043 4108 5028 5029 2042 4668 4760 1265 5027
12310 5031 4721 3843 4972 5033 2042 2548 318 2573 5032 4656 3962 5030
12311 1565 2042 3626 4660 1455
12312 5158 5091 5003 5102 5114 5136 5213
12313 4985 5035 2042 4728 2548 4644 4680 4668 4660 5034
12314 4684 4985 2889 4674 4661 4145 2042 4728 4644 4668 3453 4676 4760 4709 5037 5034
12315 5038 395 1699 2867 4374 4721 2042 2842 4648 3444 2268
12316 2043 4688 2042 5039 4753
12317 4677 4727 4661 2042 4640 4660 4678 4656 4679 4732 4731
12318 5041 4675 2890 2889 4661 3843 5040 4683 2042 4640 5042 8102 2573 4984 4671 453 4660 5032 5027 5030
12319 2052 4727 2042 5043 5027 4764
12320 4661 2042 3626 4660 4726
12321 2043 5048 2042 4657 5046 5045 5044
12322 5049 2890 5050 4986 2042
12323 5069 5058 5091 5003 5014 5102 5114 5136 5213
12324 3085 1866 5051 2042 5052
12325 5049 2749 5056 2042 5054 5053 5055
12326 395 2042 4748 285 4745 4946
12327 4684 3843 2042 4640 5032
12328 5041 4684 3843 2042 4640 5042 5032 5030 8144
12329 4683 2042 318 4660 4732
12330 4268 5057 1442 4811 4999 4089
12331 4270 1385 4999 5059 2729
12332 5060 4999 4419 5061 2610
12333 5065 3282 5062 1967 5063 4996 4915 5064 701 673
12334 5091 5003 5125 5136 5213
12335 5067 5065 4530 5066 701 5068 5070
12336 2491 2660 4469 5071 701
12337 3118 5073 4160 701 5072
12338 3455 253 701 3310 4950
12339 4767 5076 4768 701 5074 5075
12340 5078 4151 701 5077 3354 4231
12341 4128 477 3163 511 5079 3839 4724
12342 5082 5081 4011 4753 4724
12343 4279 4711 4710 4724 5083
12344 5048 4657 3453 4679 4709 5055 4724 4726
12345 5069 5058 5003 5102 5125
12346 4661 4148 5048 4657 3453 4656 4679 4709 5055 4724 4726
12347 3715 4657 4749 4656 4724 1720 5084
12348 3293 5086 3344 5085 435 4724
12349 1494 4671 4760 5027 4724 4729
12350 4960 274 2275 2274 5088 5087 4163 4724 5089
12351 5095 4985 4416 5031 4132 2890 5098 5097 5093 3255 5092 4644 4966 4719 5094 5090 5096 5027 5099 4724 4642 4368 5044
12352 3063 4653 5057 5100 4724
12353 5101 5103 4644 5046 4709 4724
12354 3729 6558 4106 3997 4010 3372 5105 4211 5104 4724 5107 1817 5106 2827
12355 5108 4474 5053 5055 4724 5109 5044
12356 5158 5047 5080 5091 5003 5125 5213
12357 3218 302 306 4724 3462
12358 8058 1330 5110 3440 4724
12359 5111 620 3253 4724 5112 5106
12360 3152 4186 1666 5115 4724 213
12361 2221 4010 5104 4724 5106
12362 3418 4648 4724 4726 5116
12363 4488 7847 3220 1906 8118 4724 5118 5117
12364 1166 3226 5119 5121 1906 3267 4724 5120
12365 3978 5049 4644 4676 4671 5027 4724
12366 4972 5122 4724 5034 8144
12367 5091 5003 5014 5114 5202 5236 5225 5191
12368 4130 2712 1554 5123 4724
12369 4668 5043 5090 4724 5109 5044
12370 1428 4137 5100 2574 4659 3416 4724
12371 5100 1833 4724 1832 5124
12372 3654 5126 2857 5127 1598 4277
12373 3654 2609 2709 4872 1598
12374 1719 3096 3426 3654 5128
12375 3654 5129 2608 2862 2601
12376 4171 5130 1659 3654 4228 2609
12377 3601 2066 4849 861 5132 5131 2050
12378 5158 5047 5080 5036 5258 5091 5003 5102 5125
12379 5134 5135 2929 5133 597 5137
12380 5139 5141 1581 5140 5138 4031
12381 922 2159 5142 1592 2851 5144 5143
12382 5148 1592 5145 5146 1926 5144
12383 5150 2906 5149 2907 341
12384 5151 539 3230 1906 2575 4585 1373
12385 3522 3521 461 5153 5151 5152 4650 4585
12386 5155 5151 5156 5154 5157
12387 5151 5161 5159 2885 5160 4528 5162
12388 5164 5151 4944 1528 5165 260 2734 2252 5163
12389 5091 5003 5102 5125 5180 5213 5225
12390 5168 5151 5166 4875 5167 4722
12391 5151 5171 5170 4215 591
12392 5151 5172 5173 4848 4552
12393 2305 3810 2218 4401 5174 4469 5175 4532
12394 3810 1640 2607 2606 2608 2862 2605
12395 5176 5178 4691 2597 5177 3494
12396 4693 3706 3906 2597 3421
12397 3331 5063 4959 3304 2597
12398 4366 3143 3304 2597 2598 5179
12399 3717 5182 5181 4581 7347
12400 425 936 914 947 958
12401 5158 5047 5036 5258 5091 5003
12402 4657 4685 5184 4943 4942 5183 4950 4664
12403 5185 5028 4972 4728 4966 5183
12404 1523 2664 419 5186 5187
12405 3586 1411 5188 5186 5189
12406 1627 2950 5195 5193 5190 4544 5194 3721 1541 522 5186 5187 4120 3305 575 5192
12407 5196 3282 5186 2511 253
12408 4216 2664 5186 3645 2059
12409 3282 5197 4286 2664 5186 5187 3144 2667
12410 5060 18 2585 5198 5199 5075
12411 4574 5200 5203 5015 18 1468 5201 2613
12412 5036 5091 5003 5125 5136 5213 5191 5247
12413 3162 5119 3261 5205 5204 5206
12414 2963 4953 4887 3444 5207 3449 3319 3443 4718 5204 4284
12415 774 1253 1252 1255 1022 1000 5204 960 1152
12416 4270 5208 5210 5204 4333 5209
12417 5048 3476 5211 1265 5204 4729
12418 2084 3530 4826 4667 2749 524 4494 5204
12419 5049 1800 5101 5093 5096 5204
12420 1789 4315 5204 5084 4731
12421 505 5216 5215 5217 5218 5214 5212 5204 2760
12422 4575 5219 3729 3610 520 5220 5221 4160 515 2135 4163 5204 1757
12423 5091 5003 5102 5125 5114 5213
12424 4913 2619 5222 3944 5204 8144
12425 347 350 3837 5223 2682 1690 8118 5204 3007
12426 5226 5035 4667 4952 5227 5204
12427 5228 1142 3451 3230 5204 5229
12428 3442 1911 4713 5027 5230 5204 5229
12429 1266 3222 1265 5204 4118
12430 4207 520 5231 521 5204 5232
12431 5234 1283 5235 5233 5237 3066 5238 5239 4329
12432 4743 445 2051 5233 4643 4137 4646 3413 5240 5083 4731
12433 5233 3845 4568 2221 4143
12434 5069 5091 5003 5125 5136 5269 5213 5191 5247
12435 2998 5243 2250 5241 5233 4848 2999 5242 5244 5246 5245
12436 4841 5233 4373 5248 4685
12437 2765 5233 5249 5050 4727 2548
12438 5233 4727 421 8126 3416
12439 2889 5233 5250 4971 2634 4753
12440 5233 5253 5251 5252 4642
12441 5233 2056 2462 5254 5255
12442 5233 4667 4683 4748 4745 4946 4731
12443 5168 5233 2221 5256 4507 4885
12444 2875 627 5260 63 5257 2898 986 3812 5259
12445 5069 5058 5091 5003 5102
12446 4604 1460 2898 3804 986
12447 5038 5264 4271 5263 5265 5262 4115 2053 3706 3453 986 4709 2857 5261
12448 2534 2318 2898 986 2852
12449 688 2666 4410 986 253 5085 4865
12450 5266 5067 1885 5267 1668 2898 986
12451 2043 5268 4995 8247 5270
12452 5146 3577 441 2864 8247
12453 4543 1005 5271 965 8247
12454 5268 5274 5273 5272 4260 5275
12455 5276 2065 5277 541 5270
12456 5091 5003 5102 5125 5180 5225
12457 5279 1663 5281 5278 867 2069 5270
12458 5283 3799 5282 2819 5270
12459 5285 2043 2866 4619 2055 5286 5284 455
12460 2043 2221 2908 4635 3073
12461 2043 2216 4657 4116 4656 8142
12462 4103 2043 5264 1266 4986 4148 5287 4709
12463 8173 5168 2043 4685 5239
12464 2043 5056 2842 5288 5045
12465 461 2043 1458 5289 1445 5290
12466 2043 5292 4638 3004 3005 5293
12467 5291 5324 5336 5302 5313 5280 5347
12468 3919 3063 2043 4589 4619 5294 4311 1671
12469 1950 2043 1893 5295 2941
12470 5298 5296 5297 4995 541 246
12471 5299 4995 4857 356 4231
12472 5300 4995 4915 5301 4260 4152
12473 679 3050 1375 1315 4995
12474 5299 5060 5274 4151 4995 4915 1941 5156
12475 667 4995 4915 8131 2710
12476 2112 4995 431 4738 3115
12477 5304 4820 4386 5303 4995 3939
12478 5358 5380 5413 5369 5391 5402
12479 3586 4613 4995 452 4915 718
12480 5305 4995 2307 2304 3286
12481 2715 5306 2834 4995 1609 3286
12482 2495 5308 4089 5309 1478 5307 3705
12483 2685 1553 3135 4089 2449 5310 42 3732
12484 4089 1869 1848 5064 5311
12485 5314 4089 1530 5074 5312
12486 5315 2896 3513 5317 5316
12487 767 5318 4905 5320 5319 5321 4685 4142 5322 4388
12488 4905 3715 1304 5323 3253 2693
12489 5358 5447 5458 5435 5480 5469 5424
12490 823 1443 5190 1610 8271 5413 5257 4905 1504 5325
12491 3586 4905 4204 5326 3637
12492 8069 4905 8025 4884 5327
12493 5328 4241 5329 4149 3119
12494 3184 3482 3189 3188 608 4149
12495 544 582 298 219 596 4149 3268 506
12496 4856 4458 5331 5330 4149
12497 98 3718 1654 5332 3689 1887 5333 1262 3625 3005 1285 3633
12498 5334 5338 5337 1020 3718 5068
12499 5339 4317 5300 3718 5340 1954
12500 5358 5491 5513 5524 5502
12501 5343 5342 5341 3718 1623 5192
12502 3718 5187 5345 5344 1846 249
12503 4216 3034 3718 5085 4794
12504 3718 5063 4844 4141 2794
12505 4378 2218 3282 5059 1664
12506 2312 4398 2218 4385 421
12507 4271 2218 2313 4385 3210 287
12508 2064 2218 6781 5059 3090
12509 5222 4985 4970 4692 5346 3944
12510 5348 1999 4451 5346 2220
12511 969 1003 1014 980 991
12512 5570 5535 5559 5581 5546 148
12513 5349 4653 1833 3309 1832
12514 5095 4965 4653 5350 5214 4678 4764
12515 4653 5029 5352 5351 2221 2801
12516 4653 5350 4677 4875 1866 5054 4638 4679 3256
12517 4653 4743 4289 4721 4727 5029 4683 5353 8175 4133 4764 4679
12518 4653 3522 3077 4710 5152 3413 4648 318 5239 4749 4111 3441
12519 4653 5168 4643 5056 5354 4732
12520 4653 5355 235 8216 2741 4773
12521 4653 445 2051 4748 4745
12522 4653 4126 4101 4143 4507
12523 5592 5625 2825 5603 5614
12524 4653 5350 5038 3079 4986 4680
12525 4653 4875 5123 4788 4326
12526 4653 5359 5356 4875 5357
12527 4653 5360 5361 2889 4986
12528 4526 4767 3721 61 2267 5362
12529 4767 5020 4720 1832 672 4511
12530 3358 5364 3196 5365 4399 1696 5363 1604
12531 3358 5364 5368 5372 3196 1444 5375 5366 5371 5377 5373 3171 5376 5370 2549 5367 766 3309 5374
12532 3964 3358 5378 1810 3968 5379 4956 482 3451 3966
12533 3358 3870 2953 467 3196 3318 5381
12534 5658 3291 5670 5592 5647 5681 5636
12535 3358 3586 3196 5383 5382
12536 4516 3358 3196 4955 4956 3966 4282
12537 3358 565 4786 568 3502 5205
12538 3358 1902 4517 521 5384
12539 579 3358 5006 3196 1684
12540 3186 3358 3196 5385 2204
12541 373 5386 5387 5388 2050
12542 3254 652 5390 1225 522 3315 3316 5389 2127 4805
12543 5392 2742 2848 2203 3315 3316
12544 3435 3157 1675 2837 311 3315 3316
12545 5725 5692 5703 5714 5758 5736 5592 5747
12546 358 3496 2185 515 3315 3316 1062
12547 3206 3237 706 2055 3315 5393
12548 4208 3483 3315 3316 3882
12549 3435 3315 3316 3400 3398
12550 3396 3315 3316 689 3296 3295 469
12551 609 3474 1457 2848 5228 5394 4517 3315 3494 3881
12552 3116 3884 3315 1330 3316 3190 3472 3051 4896 5395
12553 3710 5397 3315 3444 5396
12554 1329 5400 3146 5401 5399 5398 3315
12555 3852 3315 3316 1140 1666 3011
12556 5592 5781 5625 5769 5603
12557 3729 3379 3380 3315 233 232 3384 2478
12558 1795 227 5403 283 5404 313 3315 3249
12559 4129 4290 5405 3315 2762 1301
12560 615 1283 4515 5407 3315 3316 5406 5284
12561 5408 5409 3315 3316 1870
12562 5410 3315 3316 4554 42
12563 1675 545 2959 3994 5411 2364 2982 1907 1195 3315 285 3316 284 2538 506
12564 1675 45 3167 3315 3316
12565 3833 276 1096 3315 456
12566 5412 311 3181 3315 3167 3316 3295
12567 5792 5658 5758 5592 5803 5814 3370
12568 2187 3315 5414 3316 5076
12569 227 3396 3281 3315 5415 2538
12570 5416 3315 3168 3163 5417
12571 806 4801 3757 2823 8227 8229
12572 852 3757 5418 5419 3597
12573 5420 3111 5423 5422 5421
12574 1546 4194 5420 2834 1154
12575 5427 7624 3685 5425 5426 1964
12576 4546 3039 4586 5428 630 4878 1401 5425 2973
12577 5430 5431 4472 5429 673
12578 5792 5836 5736 5825 5670 5592 5747
12579 579 5432 5019 4990 5429 5433
12580 3386 2707 4912 608 5429
12581 296 5434 5018 5008 5436 4773 5429 2723 4511
12582 3435 3491 5437 1586 5429 1533
12583 4325 5429 3478 5439 5438
12584 462 221 5429 244 5440
12585 1565 264 1364 1469 544 2956 584 582 5289 234 283 4098 276 622 3168 2746 1452 3708 2295 233 506 5440
12586 1897 1078 464 478 5440
12587 4129 5442 1801 1802 5441 5440
12588 1457 1743 5443 5444 307 5440
12589 5858 5792 5658 5847 5880 5592 5869 5803 5747
12590 4887 5445 5448 4507 5440
12591 3206 3245 4613 3009 5440
12592 236 304 488 232 243 596 240 2247 244 506 5440
12593 3604 5449 4629 4504 5440
12594 5450 4392 5451 4333 5440 5112
12595 1643 5453 5452 5211 2366 5440 5454
12596 4101 5455 5294 1671 479 5440
12597 271 622 5456 5440 269
12598 3921 5443 5459 5457 5440
12599 3424 5461 5462 4896 5440 5460
12600 5658 5892 5670 5592 5869 5903
12601 2619 2620 5464 5463 315 5440
12602 250 213 244 472 5440
12603 5466 339 5445 5465 335 5440
12604 3237 2463 2535 1623 5467
12605 611 5472 5471 5473 5468 5442 5470 1623
12606 7624 67 1623 2371 4423
12607 5474 477 4838 987 213
12608 3254 5475 5476 300 4915 987
12609 8174 2600 2272 5477 987
12610 5478 767 1820 4997 987
12611 5725 5792 5847 5714 5592 5681 5914
12612 5481 2269 5479 3517 3232 987 2268
12613 8036 1065 5482 4798 1066
12614 1333 5484 4981 4075 5483
12615 2434 5265 4689 2908 4075
12616 5485 1827 5018 5486 1863 1524 3935 5487
12617 3404 5018 4871 5310 5488
12618 1511 5489 1587 1407 5018 2190 1374 3834 1619 8215 1519 5010 682 1496 1220 1828 8118 990 1635
12619 5018 1519 5010 4990 1609 990
12620 5416 5018 465 4900 5494 5092 3950 5493 5490 4898 3881 2710 5459 5492
12621 5018 3178 4549 1438 1274 1217
12622 1780 1669 2002 1558 1891
12623 1036 669 7779 114 1025
12624 5936 5925 5592 5914 5947
12625 2152 5018 5495 5496 1349 649
12626 5049 5185 5018 4730 5044
12627 5004 47 5018 290 3568
12628 5018 4378 4955 2704 3966
12629 1407 5018 2743 3316 2538
12630 4281 5497 2826 5372 5370
12631 2809 2826 474 5499 5498
12632 2826 1263 1342 4969 1823
12633 2826 2815 5366 3667 4487 5500 2813 5501
12634 2826 2607 2606 5503 8117 8119 2827
12635 5958 5936 5825 5592 5681
12636 2826 5372 125 622 387 1822
12637 3140 3122 2671 547 5504
12638 5505 2671 1323 368 6692 4274
12639 5507 5509 5508 5511 5506 5510
12640 4602 2084 4310 2913 3053 5512 3108 2297 5514 5506 4616 4293
12641 2327 3004 3005 2173 5516 5515
12642 3728 3239 5079 5518 5515 5517
12643 3678 5521 5520 5523 146 5522 5515 5519
12644 305 5525 4773 1278 5515
12645 3239 4162 3199 5381 5515
12646 5703 5592 5869 5814 5969
12647 49 5526 5515 3659 1882
12648 247 5470 4788 5515 1802
12649 5529 4918 3618 5527 5528
12650 5532 3618 3368 5530 2296 5534 5533 483 4504 5531
12651 5532 2216 3618 3622 5533
12652 2216 3618 5530 5534 5536 1841
12653 3618 3368 3624 3622 5533 5538 5537
12654 3618 5530 3624 3622 5534 5533
12655 2216 3619 5530 3624 3622 5527 5537
12656 5530 3624 3622 5534 5533 5538 5537
12657 5991 5980 5592 5903 5814
12658 3622 5539 5533 5538 5537
12659 3622 5533 5527 5538 5537
12660 3964 5545 5364 1700 3968 5540 5543 5547 5541 5544 1841 5542
12661 351 5548 5540 5549 1729
12662 4566 1778 1894 1208 1661 5325 3567
12663 5257 344 5551 5325 5550
12664 2266 2118 5480 5271 5325
12665 1017 5553 5552 5325 626 3121
12666 4160 3804 5325 2464 5554
12667 4545 4124 5442 3804 5325
12668 6014 6025 6003 5892 5592 5681
12669 4924 2053 2907 3797 6458 5325
12670 4382 3804 5325 2067 5555
12671 5325 5561 2085 5556 5560
12672 5562 1488 4907 1487 4473 616
12673 4332 3571 4409 1622 4907
12674 1369 1648 3953 5563 5564
12675 1894 2743 1316 2657 5563 3915 1298
12676 4584 1358 4662 1198 2691 1572 3446 5565
12677 1491 1490 5568 5572 5567 5569 2399 5566 8165 5565 5571
12678 3464 5453 5573 1900 5574 5575 5565
12679 5880 5592 5869 5969 6036
12680 3231 5576 2834 5578 1097 2262 5565 5577
12681 2651 4171 2607 2606 2609 5565
12682 2860 3066 2608 2857 5565
12683 2152 5579 5473 1451 2151 2862 5565 1598
12684 5582 7735 4604 2961 1460 5580 4395 3377 5565
12685 5006 3192 1648 5341 5583 1616 5565 5467
12686 1468 5584 2399 1518 1097 1600 3637 5565 5433
12687 1398 3239 306 1890 5565 1297
12688 2606 2608 2862 2611 5565
12689 5586 347 7724 5568 3667 5449 5585 3690 5588 5587 1601 5565
12690 6014 5858 5925 5592 5803
12691 4823 1566 1682 5589 4572 5565
12692 2717 2718 1272 3430 3185 5565
12693 1566 5590 4469 5591 5565
12694 296 5593 3009 5565 1732
12695 158 5594 2795 5373 5595 5367
12696 326 5597 5596 2108 2288
12697 2458 5273 56 2289 5598 1954 2287 5596 2343
12698 6469 5599 5600 5598 5596
12699 2118 2926 4714 5602 5604 2287 5601 4320 2342 5596
12700 843 5606 5598 2024 5605 5596
12701 5925 6047 5592 5803 6058
12702 1845 2160 5607 2020 2283 362 326 2121 93 2164 371 5284 2141 5596 5609 2343 5608
12703 2183 5611 2339 5596 5612 5610
12704 2651 5616 1845 1686 5615 4427 5613 4430 4431 1737 5602 5596
12705 5618 5617 4241 94 5596
12706 4492 2020 5596 5609 2108
12707 594 1330 2164 5606 5596
12708 4725 5619 4714 3588 5598 2339 5596 5137 2116 5612
12709 2440 2911 4480 5596 5620
12710 344 4725 4714 5621 5622 5596
12711 4358 5549 5623 2340 5596
12712 5936 6047 5592 5747 5969
12713 1762 5602 5596 5624 2338 2172
12714 2118 2926 1737 2344 5627 5596 5626
12715 2339 4249 3354 5596 5628
12716 5320 5319 5629 5602 5596 5624
12717 2652 2155 5596 5627 5626 2116
12718 4635 5630 5198 3354 5555
12719 172 5631 5632 4700 2898 2308 1323 5198
12720 4959 4996 5633 5198 4957 3285
12721 5634 546 5464 5635 5198
12722 4789 1001 155 948 5637
12723 6069 6114 6080 6091 6102
12724 155 3806 2930 2929 2936 1891
12725 88 952 1027 962 85 1019 998 993 1012 1074 963 155 945 1006 1249 982
12726 89 1027 85 155 2125 4903 964
12727 1200 4877 155 76 905 1046 939
12728 77 75 954 155 83 156 87 984
12729 88 1200 1027 1169 963 155 1006 930 1007 983 771 82 90 156 995 775 912
12730 88 85 1001 155 842 90 1151 996
12731 77 5638 155 5493 3420
12732 949 1070 926 77 1001 954 924 155 1007 983 771 3042 83 1026 156 78 995 540 674 996
12733 155 983 4914 8281 156
12734 1058 1080 1047 1091 1069
12735 6147 514 6069 6136 6125
12736 47 3727 3239 155 5473 1007 4582 2613
12737 1013 77 85 998 993 1012 963 157 929 155 945 983 83 8281 933 702 775 1151 964 498 776
12738 963 80 155 773 772 83 4914 4903
12739 155 773 8281 4903 308 79
12740 4994 389 3137 3140 5639 155 156 8277 5640 4076
12741 155 4914 4903 702 982
12742 80 155 82 1026 1021 4903
12743 929 155 4958 1006 2125 1067 5433
12744 3397 5642 2564 5643 5641
12745 5644 2664 2667 4093 3035 3285
12746 6180 2792 6158 392 6169 2281
12747 5645 4314 3288 2664 2857
12748 3050 2664 4410 2590 2667
12749 3592 2664 3029 2667 3285
12750 5648 4792 2664 3144 5646
12751 5650 2317 2020 2140 5649
12752 5654 2044 5652 5653 3641 28 5651 5649
12753 5656 5655 4926 5651 5344
12754 4541 5651 5301 5657 5659
12755 5428 5661 5660 4179 4151 5651 1420
12756 4635 4116 4952 5662 5663
12757 2014 6158 6202 6191 8167
12758 5607 5664 818 5666 5662 5665
12759 5060 5667 2672 2309 4872 673 3142
12760 3140 3050 4842 4605 2898 2672 4272
12761 5629 56 2672 5277 2024 5668 2338 2165
12762 4276 4605 2907 5671 2672 2605 2612 4277
12763 39 2672 3687 5673 1725 5672
12764 5674 2672 5129 4872 5675
12765 4542 5676 1760 5677 4906 5678 5679
12766 1354 3904 5680 4662 5676
12767 8159 5682 589 1767 5676
12768 6213 6258 5435 6269 6225 6236 6247
12769 2989 98 1689 5676 3625 1382 5683 1660 637
12770 4099 819 5684 331 5676 542
12771 5686 1393 1228 5676 3177 5685 5687
12772 5676 5688 5689 3322 5690
12773 3852 5676 3905 28 2872
12774 3873 5676 5693 5363 1338 5694 5691
12775 5061 3143 5677 5678 5695 3633
12776 3863 2802 5697 5677 5696 5678
12777 4087 3320 4193 3687 5673 3683 3244 5677
12778 1477 1232 1233 1480 2244 5677 5698 5519
12779 6336 6280 6291 6324 6313 6302
12780 586 5699 2271 5011 5677
12781 3387 1097 5677 5678 5402
12782 1271 5700 4264 1478 5677
12783 5326 5081 1097 5677 5678
12784 7858 1097 5677 5701 1533
12785 5702 4122 5677 5678 2442
12786 5705 5706 5677 5704 5678
12787 4165 5677 2578 4906 5707
12788 5661 5708 4605 5709 5677
12789 5444 3839 5677 3468 5678 2483
12790 1470 92 8234 6347 2025
12791 216 1640 5449 2609 5381 5104 5678 5433
12792 4268 5490 5710 4616 5678
12793 2361 4508 4480 3478 4883 5678
12794 257 4229 4265 5711 5678
12795 2595 3062 5712 5678 5124
12796 3277 1433 8185 2185 1863 5678
12797 5170 5713 4170 1678 4906
12798 3728 1239 5716 5715 4906
12799 4856 5717 5718 4908 1555 4906
12800 5582 5719 3501 3678 4906
12801 4847 6369 6380 6413 6391 6202 6424 6402 6358
12802 3977 5170 3344 5720 4906
12803 5724 5726 5723 5722 5721 1760 1763 4482
12804 5727 3587 5730 2315 1760 5729 5728 1763 1731
12805 347 3422 350 1760 5733 5732 2399 5731 1690 5734 4597 1695
12806 1762 351 1760 4508 1763
12807 2651 5726 2971 3097 5262 2653 1760 1763 1731
12808 5735 5737 1760 4714 1996
12809 1845 5739 5738 1707 1245 4725 1760 4714 5223 2777 1763 4554 4898 3377 2683 8165
12810 3638 3863 4129 5742 5741 3092 1760 2908 4370 5740
12811 5744 4026 2326 1557 1760 4300 5743 5745 1865 4921 1495
12812 2425 6435 6447 6469 6458
12813 5746 1617 5405 1760 1763 1618 1865
12814 3842 4543 1760 5214 1736
12815 5360 351 5222 4970 3856 1760 8025 3944 5748 1736 3853
12816 5752 5749 1760 5750 7746 5751 2399 3864 1695
12817 3201 1760 3248 3890 1695
12818 4815 4817 4816 4818 1760 5753
12819 5754 594 1760 5732 4320
12820 2651 1760 1763 5732 1695
12821 3580 347 594 1544 1760 2146 5755
12822 5471 2607 1760 2606 5468 1763 2608 2862 2612
12823 6435 6502 6491 6480 6513
12824 2242 5756 3856 1485 5757 1549 1585 1760 1615 4320
12825 5759 4331 5093 1528 1867 1760 8171 2252 1298
12826 1733 1760 1763 5760 5761 5762
12827 4815 3282 5763 5764 1760 3708
12828 3627 1544 2083 1760 3428 587
12829 3216 4026 1740 1760 1422 1763 5766 5765
12830 5770 5768 1760 5767 1763 4320
12831 1461 5759 4556 1760 4554 5771
12832 5773 8173 4542 5774 3209 4727 2585 3960 4151 5772 457
12833 4542 1367 1627 1450 3190
12834 6558 6546 6535 6569 6524
12835 4542 2963 2361 4578 4586 5775 1905 4761 4762 2975 8117 4763 1904 4484 5776
12836 4542 650 5777 287 247
12837 4542 5779 5778 1430 3452 3444
12838 928 1355 8225 273 2039 5782 5679
12839 3871 5784 5783 3527 5679
12840 8127 927 4712 3727 5719 968 4567 1474 5679
12841 8127 1030 1016 1068 86 1324 899 1371 1008 4229 968 4576 76 1305 1563 1011 4120 1107 3377 1357 498 1105 5679 1297
12842 4200 263 5115 4166 4201 5679
12843 5785 1422 4163 357 267 4872 5786 5679
12844 3727 5719 510 5787 4567 1382 2442 5679
12845 1126 1137 1115 1102 314
12846 6591 6602 6613 6524 6580
12847 1889 3915 5256 5789 3211 659 5788 5679
12848 1391 8161 1358 5790 5697 1572 5525 3377 5679
12849 1469 3239 583 1450 697 1406 4164 4616 5116 5679 1476
12850 1684 668 5116 5791 5679
12851 3916 4545 1479 1366 1507 3727 5719 3500 4567 1563 5679 1297
12852 4859 5793 655 4163 2709 5679
12853 2577 439 1451 3634 1704 1410 5679
12854 4257 3698 2111 8255 1880 3797 2198 2641
12855 793 173 790 4492 2851 8255
12856 5795 5794 4872 4896 5796
12857 6624 6635 1392 2803 8201 6646 2825 2625
12858 4286 5594 5595 5798 4862 5797 5799
12859 1716 2935 3924 5594 5800 1420 3046
12860 1675 2604 5594 3915 1612
12861 1030 5801 2761 5594 977 898 1276 901
12862 5804 4535 5805 1834 5802 5594
12863 5807 4866 4531 5594 5806 7535
12864 1878 5810 3697 4870 1648 5808 2537 5809 2170
12865 4994 3697 2069 3720 3142
12866 5193 3697 4170 649 3402 5811 1415 2922 4166
12867 5812 369 4065 1127 4092 5673 5672
12868 1214 5557 1403 6670 2781 6703 6692 2625 6681 8167 6657
12869 5200 2474 261 2473 3402 2922 3702
12870 5813 4693 3731 2922 2032
12871 2907 2922 2032 2371 4152
12872 5815 2034 2922 659 2310
12873 2031 2922 3345 3032 2852 4157
12874 3987 1553 1611 5816 2922
12875 3642 1489 2922 5817 784
12876 3698 5818 5819 4029 5820
12877 685 1507 3698 5822 5821
12878 5813 5823 1675 344 3699 2309
12879 4391 4402 6714 2825 2758 4435 2625 8178 6725 2670
12880 5827 2037 4874 5824 5826 3699 5659
12881 5828 4287 3699 4794 2286 5829
12882 5823 4530 4153 5830 3699 2661 2624
12883 4874 3699 5301 560 2287
12884 4725 4783 5831 3700 4966 2342
12885 3293 3977 3140 6302 4216 3700
12886 2949 3031 3701 3310 3311
12887 6914 3701 5832 267 5275
12888 3024 5834 5835 5833 5085 3701 2510
12889 2666 5331 4410 3701 5199
12890 6747 6758 6781 203 2270 6736 6769
12891 173 1967 4959 547 5633 5837
12892 382 3342 3122 383 5838 760
12893 3770 3122 5839 5840 5317
12894 2308 4679 5504 2667 5641
12895 3140 3281 4698 3310 4152
12896 3045 4378 3140 3281 1967
12897 3282 3140 5639 2533 2534
12898 3140 3401 1668 4959 4996 2617 3142 3650 5837
12899 2007 343 818 362 5842 5841 2196 817 330
12900 4810 5648 4792 2795 2537 5646
12901 6858 6803 6836 6814 1336 6825 6736 6792 6847
12902 5410 3721 1618 5646 2578
12903 5170 5843 5015 2449 430 5646 5417
12904 4866 4935 64 5331 5646
12905 5648 4792 5646 5333 3633
12906 3917 5845 4887 315 5844
12907 1261 4908 5846 2940 3516 5844
12908 4401 5848 3706 3660 3256
12909 2600 3706 1332 3148 2840
12910 3711 4509 2600 3706 5849
12911 2209 1335 465 4893 8174 3706 2688
12912 6903 6892 6869 6880 6914
12913 5226 5852 3706 5850 5851 437 5796
12914 3711 2190 3706 3461 4388 455
12915 3871 1049 4606 5856 5855 3706 3851 4571 1124 5853 5854
12916 5857 3706 2834 5673 4013 1828 5672 2771
12917 4930 3706 5859 5861 5860
12918 3832 3883 5862 3706 1518
12919 566 5413 3706 3273 3518 5864 5863 3489
12920 2848 3350 5306 3706 4366 1346
12921 5865 5866 3706 8168 4146 5439
12922 5867 2707 1867 3706 5868 3986
12923 6936 2891 8212 6925 325
12924 4831 1449 3706 3304 4174
12925 2599 4397 3706 4366 5870 5871
12926 5872 4338 4339 1664 3706 5873
12927 2425 643 4477 3591 5640
12928 5653 5874 4477 2308 5875
12929 5876 4477 5877 5878 4076
12930 570 2302 4693 7 4477
12931 5392 1578 4366 1400 5879 1269 5463
12932 5881 3507 1549 1400 1615
12933 5686 4518 1578 2961 3908 1400 1409 5882
12934 6947 4647 6925 6958 6969
12935 5489 954 924 1400 5883 1217 4192
12936 1376 2963 1613 3727 3231 5719 1375 4569 1400 3176 1478
12937 6335 3231 1617 1568 1400 1618 5022
12938 3928 1405 1400 5884 5715
12939 1578 1585 1480 5021 3163 1400 1409
12940 3884 3915 1782 1400 1306 3818 1828 2591
12941 5885 579 675 677 3015 1078 1233 3861 1400 1306 1194 1231 5886 5519
12942 579 3215 675 1235 1431 3861 1400 5521 5520 678 5519
12943 5889 2595 5495 1274 5887 1400 5888
12944 1479 1395 3928 4618 1613 1610 1374 1477 63 1682 3988 1626 1542 3438 1415 5589 5890 1400 1419 676
12945 7003 7014 7025 6925 6991 6980
12946 2580 2950 5170 5193 1129 1496 1400
12947 1164 1894 5113 3985 1442 1682 2999 5893 5244 1431 3955 295 3501 1400 3818 697 676
12948 5894 1376 1894 5895 1400 1518
12949 5680 2906 4812 1400 2756 2755
12950 5584 1400 3176 1600 684
12951 3178 2134 5896 1400 2263 4348 1408
12952 2945 3977 2189 1400 1828 4616 3882
12953 5899 5897 645 5898 1400
12954 2187 1684 1626 2657 1400
12955 2699 1400 1365 1079 676
12956 1159 1181 1192 1148 1170
12957 7069 1126 7036 2736 7058 92 392 7047 2025 4780 2692
12958 5900 1540 5901 1400 4273
12959 3987 3988 2702 548 1400
12960 1691 655 1400 1828 5902
12961 1900 1796 5904 1400 1828 3430 3185
12962 4610 5568 5852 1527 5010 1400 7713 3911
12963 4990 1400 3190 694 693 3488
12964 3833 1626 1400 456 1651
12965 5906 4267 3439 5905 4098
12966 4267 509 1462 610 4646 1021 3549 569 426 3115
12967 2546 5907 4267 3863 5642 215 3498 5416 3266 5479 2762 5908 4333 5107 1075
12968 7102 1814 7114 7080 7091
12969 1750 4267 5911 5910 5355 5912 5423 5553 5913 2582 5671 5909 4861
12970 4267 2051 5915 2056 594 4646 2053
12971 4267 5916 3522 3521 5153 8126
12972 4267 3075 3929 8047 4609 5918 5917
12973 4267 5919 2959 5411 2940 4482
12974 3048 4267 5922 5921 5920 2440
12975 4079 4527 5926 5923 5924
12976 4870 8279 3290 2372 2307 3142
12977 4852 4531 4870 760 2001
12978 762 4606 3856 1918 5927 3853
12979 7158 7169 7125 7147 7136
12980 1918 5928 5929 5301 3591 2287 2341
12981 1750 1918 119 5930 4286 4288 2135 3804 205 2786
12982 5931 5935 1918 5934 4525 6969 5932 5933 3983
12983 3733 2206 5057 3289 4218
12984 5937 2649 2306 807 2564 3106 7546
12985 4523 3356 5939 316 5938
12986 4523 5203 1127 3192 2136 4564
12987 247 5780 4800 5941 5942 5940
12988 3356 5119 2156 4800 3970 2833
12989 2886 227 1649 4200 3117 249
12990 7202 7213 7191 2725 7180 1348
12991 3426 3750 4151 2308 1679
12992 4823 256 3426 5944 5943
12993 4259 5671 7680 5945 2555
12994 8174 3033 5671 4623 5946
12995 5950 5392 5948 5949 4198 3465 5671 4024 3463
12996 20 2318 5330 3296 232
12997 2875 3977 4427 2318 3390 560
12998 6903 5161 4833 2318 4832
12999 4316 2318 4314 1639 2001
13000 3096 5951 2318 2897 4272
13001 7269 7280 7225 7258 7236 7247
13002 2966 4871 5952 2318 5362 2204
13003 4574 5562 2666 2318 5953
13004 3067 2318 5115 4957 4367
13005 2533 2534 2587 2318 5509
13006 4411 4229 2318 4622 4265 5383
13007 5954 2548 5288 4709 5467
13008 5955 1412 5956 3305 5467
13009 5010 3305 2372 5837 5467
13010 2032 5192 3650 3569 5467
13011 4378 2599 4727 4729 5467
13012 2514 7291 2559 7302 6880 7313
13013 5957 3603 2586 5959 5340
13014 5957 2994 2249 3396 1674 469 1676
13015 5067 2949 5960 8141 3645 4957
13016 2949 5919 8141 4135 3643 1375 5962 4024 441 5961
13017 5813 2949 24 1783 5963 253 2032
13018 5964 3293 2949 2190 4842 1616
13019 5965 2949 1427 2190 1571 253 4834
13020 3048 2949 8141 4399 4996 3645 5967 5966
13021 5007 2949 5632 4644 4008 5967
13022 2051 3079 4744 5101 5968 4639 6480 5239 3629 3475 5970 3005
13023 1115 7336 7347 4558 7324
13024 2187 3752 6480 4805 4235 225 2165
13025 2650 2176 5134 6480 5920 2435 3574
13026 1094 1206 6480 1207 2265 3318 5971
13027 4703 2160 4429 2167 6480
13028 5973 5086 4725 4714 5623 5972 7991
13029 2044 2118 5928 5623 5975 5974
13030 4714 5389 1737 5623 5602 3588 3133 5612
13031 5746 5976 1317 1225 1855 5977
13032 5318 2142 96 4387 1225 5316
13033 5642 5742 1700 2064 1225 2550 5978
13034 7391 7358 7380 4558 7369
13035 8121 3155 2678 5295 1225 5979 3156
13036 3511 3155 1909 555 5981 1225 3532 3156 5982
13037 3155 589 5828 1225 3156
13038 3155 4586 2698 5983 2241 1225 3500 5371 3502 5831 480 1799 3156 1806 5984
13039 5986 3155 1225 5985 3156 8175
13040 3509 4501 1225 3156 5987
13041 3916 5988 5737 236 1225 5990 5989
13042 3386 3155 2707 1225 3645 3187 5873
13043 3155 5992 1225 5993 3156
13044 149 5994 1827 3155 1368 1225 4494 3156
13045 7424 7402 2014 7413 4558 2180 1947
13046 2044 2124 5997 6502 5995 5996 1225 5621
13047 5682 62 3535 1225 5998 3420
13048 5234 4337 1225 3156 4329
13049 2018 1225 4874 5628 5999
13050 3155 2115 631 2957 1225 3156
13051 3155 6001 1225 3156 3443 6000
13052 3155 1998 593 6005 1225 6004
13053 3155 1225 3824 3110 5409 3156 8158
13054 3155 3872 1225 853 3156 51
13055 3919 1225 6006 3156 6007
13056 7447 7458 7469 7358 4558 7435
13057 3155 1225 6009 3156 6008
13058 4098 1048 968 1434 1039 6010 978
13059 928 1016 927 653 897 1171 1049 945 968 1098 1082 1434 1196 918 1040 1041
13060 1048 1434 1196 1713 1715
13061 1106 1434 1713 1139 1000
13062 6011 997 975 1434 1040 1713 1712 1053 939 1846
13063 1185 1434 1713 1715 1712 981
13064 897 1254 1434 1196 898
13065 1117 1254 942 1434 918 972
13066 1065 1049 1056 1082 1434 1713 1715 1712 981
13067 1214 1248 1226 1259 1203 1237
13068 1958 7402 2558 4558 7502 991 7513 7491 7480
13069 1028 1048 1711 1018 1434 1213 1196
13070 1434 1196 1713 1715 1712
13071 1056 1202 1434 1213 1713 1715
13072 1117 1254 1049 774 1055 1727 1082 1434 918 1024 1071 1122 1561 6012
13073 1023 1434 1435 775 1150
13074 3894 2250 2506 1074 4595 1056 3207 1434 1712 981
13075 977 1434 1713 1715 1712
13076 1117 1723 1434 1024 938 1053 412 939 1057 1010 978 6013
13077 942 975 968 1434 1435
13078 1074 1434 1498 1713 1715
13079 4492 7524 7535 7546 4558
13080 1434 1715 1066 1759 981
13081 1004 1117 1898 974 975 1434
13082 1434 1713 1715 1712 981
13083 1434 1196 1713 1715 1712 1010
13084 5271 1737 1434 6015 2290 2342
13085 1434 1196 1713 1715 1712
13086 1434 1196 972 1713 1712
13087 1434 5384 1713 1715 1712
13088 5936 5714 5758 5839 6058
13089 388 1259 4102 2501 5064 2624
13090 7569 7591 1792 7580 7558
13091 2306 5145 760 328 1933
13092 47 5445 6016 2443 2088
13093 814 2122 3770 6017 2200
13094 5458 3800 3858 6018 3836
13095 677 1233 3867 655 4113 5519
13096 816 409 3872 2126 6825 330
13097 6020 3612 6021 714 6019
13098 375 1988 874 6022 5665
13099 874 6023 6026 6024 5609
13100 4035 5335 741 2222 7557 737 853 857
13101 7602 7624 4413 4758 7613 2825
13102 6027 4035 5335 2394 1489 5113 741 754 737 2398 735 2397 6446
13103 6032 6029 6031 5257 6028 6030 2519
13104 3741 416 3742 2519 417
13105 4452 6033 5828 5552 6035 3106 1923 6034 5469 4843
13106 6039 6033 7014 6038 3755 2200 6037
13107 6033 3825 3836 1989 3791
13108 5257 6042 131 6041 5665 6040
13109 2160 6043 6044 131 2927
13110 3814 8210 4242 6045 6046
13111 409 2983 642 2336 6048
13112 7069 6635 7635 3425 15 7646 7657 81 2636
13113 3132 3675 255 6050 6049
13114 1597 2380 6602 6051 1989
13115 3047 3280 3225 3102 3058 3125 3136 3158 3091
13116 3047 3102 3080 3114 3125 3136 3147 3158
13117 3069 3392 3114 3125 3180 3014
13118 3392 3291 3324 3058 3125 3136 3258 3180 3313 3269 3236 3302 3091
13119 3392 3047 3324 3225 3080 3247 3125 3158 3191 3337 3381
13120 3392 3247 3125 3158 3236
13121 3069 3392 3291 3047 3324 3102 3125 3136 3180 3025 3269 3236 3091 3014 3169
13122 3069 3324 3225 3102 3058 3125 3136 3258 3025 3313 3269 3236
13123 7691 7825 7836 7724 7735 7814 7792 7757 7803 7781 7847 7858 7768 7680 7746 7713 7880 7669 7702 7892 7869
13124 3047 3280 3225 3114 3125 3348 3258 3337
13125 3069 3392 3047 3280 3102 3114 3125 3258 3180 3025 3313 3269 3158 3236 3302 3359 3091 3014 3169 2969 3213 3191 3337 3381
13126 3047 3280 3225 3102 3247 3114 3125 3025 3313 3269 3359 3091
13127 3392 3202 3247 3114 3125 3147 3348 3258 3180 3025 3313
13128 3069 3392 3202 3280 3102 3114 3125 3258 3180 3025 3313 3269 3158 3236 3302 3213 3191 3337 3381
13129 3392 3058 3125 3258 3313 3236 3359
13130 3202 3280 3080 3247 3058 3125 3180 3025 3269 3302 3169 2969 3213
13131 3202 3324 3058 3125 3269 3236 3359
13132 3069 3324 3125 3180 3381
13133 3324 3247 3125 3136 3258 3313 3169
13134 7925 7903 7969 7936 7958 7947 7914 7669
13135 3392 3202 3280 3247 3125 3180 3025 3313 3269 3158 3236
13136 3324 3125 3147 3302 2969
13137 3047 3280 3225 3102 3247 3114 3125 3348 3025 3313 3269 3158
13138 3392 3202 3058 3125 3313 3236 3169 3213 3381
13139 3392 3047 3280 3125 3258 3313 3269 3236
13140 3069 3102 3080 3125 3136 3147 3158 3091
13141 3280 3225 3102 3125 3136 3158 3091
13142 3047 3324 3225 3125 3158 3236 3302
13143 3202 3247 3125 3348 3258 3025 3269 3158 3236 3302 3359 3091 3169 3370 3213 3381
13144 3125 3180 3025 3091 3191
13145 7980 8014 8003 7880 7669 7991
13146 3069 3047 3225 3125 3136 3091
13147 3069 3114 3125 3180 3025 3337
13148 3280 3225 3125 3136 3180 3269
13149 3280 3114 3125 3147 3158 3236 3403
13150 3280 3125 3180 3025 3191
13151 3069 3114 3125 3147 3158 3381
13152 3280 3058 3125 3136 3158
13153 3069 3324 3125 3403 3381
13154 3125 3348 3258 3180 3313 3269 3236 3302 3359 3091
13155 3047 3280 3114 3125 3158 3236 3370
13156 8058 8036 8069 8047 8025 7669
13157 3058 3125 3136 3147 3091
13158 3392 3114 3125 3136 3180 3313 3269 3236
13159 3202 3058 3125 3258 3269 3236 3302
13160 3102 3125 3258 3025 3313 3269 3158 3236 3302 3091 3213 3191 3337
13161 3069 3047 3280 3114 3125 3147 3158 3236
13162 3047 3280 3114 3125 3025 3313 3269 3236 3169 2969 3213 3381
13163 3280 3225 3125 3348 3269 3158
13164 3047 3324 3280 3125 3180 3269 3236 3370 3403 3381
13165 3047 3280 3225 3247 3125 3180 3381
13166 3392 3080 3247 3058 3125
13167 8091 8080 8102 8113 7669
13168 3114 3125 3359 3169 2969 3370 3381
13169 6053 108 991 2936 1929 6052
13170 3847 6054 3858 3825 3836 6055
13171 2334 2332 4301 6057 4028 6056
13172 2334 2332 6059 4029 6060
13173 2334 2332 6061 2335 3822
13174 2333 3783 2332 3768 6062
13175 1968 64 6063 6065 2571 6064 3503
13176 8227 7535 6066 2309 3503 2555
13177 85 2581 2429 3649 932
13178 3780 4224 1281 1270 1192
13179 8114 8117 8116 8119 8120 8115 8118 7669
13180 4775 6067 1845 4807 868
13181 6068 2177 6070 4929 868
13182 1351 98 635 1655 868 1660 676
13183 8133 409 6071 6072 3828 5920 2023 2141 868 541
13184 6074 5611 6073 4992 868
13185 790 2305 6035 2881 1383
13186 3771 8270 2379 8269 1725 1758 1747
13187 3771 1686 3583 3779 6075
13188 6076 405 6225 6024 6091
13189 3344 688 1375 3321 6091 6077
13190 8121 8122 8124 8125 7669
13191 6079 6078 5181 6083 6081 3892 6082
13192 6047 3553 3541 3544 3549 3557 3540 3543 3550 3551 3554 3545
13193 6047 3544 5269 3549 3540 3562 3561 3555 3556 3554 3545
13194 6047 3544 5269 3549 3540 3546 3562 3555 3556 3554 3545 3552
13195 6047 3541 3549 3557 3540 3543 3550 3551 3554 3545
13196 6014 5858 11 5658 3291 6047 5903
13197 5847 5758 6003 6047 5681 5914
13198 5658 5703 6047 5969 6036 5636
13199 5703 8 5714 6047 5880 5647 5681
13200 5703 8 6047 5869 6058
13201 8127 8128 8130 8126 8129 8131 7669
13202 5925 6047 5869 5636 12
13203 5758 5980 6047 5670 5869 5814 6036 5636
13204 5069 5980 6047 9 5803 5914 5636
13205 5858 5792 5936 5925 6047
13206 6047 5869 5803 5814 5969
13207 6047 9 5869 5803 12
13208 5714 5991 6047 6058 5914
13209 6025 5758 5991 5836 5892 5925 6084 6047
13210 2301 5200 1626 2463 5953
13211 2033 21 2825 2372 2641
13212 8133 8132 8136 7669 8135
13213 5781 5625 3807 2825 5603
13214 6086 6087 1932 6085 2200
13215 3814 3847 6088 2097 3858 3825 3836
13216 96 2122 6089 7324 8253
13217 6090 2868 6092 2386 255 6093 4028 8253
13218 7258 4694 4258 7347 6094 4892
13219 3773 6095 8257 6969 6062
13220 7836 4030 1888 7224 1590 6096 1078 313 6097 2509 4055
13221 7280 6903 321 7402 6098 6099
13222 6101 5193 2951 2660 6100
13223 8140 8141 8138 8139 8137 7669
13224 3692 6104 404 207 6103
13225 6106 241 3571 1488 235 6107 300 2247 6105
13226 6108 6110 6109 3212 5587 1037
13227 6112 6115 6116 614 5347 6111
13228 2858 6117 6118 5580 3825
13229 6120 6121 6122 6119 2280
13230 6123 2909 2910 2911 5711 6124 5782
13231 34 7458 2102 96 6061 255
13232 53 3642 1489 2102 6126 3262
13233 2102 1363 6127 1667 245
13234 8147 8146 8143 7669 8142 8144
13235 1072 1208 3197 5019 714
13236 5036 5069 5058 5014 5136 5213 5191 5247
13237 5036 5069 5058 5091 5014
13238 5047 5025 5080 5036 5069 5058 5091 5014 5136
13239 5658 3291 5014 14 5980
13240 5725 5792 5014 5825 9
13241 5847 5758 5836 6003 5892 5014 5880
13242 6014 3291 6025 5014 5869 5969 5914
13243 5758 5836 5892 5014 5925 5880
13244 8299 5847 8 5714 5014 9 5969
13245 8153 8150 8152 8151 8149 8148 8154 7669
13246 5658 5758 5014 5 5925 5869 5636
13247 5792 5892 5014 5880 5803 5914 5947
13248 5014 5869 6058 5914 5947
13249 5858 3291 8 5836 5014 5869 5814 5636 5947
13250 129 687 1094 1351 98 120 2811 6128
13251 5582 5257 6031 2297 151 5864
13252 1845 5828 5257 6129 4220 5468 2340 2341 2345
13253 6131 3612 5257 5135 6130
13254 5582 5257 4200 6132 8165
13255 5257 313 522 3640 246
13256 8159 8158 8155 7669 8157
13257 5257 6135 219 6134 6133
13258 3600 347 1722 2863 5435 6137
13259 261 5435 2501 4455 4804 3133
13260 5435 2574 5819 5254 6138
13261 6034 689 1615 2771 5558
13262 725 6140 2458 6139 8003 561 3789 628
13263 4251 725 2360 6142 561 6141
13264 3053 5512 725 2458 3982
13265 4434 2569 4428 6142 220 4249
13266 4692 99 4434 4428 3812
13267 8163 8161 8160 8164 8162 7669 8165
13268 311 6127 2194 2458 4434
13269 6143 6144 728 4868 2389
13270 5181 6145 138 5421 2524
13271 6146 6958 6149 6148 6150
13272 6146 3776 6151 4396 4592
13273 3779 8268 6153 6146 6152
13274 3861 6154 246 850 244
13275 3826 6891 6113 5224 3844 5255 850
13276 6155 2486 1229 854 497 850
13277 2469 2471 6027 852 53 5446 2474 3642 1489 6669 2486 856 7446 2996 2480 7557 2468 854 2473 737 738 853 6780 851 5780 6156 855 1725 784 5669 1758 850 857 1747
13278 8170 8169 8168 8171 8166 7669
13279 852 6780 2462 6156 855 5940 850 2479
13280 6027 53 3642 1489 6155 6669 2487 2222 7446 6113 3726 1703 738 743 2462 3175 6156 855 5255 5669 850 6224 5558
13281 6155 1681 2473 754 3726 737 853 851 3175 6446 784 5669 850 857
13282 5335 7335 753 741 7224 3264 3726 737 738 497 855 6446 784 5669 850 5558
13283 2469 5335 7002 5446 2474 7335 6155 856 6157 7224 2222 7113 2480 7557 2488 1714 6891 854 737 853 6780 2462 735 6156 855 6159 784 6160 5669 850 857 6224
13284 7002 783 6157 7224 7446 2368 6161 854 1475 737 1322 850 6224
13285 2469 6162 852 5335 53 5891 2474 7335 6164 753 6155 741 1378 6157 7446 746 7113 7557 2488 3264 6891 854 6113 2473 6557 743 853 6163 6780 3678 5780 2462 735 6156 1725 784 5255 1758 850
13286 753 6891 1703 853 6780 851 2462 6165 6156 855 784 6160 850 6224 5558
13287 2469 5335 2394 753 783 741 740 1378 6157 7446 2480 6891 6113 6557 3678 851 6165 6446 784 5255 850
13288 5200 2474 6157 752 2463 6163 6166 6167 6446 2464 5940 850
13289 1314 1303 1292 4002 1270
13290 8173 8176 8174 8177 8175 8172 7669
13291 2471 6027 6168 3264 6780 497 850
13292 6162 6168 2480 3384 850
13293 1378 6157 520 3175 6160 850
13294 6027 852 5891 745 6155 783 1378 856 6157 7446 746 7113 1681 3264 6891 854 649 6113 3726 738 743 5780 497 6446 5255 1322 850 5554 857
13295 6172 1534 6171 262 6170 850 4505
13296 3511 6168 2474 208 2486 1714 850
13297 2486 1229 6173 850 3933
13298 6168 2487 2486 7113 1681 6780 6156 6160 850
13299 7002 6168 6155 6669 2996 6171 5224 743 3678 850
13300 6168 854 6160 850 5558
13301 8179 8182 8180 8181 7669
13302 5335 53 6168 745 5446 746 1681 854 1703 737 853 6780 851 497 2462 6156 855 850 755
13303 6027 6168 7335 752 7224 7446 746 1229 738 3175 6160 850 6224 5558
13304 6155 1229 6171 6557 2942 850
13305 2222 6175 6174 6173 789 6160 850
13306 5335 6891 754 5224 851 6156 850
13307 2282 4317 1681 2395 787 1703 850
13308 851 2462 6156 1758 850 857 6224 1747
13309 856 7224 1714 6891 2485 851 497 2462 6156 855 2464 850 857 5558
13310 852 7002 854 6113 850
13311 6155 6157 2488 851 2462 850
13312 8186 8184 8183 8185 7669
13313 7335 7224 1229 6176 851 2462 6156 855 850 857 5558
13314 6171 4579 3726 1703 738 3678 855 850
13315 7557 742 738 6163 6780 6446 850
13316 5817 6160 850 5554 6224
13317 2488 497 6156 850 6224
13318 6164 6171 851 497 5940 850
13319 31 6157 6002 6177 6780 855 850
13320 1171 911 1052 915 951 6154
13321 516 974 975 1098 1040 938 939 6154 1041
13322 516 1040 934 939 6154 1041
13323 115 8191 8187 8192 8188
13324 3272 4615 1018 275 295 4773 6154 468
13325 1168 1072 907 1032 1727 1247 1213 1039 6154 1201 978
13326 1112 8036 516 937 1550 918 1040 1071 1022 1000 6154 970 1041 84
13327 3216 6178 4375 3222 312 6154
13328 3206 1283 3189 3188 6179 6154
13329 6032 8122 6181 6182 6154
13330 3383 3635 3380 2068 3372 6154
13331 1569 657 6183 6154 1357
13332 6184 3189 3188 3517 3241 6154
13333 215 820 305 1387 6154 6185
13334 8194 8195 4869 8193 1781
13335 8186 8184 1505 6044 4146 6154 4722
13336 6187 3188 5984 6154 6186
13337 6189 5946 6154 6188 1732
13338 2948 2962 6154 1635 3567
13339 164 3861 6192 3626 6190 2903 4649
13340 1232 1078 6193 6177 3861 3867
13341 3865 1234 1560 675 1235 1236 1232 1230 677 2143 3861 3867 1160 1306 5884 1231 676 5519
13342 2354 1232 3861 3867 5884 678
13343 2394 1235 1232 1078 1233 3915 3861 3867 1906 3567
13344 5049 5216 3861 3867 213
13345 8197 8199 3514 2703 8196 8200 8198
13346 1560 1235 5775 1232 1233 3861 1306 5884
13347 579 3038 2901 5101 1235 1232 3015 578 1233 2704 3861 3867 1783 5884
13348 1234 1235 3861 3867 5884
13349 1218 1222 1889 2957 3861 6194
13350 1469 3615 6195 1283 3152 2964 549 3861 6196 979
13351 1234 1235 1232 3861 3867 5884 4649
13352 2966 1477 1232 6193 1233 3861 1571 3867 5602 5884
13353 1235 5453 1232 6197 5575 3861 4835 1304 5884 6198
13354 579 1560 1232 1230 3015 3861 3867 626 5884 1231
13355 5101 1235 6199 1232 1078 578 3861 3867 981
13356 7524 8205 8202 8207 8203 8206 8204
13357 8114 3861 3867 5884 6200
13358 3902 3861 1884 6190 2770
13359 5919 2959 6201 5411 3861
13360 1234 1235 3096 6203 3015 3861 3867 4649
13361 1236 677 3861 1231 1217
13362 1234 1824 3861 3867 1906 5884
13363 2722 2719 6204 2987 2940 3531 3861 2085 2695
13364 3422 1234 6205 1235 578 3861 678 2872
13365 5893 6197 3861 4835 6198
13366 1234 6206 3861 3867 5884 6013
13367 8209 8210 8208 8211 8202
13368 2394 5910 1234 1235 1232 3861 3867 5884
13369 1234 5101 1235 578 3861
13370 2229 8130 339 3861 686
13371 1230 4303 3861 3319 1217
13372 1879 3015 1494 3861 3867
13373 1234 1235 578 1797 3861
13374 2979 1156 1234 1235 3902 3861
13375 4128 440 1671 1904 4112 244
13376 264 1469 624 242 246 244 506
13377 289 7280 582 241 97 234 224 236 221 229 230 246 244 506 456
13378 8214 8213 8216 8215 8202
13379 5220 2717 6207 263 244
13380 1854 235 462 229 240 230 244 506
13381 3396 6208 3116 2850 1096 221 2295 469 244
13382 296 610 231 290 46 2538 228 1629 244 4957 282 456
13383 6209 507 274 4490 689 6210 244
13384 1674 3199 1210 1774 244 2556
13385 286 504 283 224 462 236 287 219 233 624 240 242 230 244 6211 269
13386 2743 5240 596 244 506
13387 3865 4569 8129 3524 3523 244
13388 5686 6214 1835 6212 5588 244
13389 1292 3891 4335 3780 4224 8217
13390 1364 2728 244 4285 6215
13391 288 20 3319 3012 244
13392 321 271 283 622 272 244
13393 274 6216 4807 246 673 2483
13394 651 4712 3527 246 2693 2258
13395 6217 5487 246 249 704
13396 3731 655 1616 5879 246
13397 486 489 487 4356 1840 1837 394 3621 1839 246 4357
13398 4789 476 1950 6218 615 3571 3721 211 284 620 246 6219
13399 97 276 285 307 284 228 246 456
13400 1325 4002 4335 3780 1270 1192 226
13401 1292 3891 4335 3780 1192 8218 226 8219
13402 234 2271 246 3285 249
13403 1838 394 3368 3621 232 246
13404 5721 4595 3152 706 246
13405 295 307 221 232 246
13406 6220 7280 321 97 234 221 229 246
13407 5591 483 246 1841 4357
13408 285 232 284 312 1301 6221 1666 246
13409 193 1878 2131 3012 3662 6222
13410 2471 8264 6155 6669 7224 7446 1681 2395 787 3264 6891 3726 6780 855 3933 6224
13411 5446 8264 8265 743 2613 2234
13412 4391 8267 8220 1481 2370 2681 2758
13413 5792 5069 5991 5 6084 5647 5914
13414 5936 5714 5991 6084 6223 5947
13415 3291 5714 6084 5681 5947
13416 3291 5847 5991 5825 6084 5681
13417 6014 5725 13 5991 5892 14 6084 6058
13418 5658 5847 8 6084 5880 5869
13419 6014 5658 5925 6084 5914
13420 6025 5758 5 14 5980 6084
13421 5991 6084 5803 5914 12
13422 5758 5 6084 5803 6058 5903
13423 2202 8221 4459 2191 2036 59
13424 1856 675 4001 1206 3342 1158 1824 6226 534
13425 6227 5148 6230 6229 328 6228 1922 2373
13426 4940 2584 5650 344 3750 104
13427 4713 3750 6231 2089 2120
13428 4808 2565 7247 7613 1964
13429 3047 3324 3280 3225 3102 3258 3180 3236 3302 3359 3091 3169 3213 3191 3337 3381
13430 3392 3202 3047 3258 3025 3269 3236 3302 3213 3337
13431 3392 3202 3324 3247 3258
13432 3069 3202 3324 3280 3102 3114 3258 3025 3269 3158 3236 3302 3213 3191 3337 3381
13433 3069 3202 3047 3324 3280 3080 3247 3348 3258 3313 3269 3158 3236 3359 3091
13434 4980 8225 8222 8224 4969
13435 3069 3047 3324 3280 3102 3258 3180 3313 3269 3014 3169 3213 3381
13436 3392 3324 3136 3258 3313 3269
13437 3069 3202 3280 3225 3258 3180 3025 3313 3269 3236 3302 3359 3091 3169 2969 3213 3191 3337 3381
13438 3324 3247 3258 3313 3091 2969
13439 3392 3202 3047 3324 3280 3225 3102 3080 3247 3258 3025 3359 3014 3169 3191 3381
13440 3102 3247 3147 3348 3258 3269 3158 3236 3302 3370 3381
13441 3291 3047 3324 3102 3114 3136 3258 3180 3313 3269 3014
13442 3202 3324 3280 3225 3102 3348 3258 3313 3269 3158 3236 3302 3359 3091 3169 2969 3213 3191 3337 3381
13443 3069 3392 3202 3324 3058 3258 3236 3014 3169
13444 3069 3202 3291 3047 3324 3225 3258 3313 3269 3236 3091 3169 2969 3381
13445 8230 8227 8226 8229 8228
13446 3114 3258 3313 3158 3359
13447 3280 3225 3258 3180 3025 3313 3213 3381
13448 3202 3247 3136 3258 3091
13449 3324 3247 3136 3258 3313 3091 3014 2969 3370 3191
13450 3280 3225 3102 3348 3258 3180 3313 3269 3236 3359 3091
13451 3102 3114 3258 3180 3313 3236 3403 3337
13452 3047 3058 3258 3180 3025 3313 3269 3236 3302 3381
13453 3392 3247 3136 3258 3313
13454 3225 3348 3258 3269 3158 3236
13455 3280 3225 3258 3025 3313 3158 3236 2969 3213 3337
13456 8232 8233 7336 8226 8235 8231
13457 3147 3348 3258 3313 3269 3158 3236 3302 3091 3213
13458 3258 3313 3269 3302 3091 3014 3169 3191
13459 3136 3258 3180 3313 3269 3091
13460 3258 3158 3236 3359 3091 3169 3370 3337
13461 3348 3258 3180 3313 3269 3158 3236 3014 3381
13462 3136 3258 3180 3313 3014
13463 3258 3180 3025 3269 3236 3302 3091
13464 3280 3225 3258 3403 3337
13465 3202 3324 3136 3258 3236
13466 3147 3258 3191 3337 3381
13467 8238 8239 8236 514 8237 6125
13468 3047 3102 3114 3258 3313 3236 3337
13469 3202 3258 3236 3359 3091 2969 3213 3337 3381
13470 3114 3258 3313 3158 3359 3337
13471 3258 3269 3302 3091 3169
13472 2708 744 7757 49 1969
13473 2320 6235 6234 6232 6233
13474 6238 6237 3123 538 4432
13475 8221 124 35 6239 186 5875 1891
13476 2394 754 743 8158 735 36 5669 2234 277
13477 1228 5890 1279 6240 6241
13478 8240 8241 8244 6880 8242 514 8243
13479 2539 1360 258 1957 4274
13480 952 1953 326 1957 1725
13481 6182 2604 99 5629 811 1957
13482 6242 2486 3203 7113 3826 742 6557 6170 789 6224
13483 4894 2168 32 2283 6071 372 3105 5995
13484 5618 2110 2168 32 2652 2121 6243 2171 419 5920 811
13485 2117 823 2168 2167 364
13486 2168 372 5732 5748 5761
13487 2168 3778 2167 4029 2293 6244
13488 6246 1003 377 627 6248 2868 2111 2395 6245 3123 4380
13489 8248 2836 8214 8246 8251 8250 3547 3503 8247 8249
13490 752 6557 2096 6249 1758 1747
13491 3617 6250 1696 7969 6249 5541
13492 6252 6251 2289 6253 2508
13493 6255 2851 6254 3591 3781
13494 6257 6261 6259 6256 6262 6260
13495 7369 328 2200 8298 4242 1933 798 6263
13496 2097 3858 7369 3825 3836 1926
13497 501 3366 7369 498 500
13498 3170 6264 351 6265 6266 480 2114
13499 3435 1512 2440 2114 2067 2915
13500 1126 3936 2736 1436 8201
13501 4066 3685 2114 3683 4067 763
13502 2028 4241 4286 1036 6268 6267 2114
13503 1331 465 5228 1430 1428 2018 5021
13504 6270 1331 4537 4645 2018 4749 4753 6215
13505 6271 3493 554 2018 6017 394 1600 5668
13506 2124 2018 4382 5982 4138
13507 6272 2018 3148 6274 6273 6219 5555
13508 5899 1464 950 8036 6275 2018 1083
13509 4305 3088 2018 664 6277 4754 6276 3253
13510 520 671 5215 2018 521 1440
13511 1337 4335 4224 1270 1170
13512 1126 2736 8243 8253 8252 8254
13513 1349 5992 8174 2018 4508
13514 4962 3173 2018 3172 2273
13515 1331 2018 2274 6278 4620
13516 1391 1390 1472 2018 2478
13517 3170 5955 2018 8164 8162
13518 1331 2134 2018 1346 5488 5008
13519 6279 1850 2018 2682 1851
13520 6281 4403 6284 2183 6283 2019 1339 5201 6282
13521 5973 2019 2926 5920 6285
13522 2981 1894 1816 62 6127 1667 2019 1207 5128
13523 4313 8214 8258 8255 8257 903 4592
13524 1200 1860 1099 2019 1177 1023 1040 1071 1041
13525 1070 955 2957 945 2019 78 1175
13526 5988 2019 6286 6287 6288
13527 2019 5838 6289 6290 4805
13528 4403 5474 2019 6292 6293
13529 149 6324 311 5092 3167 5345 5941
13530 2981 264 1469 1809 3167
13531 286 6294 6295 2789 3151 3167
13532 4553 3167 46 2538 469 42
13533 3474 3167 4567 5685 7746 6296
13534 8260 6670 8259 8261 6792
13535 6298 3465 4405 3167 3463 6297 7713 694 693 7702
13536 6300 5416 1821 3168 3167 1855 6299
13537 1569 288 3396 5193 3270 4562 3383 3167 659 3009 312 469 2478 698
13538 2152 3206 3167 4613 2831
13539 2242 5795 5220 4704 3141 6161 3619 524 3167 1333 6301 6303 2613 6304
13540 2963 671 6127 1667 4604 5394 3153 1460 706 480 301 3167 4393 3629 6305 1416 6306 5105
13541 6307 6308 549 3167 3518 5863
13542 2953 3846 3849 4264 3167 3850
13543 5919 2959 5411 3167 5849
13544 2190 5856 302 6309 3167
13545 8264 8265 8262 8263 6792 8266
13546 1354 744 5488 6311 613 2244 6310
13547 3271 62 2406 1046 6312 3327 469 6310
13548 5007 1818 209 5634 211 210 2591 6310 2593
13549 5683 6314 2919 6315 6310
13550 3846 6316 3012 3662 6310
13551 1777 4001 1157 6003 1155 1870 1609
13552 8215 5306 1408 2538 1609
13553 5586 1355 3163 1365 1609
13554 3865 2768 4587 2896 5317 2831 1609
13555 5485 6317 1821 1609 3388
13556 8271 370 8270 8268 8269 8272
13557 1295 3161 6318 1794 8215 6316 3154 1609
13558 6319 708 2833 1609 5701 1373
13559 224 6320 236 243 1609
13560 1238 1889 6321 1272 1609 6077
13561 3198 4001 677 1609 3567
13562 1343 1863 6323 1609 6322
13563 1699 2848 2203 3059 6007 1609
13564 2302 6325 2062 7524 7 3131 2067 6326 6045 2050
13565 1640 3934 6176 6165 5879 6327 2605
13566 3161 4761 4763 5011 5879 6328
13567 8212 348 303 8134 325 8273
13568 1628 1879 1684 1617 3192 1618 659 5879
13569 1656 1128 1210 1382 5879
13570 1431 5021 1571 5521 5520 5487 5879 2261
13571 6317 3254 2837 5879 2204
13572 3832 5006 3830 5879 6296
13573 6330 2365 6329 5108 1616
13574 1546 1653 1816 6329 1158 1161
13575 1193 47 1351 6329 3308 4671 1306 4284
13576 6329 4518 5733 3935 5864 5077
13577 6331 3877 6329 5496 5886
13578 1214 5557 6936 6380 8282 4914 8283 8281 8275 8279 8276 547 6692 8277 4435 8274 8280 6681 8284
13579 2708 6329 6332 1578 1585 1409 1601
13580 5489 6329 6332 3255 1076 3163
13581 6329 7858 6212 6333 4564
13582 6329 1674 677 2750 3199
13583 1610 1477 6329 3915 1775
13584 4830 4178 6329 6332 4364
13585 4135 6329 4537 6332 6318 4556 4553 3867 1365 5884
13586 1661 6329 4366 3095 6278
13587 298 6338 6329 1368 6332 6339 1096 1221 4671 6334 6337 4839 6340
13588 6329 6332 1355 3908 6341 1801 1877 1802
13589 6936 2514 536 3936 1348 8285 4780 1069 8286 159
13590 257 579 3894 6329 5848 1209 1090 1306
13591 1653 687 6329 1351 6332 5415 6342 4184
13592 6329 1379 2691 1439 3462
13593 579 3254 2837 6329 2791 5763 6332 3015 4427 5613 5223
13594 6329 1286 6332 1619 1611 3922 1217
13595 4479 1610 6329 6332 4821
13596 5752 288 6329 6332 5119 3163 7713
13597 3870 2956 3823 6329 3848
13598 3197 6329 4537 6332 3652 8168
13599 1044 1477 6329 6332 3923 1877
13600 8287 8290 7591 8288 1170
13601 1191 744 6329 1578 1585 748 1409 1518
13602 6343 2901 3351 6329 6332 6344
13603 1236 6329 7768 1865 3462
13604 1372 6329 6332 4363 6345 3300 1828 5536
13605 1354 4489 6329 1153 2239 7702
13606 6329 6332 3161 1221 1522
13607 3899 4485 6329 5201 1865
13608 3583 8170 6329 6332 4963
13609 4691 2081 1304 6346 3720 1846
13610 6349 255 4691 6348 6350
13611 8291 8287 8293 8292 8294
13612 5823 5085 435 5344 5275
13613 3134 4153 6351 434 5085
13614 2860 5852 6352 1806 8146 5085
13615 4063 4087 2602 1127 4064 1123 5672
13616 4087 4088 4065 1127 4085 4066 1123
13617 1127 4081 4092 5673 1123 4070
13618 4088 4085 5730 4068 3682 4066 4077 3687 5673 1123 4084
13619 4081 3682 4064 3685 6353 3683 1123
13620 4063 4081 4064 4077 1123
13621 4063 3809 4081 3686 4062 4077 6353 1123
13622 359 1348 1370 1359 492
13623 8295 126 8298 8296 8297
13624 4087 1127 3308 6354 1123
13625 1377 1127 4085 5730 1123
13626 3048 3344 1127 590 1123 587
13627 1127 3682 4064 5673 1123
13628 5644 4068 3682 5427 1123
13629 4088 4073 3686 3685 6355 5673 1123
13630 4886 4082 6357 5730 1755 6356 5427 1123
13631 1628 47 1613 8215 3501 1306 1123 678 228 456
13632 4082 6357 5730 6356 1123
13633 3658 6357 5423 5427 6359 1123
13634 6014 8299 5936 5692 6025 5892 5 6036 5947
13635 4501 6357 5730 6356 5427 1123
13636 6357 5730 6356 5427 1123
13637 6360 6354 1123 2483 4070
13638 1377 6357 5427 4077 1123
13639 1377 6357 5730 6356 5427 1123
13640 3263 739 3362 6361 3345 5817 2397 6362 5526
13641 688 1166 5817 6183 755
13642 6363 2487 744 1127 5730 3682 6356 5817 4078 4070
13643 2860 5719 3239 5817 6364
13644 6365 5817 3009 4168 707
13645 5936 5692 8 7 5825 5803 5914 6
13646 579 6366 6367 3723 3732
13647 1001 2515 6368 979 3732
13648 1078 3501 682 1774 1631 2751
13649 4264 6371 682 6370 3393
13650 4815 5582 4816 5499 682 5303 5498 2545
13651 612 4088 4886 2351 5730 2493
13652 3209 2966 2495 1377 1617 2493 1618 4187 6372
13653 43 1543 2493 1572 1221 1382
13654 1193 2493 6373 6374 5519 5112
13655 3293 2495 2493 8129 5517
13656 5958 5936 5692 3291 5991 9 5647 6058 5747 5969 5636
13657 1366 1129 1613 2495 2493 1415 4915
13658 2495 2493 1639 439 8276
13659 2495 4090 1617 2493 1432 1387 42
13660 2495 1379 3402 2493 3345
13661 2495 2493 3687 3683 5554
13662 2031 3218 302 2493 4021 5017 2267 306 4834
13663 1650 2951 2660 2495 1375 1475 3402 2493 1468 3614
13664 1560 1230 677 8216 2934 6226 2691 5021 1231
13665 4172 6375 5021 1401 3645 4585 2596
13666 1129 1626 1755 5811 5021 4987 458
13667 5658 5692 5847 5836 10 5
13668 4956 2238 2239 1346 1639 5021 1401
13669 3037 565 5867 5021 5896 1493 6376
13670 675 5021 1591 1315 6377 2839
13671 1218 1894 3250 4001 5749 1089 929 1088 2657 1086
13672 1223 929 80 930 1176 1041
13673 1180 999 949 88 911 1200 1165 1008 998 920 929 1035 5258 940 540
13674 1211 926 1049 75 899 929 1048 977 932
13675 77 1149 157 924 516 929 919
13676 1012 963 929 1006 308 933
13677 929 1061 933 982 984
13678 5692 5847 5991 5880 5647 6058
13679 998 1012 157 929 1005 1006 4958 156
13680 923 929 1061 87 1118 1000
13681 77 1001 1012 929 8281 87 1059 933 702 776
13682 1095 1110 1186 929 951 1435 1071
13683 921 1012 963 80 929
13684 963 924 1056 929 80 4958 1006 82 8281
13685 88 77 1060 998 1012 963 929 4958 2125 90 1026 76 308 1139 932 982 938 979
13686 1012 963 157 929 1006 983 771 2125
13687 931 75 955 993 157 929 80 1005 1007 771 772 342 82 156 79 1009 964 776
13688 1027 953 929 702 996 964
13689 5958 5936 5692 5703 5 5925
13690 928 88 931 75 1027 998 993 963 1012 929 80 930 772 83 1026 702 84
13691 929 966 773 1007 772 1067 1023 938 982 984
13692 959 929 82 1146 900
13693 949 1070 926 1060 1019 998 955 993 920 929 4958 1093 940 4903 76 308 982 776
13694 77 931 1027 962 993 963 929 945 90 933 1139 702 674 775 982 985 1151 996 964 1029
13695 8173 1030 1013 929 1026 982 775 1151 964 984
13696 8127 1211 928 1135 950 929 1007 1098
13697 1095 924 516 929 8216 4958 1550
13698 929 4958 5258 968 78 776 912
13699 963 157 1189 929 983 2125 4903 156 76 985
13700 5725 5936 5692 5714 5925 5803 5747
13701 953 157 929 1006 983
13702 88 926 931 75 929 773 2125 4914 156 995 308 933 1151
13703 85 1256 929 1005 919
13704 75 1060 963 929 983
13705 1027 963 929 1006 2125 933 1139 964 776
13706 75 1019 929 1006 983 90 933 1139 702 775 1151 996 964 1029
13707 926 929 771 2873 540
13708 998 929 1006 2125 90 1026
13709 929 772 90 1139 964
13710 1068 994 8036 926 962 998 959 1111 1007 1020 900 951 1550 1109 964
13711 11 5658 5692 5703 5714 5991 5836 5980 5925 5803 5947
13712 1895 1016 1171 926 6205 1208 85 907 998 993 157 968 900 1326 2975 1011 982
13713 8127 1191 928 911 1070 1894 926 1183 1081 971 907 957 910 1035 900
13714 941 1034 1068 926 1081 1019 940 1163 1041
13715 923 1016 927 1028 926 1027 899 1012 1005 919 1023 1009
13716 1004 1135 1242 926 919 1018 4914
13717 950 926 931 75 1019 906
13718 1133 89 88 1200 926 75 1027 1165 962 85 907 998 993 963 157 1006 983 2125 772 90 83 79 775 982 985 964 984 776 1150
13719 999 926 1027 962 85 1019 1012 963 4958 771 90 1026 308 540 702 674 775 985 1151 996 964 1029 984 498
13720 1013 1112 1028 1200 952 926 1060 924
13721 1135 926 77 1001 1005 919 772 1146 1093 943 79
13722 5692 3291 5869 5681 5969 12
13723 1030 1135 950 1112 897 926 899 85 1060 1006 966 771 82 1282
13724 89 1013 928 927 1135 950 1112 1028 1070 952 926 77 931 899 1019 157 924 774 1006 966 1061
13725 926 1060 993 1012 963 157 1055 90 76 79 933
13726 8127 1034 86 8036 1070 926 1081 774 1109 985
13727 1013 928 1068 1135 926 1042 899 945 919 772 1093 904 902 1023 76 78 87 1039
13728 1016 1068 1135 952 926 1011 1053 948
13729 1653 926 1574 129 687 1347 1094 1351 128 635 1655 120 533 1207 676
13730 928 1072 1186 926 1038 997
13731 1013 926 946 1019 940 76
13732 926 1056 1086 5258 1196 1210
13733 2447 2336 2113 2225 2558 1558
13734 1425 1403 1381 1436 1392 1448 1414
13735 8299 5658 5936 5692 5847
13736 926 1132 913 930 948
13737 926 75 962 82 4903
13738 926 915 907 1032 956 957 5258 1040 1041
13739 926 1156 1008 1134 4958 1086 771 1146 674 912
13740 926 940 932 960 948 84
13741 926 1099 1060 4914 940 1039 2158
13742 926 4587 1019 1169 907 4958 1035 1178 960
13743 88 926 931 75 85 90 76 933 84
13744 88 926 955 963 157 80 919 983 82 1026
13745 1013 928 926 954 920 966
13746 11 5658 5692 6058 5681
13747 8127 89 999 949 926 955 983
13748 1168 1184 1212 1050 1035 909 1162 1177 951 1059 939 1131
13749 1174 88 1060 955 998 993 1006 930 772 90 83 8281 79 1059 933 982 985 939 84
13750 908 1095 1072 994 1576 917 955 1078 1162 1177 1178 1059 1073 1131
13751 908 994 911 1200 1070 1183 1165 85 956 957 1055 910 5258 3915 1177 951 1059 1612
13752 897 1186 916 1145 1130 910 1727 1104 1162 951 898 1059 1131
13753 1818 4560 951 1059 1634
13754 1184 4813 1104 1177 951 1160 1059 1131 948 6378
13755 1180 1186 917 5495 1035 1177 1196 1188 1160 1059 1556 1154
13756 913 1169 959 1111 968 4914 1059 1131
13757 5692 3291 6025 5069 5869 5747 6036
13758 1186 997 956 1177 1195 1187 951 1040 1059 1870 6379 960 1294
13759 1030 1135 6381 1008 1111 1834 968 951 1059 84
13760 920 1006 83 951 78 1059 933 1009 932 982 1131 84
13761 966 919 1059 775 964 984 1057 84
13762 1191 916 6382 1442 1059 1101 1131 3325
13763 928 1044 1187 951 1059 905
13764 4494 951 1059 674 996 2396 1131
13765 8036 1027 954 924 919 951 1059
13766 617 588 1059 3248 674
13767 1133 1169 1176 951 1040 1059 1131 912
13768 6014 8299 5936 5692 5703 5892 5803 5903 5747 5947
13769 1095 950 1167 911 1132 954 907 956 920 951 1059 905
13770 1095 911 915 913 951 1059 1131
13771 1092 1055 1104 4903 951 1059
13772 1168 998 993 951 1059 933
13773 1050 1169 1134 402 1853 1035 1059
13774 922 951 1059 901 5163
13775 1187 951 1051 1059 905
13776 5723 6384 6385 6383 3938 1176 1059
13777 90 1026 904 1059 1139 702 985 984 1131 1150
13778 6386 2828 1444 2604 6387 2817 6388 2813 6389
13779 5792 5692 5703 5714 5758 5892 5736 5925 3370
13780 6386 573 1726 3211 5501 6390
13781 6386 6393 2816 1861 6394 3461 6392
13782 3866 6386 1343 6395 5893
13783 823 96 7158 4492 6396 4692
13784 1697 96 5976 1855 1693
13785 4840 96 5801 3245 2761 6196 4805 2273 277
13786 322 1953 1761 96 824 5613 2287 7991
13787 96 4443 648 2126 326
13788 6397 6399 96 362 6398
13789 4096 2708 1590 1356 6400 6334 1288 4184
13790 5792 13 5658 5692 5836 5925 5803
13791 4771 1580 6334 6337 4772 2700
13792 2242 3200 3899 4813 1698 6401 549 2766 6334
13793 6405 6404 6403 2142 6334 3853
13794 7958 3944 562 6041 6334
13795 1482 2967 2966 2968 2752 3009 6334 6337
13796 3904 5744 1643 4208 3583 50 6334 6337 6406
13797 4332 1818 1140 6334 6337 1865 5536
13798 6407 1762 2957 1577 6408 5602 2366 2344 6334 2734
13799 2772 6334 4315 6337 6409
13800 1633 5724 4023 1632 6334
13801 5936 5692 3291 5736 14 6058 5814 5947
13802 1800 3899 4109 3905 5223 1580 6334 4772
13803 1244 6127 1667 3896 4533 6334 5072
13804 4145 6410 1801 3440 6334 6337 1802
13805 6407 3504 5616 3831 1374 1996 6334 1219
13806 2229 3899 1378 6157 6411 2961 6341 6334 6337
13807 1688 1689 1582 1589 6412 6334
13808 6414 3965 1454 5575 1453 6334 6315 5454
13809 1576 1402 4563 1877 6337
13810 3357 4693 41 5633 317 5875 3142
13811 261 4693 2463 2037 188 4249
13812 5658 5692 8 5 5903 5947
13813 7269 4935 4693 2667 6415
13814 390 1928 4693 661 21 186 2453
13815 4934 163 4693 2429 1497
13816 6416 631 4693 3116 5304
13817 6220 3396 4693 469 2556
13818 1291 6417 2866 5767 6170 4363
13819 1354 4548 3184 2724 7724 6313 4610 5763 7792 3989 4609 5767 5982 8175 608
13820 6420 6419 2724 3266 565 5723 6418 7925 1638 5409 2972 5767 5589
13821 2229 3899 3251 1849 5688 5767 5884
13822 2651 4394 1718 5767 1736 5698
13823 5692 5892 5925 5670 5880
13824 2235 5767 1693 5760 5761
13825 3899 3988 1528 2961 4563 5767 8171 6341 8129 718 1499
13826 4019 6421 5767 1277 1890
13827 1756 6422 5767 1221 2256
13828 3150 4487 1997 5767 2777 4779 6423 1871 3068 2771 3890
13829 3209 4596 1458 6427 6425 1554 2577 5767 588 6149 6426
13830 3827 6339 4400 2749 5995 5767
13831 2651 3108 274 5767 1451
13832 6428 5727 5905 1549 2174
13833 347 5727 5500 6429 1695
13834 5692 5703 5847 5825 5925
13835 5727 2266 6430 5320 4292
13836 5727 1702 4238 6432 6431
13837 5727 4509 6433 3453 6434 4709 1708 3469
13838 5727 6437 2653 6436 2973 6438
13839 5727 6439 6436 5701 5516
13840 5727 5262 6440 1731 1690 6441
13841 3442 5727 4400 6182 4779 1690 3959
13842 3434 347 5727 350 6439 1763
13843 6067 1697 2963 5727 3852 1289
13844 3434 5727 3096 4977 2861
13845 1459 1492 1470 92 1481
13846 5692 5703 5758 5825 5647 5869 5814 6036
13847 5727 3846 3843 6442 3850 2173
13848 391 347 5727 5723 2146
13849 5727 5452 6443 8125 1278
13850 6428 5727 4521 2173 5516
13851 1020 4796 2166 2304 2510
13852 5713 2617 3304 435 2304
13853 1020 3304 4150 5832 2307 2304 5157
13854 2321 5334 5338 3074 2304
13855 5337 6445 4471 6444 2304
13856 1628 1675 552 1809 3316
13857 5692 5703 6025 5681 5947
13858 579 1675 3396 469 2556
13859 1354 1672 579 1675 3386 675 1230 3708 6448 678 6449 5128 5873 5519
13860 1675 6450 1426 253 6211
13861 294 1624 1675 311 271
13862 1675 4489 3270 3255 578 230 6293
13863 586 1675 544 5902 5882
13864 1675 2249 544 7280 311 97 1674 1809 285 3199 46 596 284 2538 506
13865 1675 6451 311 468 4921
13866 1675 3254 2837 1509 6452
13867 1675 471 3316 46 2538
13868 5792 5692 3291 5714 5947
13869 5919 1675 2959 5411 3707
13870 1675 6343 582 3291 78 596 506
13871 1422 6453 2709 1419 8165 1269 1598
13872 4171 2607 1375 2609 5436 2608 6454 1732 1598
13873 1193 1234 1235 1613 1232 2607 6193 5884 2608 8115 2862 1598
13874 6456 461 1299 4510 2691 6277 5584 6455 4718 1598 3716
13875 5299 5967 1357 4231 3637 1598
13876 5130 2364 2607 3500 2606 2857 2862 1598
13877 5130 2607 2609 2611 1598
13878 2607 2606 2608 2862 1598
13879 5692 5847 5069 5736 5814 5947
13880 5095 3066 1640 2607 2608 1598
13881 5130 2607 2609 2608 2862 2611 1598
13882 2606 2859 2609 2608 2857 2862 2611 1598
13883 5305 4410 6457 4167 3614 1598
13884 1417 4276 2608 2612 1598
13885 3521 1678 5772 575 1598
13886 5200 261 746 5780 6459
13887 5200 4810 2183 6460 6171
13888 401 5200 3209 261 2487 439
13889 5200 261 4696 6461 6170 6459
13890 5658 5936 5692 5703 6003 3080 6058
13891 6027 5335 5200 5891 7557 2463 2468
13892 5200 6462 482 2463 464
13893 2469 852 53 5200 5446 3642 1489 5113 6669
13894 6027 53 5200 261 4696
13895 5200 4168 5517 5327 4201
13896 5597 2127 718 560 6463 2288
13897 2242 6465 1627 2950 3571 467 6466 3210 2437 39 2482 6464 700 452 429 613 560 469 4367
13898 5885 6467 1061 1022 560 2079
13899 6079 2160 2121 5606 2024 560 4293
13900 6032 1845 8271 2122 560
13901 6014 5692 5703 5069 5758 5736
13902 1223 4552 1494 4572 4167 1419 560 6468
13903 2293 6471 560 6472 6470 6473
13904 4417 5376 3533 5966 6474 6000 5374 3046
13905 1716 4131 767 5372 2439 1696 6477 6482 1456 4106 1910 5377 5595 6479 6481 1334 5376 6475 5370 6478 3533 6476 4860 6000 766 3117 5374 3046 3065
13906 5497 2829 6484 2810 5798 6481 1334 6000 6483
13907 5593 5497 1910 6486 6484 1455 6485 6000 4123
13908 6481 1334 2549 437 6487 6000
13909 5497 6488 1264 6000 3974
13910 6489 3260 6490 2820 6000
13911 5497 1829 6484 1333 5691 6000 4851 2061 2253
13912 5692 5991 5014 5814 5636 5947
13913 5831 2810 4857 272 6000 4285
13914 5497 5798 6000 6296 4123
13915 3484 7825 6492 6493 6000 6494
13916 1465 1699 4371 2848 1467 2686 2764 4156 3441 6000 6495
13917 3433 3234 3001 6000 3890
13918 611 2867 6074 1243 5490 6000
13919 2071 3094 6000 3537 6496
13920 6490 2618 6497 699 6000
13921 6009 3450 6485 6008 6000
13922 3484 4408 3485 6498 6000
13923 5858 5725 5658 5692 7
13924 216 556 4479 5721 6499 3708 3489
13925 2837 6499 2295 3154 6345
13926 4337 6500 6486 1454 6499 4707 6501
13927 1430 1749 6503 6499 5081 990
13928 2804 2828 2072 3628 5423 1007 4532 5962 6504 5374 4285
13929 1013 1060 1007 759 802 8243 932
13930 1174 915 3159 997 907 1007 909 1247
13931 1004 1242 1005 919 1007 1021 1023 1009 938
13932 916 931 1074 959 774 1006 1007 2125 79 775 985
13933 88 1121 773 1007 2125 1021 932 939
13934 20 22 18 21 16 17 24 4413 2825 6692 19 23 6725
13935 922 1034 8163 946 1111 1007 1054 1146 1053
13936 4958 1006 930 773 1007
13937 1012 919 1007 772 90 1026 79 933 1009 982 1062 979 964 1029 84
13938 908 999 1173 994 1007 771 951 78
13939 1007 772 82 76 87
13940 956 1035 1086 1007 1104 1163 951 982 1131
13941 1135 1099 1006 1007 90 1009 985
13942 1834 1007 977 965 1498
13943 6858 1070 75 1038 1060 955 945 1007 82 940
13944 998 993 1012 1007 2125 940 982 1029 984
13945 7524 16 25 27 2936
13946 1007 933 1139 982 985 1151 964 984 776
13947 930 1007 2125 1026 1188
13948 1112 1110 1111 1007 1163 1098
13949 1793 1208 2721 5026 1187
13950 3930 1793 1746 1526 2428
13951 8186 1793 2721 4198 2357 6505 1615 1952
13952 1793 2985 3505 6421 4631 6507 6506 3945 1386
13953 2181 2250 1793 2948 4594 1500
13954 1511 6218 1793 4400 3257 1549 1243 3905 810 3629 2146 4779 1289 1693
13955 3504 1793 4023 705 2146
13956 1459 1514 1525 1536 1503
13957 16 29 28 1725 1747
13958 3978 1793 6313 6509 6508 2204
13959 1793 5026 2988 6510 6215
13960 6511 666 1856 2983 1793 1698 5405 805
13961 1511 1361 1793 5848 1864
13962 911 6512 1793 1035 1162
13963 6514 1793 3259 4214 5635
13964 1223 3937 1793 3039 6515 295 1512 4576 6505 1288 1280 1388
13965 5616 3894 1793 2730 1216
13966 5885 1793 6516 2987 1438 1437 5333 1219
13967 5616 1793 4394 5925 3500 5896
13968 34 33 31 32 30 16
13969 1793 4631 1310 1312 1280
13970 6205 1793 6517 3349 5866 1216
13971 1385 3843 6518 3966 2291 1499 4731
13972 5889 3085 6518 3626 8113
13973 1565 5889 1398 7836 4578 2721 6518 6519 2189 576 5800 1345 5896 3911 1276 1408 1277 1386 2748
13974 6418 2962 6518 2752 1789 5444 1073
13975 2251 2250 4578 6518 2239
13976 564 6518 4591 4593 4024 4671 4585 3890 5701 1386
13977 4675 4645 6518 4972 5033 5466 4748 1997 4966 8102 5288 5043 4749 1871
13978 1565 1398 2948 6518 6421 2189
13979 6469 16 35 40 39 38 36
13980 5744 2229 6518 6406 2771
13981 5495 4560 4290 6518 4392 5888
13982 6451 6518 2961 6341 3881 6520
13983 545 5983 6518 633 5240 616
13984 2962 2721 6518 6519 1709
13985 1565 6518 2143 2189 1500
13986 4019 6521 6250 6518 5589 1387
13987 3928 6518 1405 2189 576 3163 3911
13988 3464 334 1899 1683 1477 6518 1480 1312
13989 566 6518 3963 1742 4718
13990 47 43 49 50 41 52 16 45 46 51 42 44
13991 2948 6518 6519 5026 4827 1410
13992 2946 6518 6523 4299 6522 1386
13993 6518 4966 4613 2085 5690 4708
13994 1565 4019 2251 2250 6518 3905
13995 4548 2730 6518 4400 3895 1287
13996 1398 5739 6518 4591 4593 3890
13997 5616 6451 1368 554 1568 2135 1277
13998 215 1376 3221 4217 5712 224 5404 4631 394 229 3472 1277 238
13999 1136 1642 5026 4827 6448 1277
14000 6525 4248 6526 5556 6186 1277
14001 5335 53 7224 1681 16 6113
14002 1511 3039 1744 2721 4878 1288 1277 1410 6215
14003 1355 5251 1690 1277 1695
14004 6527 5253 2988 1773 1772 1277 5762
14005 3831 6466 3210 3896 2146 3997 1277
14006 6528 5098 1504 1526 5831 1861 6529 571 4839 1277
14007 3909 1746 4421 1745 3657 1277
14008 2739 1756 3924 6530 645 6383 3145 1277 1216
14009 1746 2428 5800 1280 1277
14010 8153 6532 6430 5320 2046 5319 5397 2156 6531 6533 588 1277 5765 5117
14011 1329 3184 3189 1452 1277
14012 55 16 54 56 38
14013 3863 618 1457 2956 50 6534 2295 1277
14014 1762 3617 4000 6430 1355 5320 147 4761 2143 4762 4763 3372 1277 2276
14015 4416 6536 4704 554 6537 8116 1277
14016 1565 1364 1952 1277 2132
14017 6538 2305 1129 8251 8250 6539
14018 2305 4001 1157 1086 1209
14019 6540 5294 5697 3922 3327 1671
14020 6542 923 3149 6011 3052 3077 2352 6540 5241 3493 3152 1557 6541 1834 554 2236 1504 5242 1124 5052
14021 257 1950 6540 6543 8268
14022 6540 6544 6545 4282 4992
14023 58 7236 57 60 61
14024 1308 7792 6548 7803 6520 6547 7702
14025 5965 4338 6548 4472 6547
14026 3929 6548 5119 4496 7880 6547
14027 7691 4599 4911 4626 6547
14028 6551 3820 6548 6550 1794 6549 1096 6004 1272 571 6547 468
14029 1471 5948 496 6548 3467 5205 6552 4329 6547 6553 6554
14030 2998 1462 1268 5949 1721 496 6548 6556 2999 1510 1794 4160 4162 6555 5244 2704 495 4557 5205 6547 5107 5117 6293
14031 3985 6559 6417 6548 7803 5787 1835 6560 6547 7702
14032 3504 1374 6561 6547 6562 450
14033 4135 1350 6548 6563 6547
14034 6670 62 63 7236 6692
14035 6548 495 5982 6564 6547
14036 3351 3816 6565 6547 456
14037 1087 6548 1089 1088 6566 6547
14038 1344 4337 6548 3594 1317 4024 1272 6547 2079
14039 4911 3350 5564 8129 6547
14040 5872 6548 6556 5815 1596 6547
14041 6567 3834 4598 4550 4303 3704 2766 1440 4441 4839 948
14042 5214 1572 6568 4189 4441
14043 5550 624 3248 6570 4441
14044 1664 5521 5520 4441 5519
14045 65 66 64 7236 67
14046 390 661 60 2453 3719
14047 6571 5166 5176 400 6572
14048 5916 62 5176 1784 4414
14049 5176 6573 3476 1844 4165 498
14050 3782 5176 2334 648 2335
14051 3237 1648 4937 5673 5672
14052 2967 6574 6575 3483 2968 10 3678 5673 3012 3662 5672
14053 6356 5427 3687 5673 5672
14054 4316 4314 3686 4062 2399 5672
14055 2495 2236 4092 6355 5672
14056 1214 5435 2270 69 68 7324
14057 4088 1127 4085 4066 4064 3875 3685 3687 5673 3683 5672 4084
14058 4081 4092 4077 3685 3687 6353 5673 5672
14059 4065 1127 4085 4078 5672 763
14060 4088 6363 4068 6355 5673 5672
14061 4087 2602 4065 3682 3687 6354 4480 5672 4084 3688
14062 4088 4082 4085 4081 4077 3685 5673 5672 4084
14063 6363 5006 4085 4092 4077 6355 5672 3926
14064 4088 4081 4092 3687 5673 5672
14065 1127 4066 6355 5673 5672 4084
14066 4088 4085 4068 4066 4092 4077 5673 5672
14067 1570 1592 1559 1581 1603 1547
14068 2058 1214 3936 71 73 72 74
14069 4063 4087 4082 3682 4064 3685 3687 5673 5672 4084
14070 4064 4062 5673 5672 4084
14071 2730 4081 4092 5673 4078 5672
14072 4092 3687 6353 4083 5672
14073 4063 4085 4068 3686 3682 4066 4064 3680 6355 3683 4067 5672
14074 4063 4087 4085 4062 5672
14075 4073 5713 1127 4064 5672
14076 1127 3687 1694 5673 5672
14077 4088 1127 4085 5673 5672
14078 4087 4065 5572 4064 5673 5672
14079 86 1214 77 75 85 80 82 83 76 78 79 84
14080 4081 4068 6354 5673 5672
14081 4065 4085 4092 4077 6353 5673 3683 5672
14082 4087 3687 6353 5673 5672
14083 5746 5405 3686 4064 5672
14084 6576 4562 6577 4204 4092 5672 4174
14085 4063 4088 6363 3682 4066 4077 4067 5672
14086 3682 4092 5673 5672 4084
14087 6357 3682 4064 5427 5672
14088 4087 3685 3687 5673 5672
14089 4082 4085 4092 5673 5672
14090 89 88 1214 2125 90 87
14091 1040 412 5672 6578 1066
14092 1167 6581 5673 5672 6582 6579
14093 6357 5427 6583 6359 5672
14094 4359 679 6157 671 1358 1648 743 2398 8158 6183 6364
14095 1258 215 2246 1648 6170
14096 1716 6417 4537 6584 1648 5238 5576 1435 1579
14097 5702 1811 1648 3915 285 284 1612 4299
14098 6585 3203 6204 3066 1648 1531 2700 2132
14099 2362 1648 3263 1311 6586 1310 1312 1904 6364 4164 6012
14100 3277 224 3275 1648 219 243 220
14101 91 68 93 94 95
14102 5364 6587 1648 1789 258 6185
14103 3200 8216 1648 655 6183
14104 1441 8152 1515 1648 8149 5808 2156 260 6588 7746 2443 3175 3864 3472
14105 1372 4208 4172 2203 4264 1648 1412
14106 1648 3153 1774 827 273 1666 656 5637
14107 288 6195 465 1648 5008 5990 624
14108 1341 2789 2730 1648 312 6579
14109 3665 2698 3609 1648 2992
14110 1879 3270 2476 1684 2475 3389 1648 440 2477 2538
14111 1528 1648 1505 394 495
14112 7280 96 97 98 91 99 100
14113 1595 3195 1648 1820 1079
14114 2257 271 1648 5716 3984 2271 3232
14115 2471 679 7113 1648 6170
14116 4712 4411 3728 8216 2934 1648 2691 1437 4265
14117 3214 3526 5215 1648 6589
14118 6590 3820 1648 3433 1365 3983
14119 3526 1749 6592 1648 5092 3488
14120 1902 1648 3452 4715 5564 3455
14121 1628 3200 2837 1648 1399 1474
14122 3323 1648 1852 5294 5689 659
14123 6781 106 104 105 101 102
14124 2994 2352 1648 2353 4883
14125 3883 1905 8216 2934 1648 2691
14126 5931 208 4560 1648 1415 5869 2150 718
14127 4088 4073 4066 5673 4067
14128 4081 4092 5673 4083 4084
14129 4065 1127 4085 4092 5673
14130 4392 4064 3687 8158 5673
14131 4068 4066 3687 5673 4083
14132 4063 4088 5730 6353 5673 763
14133 1699 2848 2203 3237 1404
14134 1126 1115 4147 4136 4 107 101
14135 586 2742 5416 544 3237 3913 673
14136 5744 5724 3237 1809 2766 4482
14137 3603 6593 3237 3119 4423
14138 3904 683 2084 4310 5744 1643 1458 1411 539 3237 3884 5097 477 4662 524 251 5240 233 240 616 575 3212 686 457 277
14139 466 5450 3062 5968 2954 3237 5981 285 3446 284 468 1421
14140 1391 609 1367 1479 4310 1390 1471 1472 544 606 2685 2867 49 3239 3237 5855 2906 4204 1572 6595 1423 6594 1416 596 616 506 4865 3637
14141 3237 471 1713 4440 5628 1846
14142 6456 4615 3237 5584 1600 2261
14143 589 3237 6597 3475 6596
14144 740 3237 6171 3292 522 1703 6167
14145 108 1325 110 101 109
14146 5562 3237 4792 635 522 990
14147 1402 3237 6598 6196 5571
14148 3237 326 4725 4496 56
14149 3571 4479 3237 672 5641
14150 6599 545 6574 4178 6575 62 474
14151 651 6600 395 3529 62 290 5494 5399 6598
14152 62 6324 6601 232 5487 2261
14153 4468 4338 62 2599 2059
14154 6603 62 1490 5569 5571
14155 3964 6604 62 6606 3083 7914 6605 4294 4921
14156 112 8231 8267 111 2825
14157 62 516 6608 3084 6607
14158 53 3157 3642 1489 62 311 6609 6505 1556
14159 6610 62 4535 3652 563
14160 294 286 609 606 2257 62 231 504 290 224 297 2954 293 5097 299 236 5394 622 304 301 517 229 624 243 240 242 230 238
14161 6611 62 1349 2443 6612 4329
14162 2434 62 2086 5304 3084
14163 62 6614 6615 1000 145
14164 2759 3419 1538 508 62 4537
14165 62 744 3152 748 706 4571 2738 616 6616
14166 2484 6617 62 2849 2737 1855
14167 4302 113 8280 3337 116
14168 62 6217 293 478 287 2762 5967 6211
14169 62 3752 2004 6618 1846
14170 564 6619 3994 62 7925 6620 4591 4593 4282 1775 3890
14171 62 6606 6621 6623 6622
14172 6625 1393 6627 5674 94 2295 268 6626
14173 6625 661 2540 160 1966
14174 6625 6629 6628 6631 6630
14175 2129 6625 6502 5390 6632 3588
14176 6625 4801 6094 6633 6552
14177 5756 3178 5700 1691 4264 3609 8215 2750 1051 1282
14178 1647 1614 1625 1636 1658
14179 119 120 113 117 118
14180 5756 4918 4899 6556 2710 6634
14181 6636 5756 6637 1696 5798 8119 5438
14182 3216 5756 1407 5228 3727 3724 1423 6638 6322
14183 3964 4840 3863 5919 2959 6403 5756 6199 3112 4550 4715 1502 6639 4716
14184 2679 1562 6640 5756 2680
14185 3865 6511 5756 3971 1236 1230 1889 6408 1306 1273
14186 687 5756 1641 1347 1351
14187 6642 6641 6643 5756 5469 5699 2188
14188 5756 5794 6645 4977 6644 4978
14189 5756 3153 2909 1703 2910 5927 1275
14190 6747 129 2202 123 127 124 128 125 122 121
14191 5756 4587 808 2085 5514 538 6647
14192 8163 5756 6312 4010 5104 5106
14193 6648 5756 520 6649 4004 521 152 6650 694 693 3862
14194 5756 1477 1153 1796 1645
14195 5756 3879 6609 5005 2857 1421
14196 5756 3493 1566 6651 2297 6652 5076
14197 2351 5407 1198 6408 5406 3992 6653
14198 6279 1661 283 1850 6656 5407 6655 1475 6654 1468 2997 5406
14199 6658 4543 5214 6659 5406
14200 3711 5407 4366 5406 4997
14201 132 130 131 133 2025
14202 4145 2745 5407 6410 5406 5454
14203 1374 6534 5407 7858 5406 4186
14204 6662 5407 3596 6661 6660 5406 4192
14205 5188 6541 4571 1396 5406 1287 6663 5690
14206 3964 6664 4104 4137 3616 5406 6341 1881
14207 4399 6665 5406 1601 5075
14208 6666 4830 2983 5407 3234 5406 3935 5864
14209 6294 6317 6521 5406 3657 2252
14210 4871 5188 6654 5406 5189 5668 6616
14211 6667 5407 3596 6661 5820 5406
14212 136 134 135 130 138
14213 5407 6597 6194 3234 5406
14214 5846 3373 6671 3374 495 5406 5104
14215 2134 5407 3944 5406 4497
14216 6662 1849 5407 2357 5406
14217 3218 7803 5406 3217 3900 6672
14218 279 2906 5406 624 6596
14219 6339 5407 6674 6673 5406 6675 2067
14220 3993 5406 1851 6672 5695
14221 1557 5407 5708 5008 5406
14222 5407 6676 1752 5406 6677
14223 6903 139 130 133 140
14224 6678 6609 5306 3906 7746 1262
14225 1889 1619 6609 1796 3292 1645 5381 1154 1545
14226 6609 3934 1520 5123 3472
14227 6609 5352 6679 6211 6215
14228 2848 3251 6680 437 2262
14229 3149 4879 5403 6532 1699 2848 2745 6385 1537 1572
14230 1367 3216 1461 4596 2848 3266 1610 3942 1363 477 1617 4214 4556 5175 478 1422 4117
14231 1699 2848 2364 295 4393 4990 4231 1495
14232 2998 5895 2848 4562 2203 3884 548 4204 5244 1415 1262
14233 6682 5579 1540 1911 1699 2848 5976 1317 1904 3276
14234 144 149 141 150 142 143 154 147 152 153 146 151 145
14235 1136 3369 3987 584 1699 2848 1411 3884 1530 2704 2744 583 3885 693 4634
14236 2981 3506 1699 2848 2203 2982 3915 1195 2188 1220 4729
14237 3219 5872 4338 1699 2848 4339 2203 5059 3708 5873 3185 4729
14238 6683 1699 2848 2203 2600 1241 6684
14239 3293 1699 2848 2203 3090
14240 1779 6685 4359 6687 1699 2848 2203 6686
14241 1223 1295 911 915 1699 2848 1158 1215 951 1040 1255 1161 5518 1041 1152 277
14242 4577 1443 1699 2848 2203 6688 4105
14243 6689 1888 5895 2848 1637 2203 3204 1542 3352 3465 4626 1867 3463 3246 5117
14244 3832 2848 3830 2600 1342 6690
14245 141 77 75 85 157 155 156 79
14246 1911 2246 2848 5983 1834 572 616
14247 2790 1699 2848 5568 6691
14248 2981 3946 3422 2959 8161 2848 1818 5411 6693 2982 1195 6046
14249 2848 6509 4537 52 1884 4621 3885 5044 4729
14250 3250 2848 4339 2849 2365
14251 609 5810 2848 6694 287 3168 1416 5543 616
14252 3216 6666 1308 3242 2848 4304 1437 5244 706 2704 588 6207
14253 2848 6695 5580 4621 5984 6696 1288 686
14254 1699 2848 6698 52 6697 3308 3501 1415 1401 4120 4200 5009 1297
14255 4580 1699 2848 5059 5982 5731
14256 141 123 158 160 2036
14257 6610 2848 1507 5428 2203 5805 6699 4601 574 6700
14258 3899 1699 2848 6587 1449 1317 6701 3388
14259 6704 6702 1699 2848 4833 2203 4882 4192
14260 3219 2848 4339 2203 3708 6705 4420
14261 1628 3482 2848 3823 2282 4317 787 3192 739 3153
14262 1565 1699 2848 2203 1664 6706 5873
14263 1299 1699 2848 2203 4053
14264 7825 2848 4899 147 1739
14265 3832 6707 1699 2848 3015
14266 2848 5250 5896 6560 5765 6708
14267 141 8221 162 163 164 161
14268 2484 2848 1368 7781 3148 4757 3248
14269 3435 2790 1754 2848 6709
14270 6538 1699 2848 2203 7768
14271 2848 1411 2203 2954 3885
14272 5686 2350 6710 3932 4013 2753
14273 5686 6517 3178 6711 1210 3932 1631 906
14274 5495 4740 3932 6210 1264 6712
14275 5172 2737 3932 2793 6713 4159 707
14276 3932 710 320 319 3489
14277 6715 5751 699 6716 4013
14278 165 192 70 166 4224
14279 1335 4893 147 4013 6374 3659
14280 6717 3838 1611 6179 5576 3835 1365 4013 2709 4896
14281 1242 1860 349 2811 4013
14282 4339 5228 5000 6715 4340 4812 2399 4013
14283 1212 3250 6680 1247 5970 4013 6322
14284 6718 5993 2829 5322 4013 6719 3423
14285 688 5306 5061 5868 4013 6720
14286 6721 5497 6679 2829 4013
14287 2950 6722 1487 2610 435 2371 3285
14288 4135 475 6724 5442 6134 3640 513 6723 2371 3874
14289 1670 5113 1681 1692 1714 1703 1725 1758 1736 1747
14290 7447 171 169 167 168
14291 6129 3721 1496 2617 2371
14292 6726 2950 4799 430 6333 2371 457
14293 3704 5550 6727 2371 457
14294 6728 626 1401 4428 5383 2371
14295 3347 526 3346 3723 6729 2371
14296 6731 559 3778 2284 6730
14297 6734 6733 6732 4874 5824 4794
14298 5764 4818 1702 4819 5824 5290
14299 4874 5824 6735 5628 5659
14300 6737 6255 5824 5628 1846
14301 173 172 18 174 167
14302 5824 1713 4440 4804 2287 2288
14303 4240 5062 4814 6373 6738 6739
14304 1885 3024 5648 3592 187 2567 2794
14305 3024 162 5648 3033 5275
14306 4577 4792 6071 6740 4945
14307 401 2539 5823 5328 4792 1668
14308 4792 2876 3334 2195 3074
14309 3293 20 3050 5308 4792
14310 3356 4792 1668 2537 674 5628
14311 4965 149 6741 3303 4566 3937 2767 3282 4626 2548 3502 2360 4393 1383 3527 6406 6742
14312 176 175 8259 178 177 6681
14313 622 502 1383 4396 1418 3437 5490 263
14314 6743 3609 3667 6179 1383
14315 1511 334 675 1683 1519 5816
14316 1815 1236 1153 1611 2830 3163 5816 990
14317 1441 8299 3239 1611 1233 1128 5816
14318 271 2982 5904 5816 596
14319 3077 5702 467 8069 1611 3240 1311 1310 5816 1312 6183 3926
14320 6451 1683 1611 4533 5816
14321 3170 1753 3218 6331 3877 3260 1488 1515 5816
14322 618 3160 3152 4887 3908 706 5816 655 6744 620 4484 3185 1273
14323 112 1436 180 179 4402
14324 5816 2537 2709 357 3311
14325 1173 1818 1611 3193 2156 5816
14326 1816 675 1236 3609 5816
14327 661 6745 3401 4782 854 6024 3574 4274
14328 4994 6746 3401 1967 4959 3142
14329 5773 2539 1928 3401 4276
14330 6749 3401 2617 368 6748
14331 1653 3401 2535 6312 6690
14332 5015 2795 2565 5272 2852
14333 2040 6153 4651 2795 6750
14334 4202 2781 2191 1436 182 4448 183 4781 4402 6714 2825 184 6725
14335 6220 2580 1738 6751 1964
14336 6220 1350 4170 2733 1426
14337 401 6752 3610 2599 5639 1246
14338 5639 258 4968 6753 4862 2952 4732
14339 5339 1488 2534 6754 6755 8172
14340 1488 4721 5341 5874 4605 5331 6754 6756
14341 528 7836 4345 4594 1345 1500
14342 2585 6757 6759 5385 5630
14343 1316 3259 6757 3905 1582 1589 2262 676
14344 6761 1599 6760 2533 2534
14345 2191 185 182 187 188 4402 186
14346 1599 3590 6763 6762 8204
14347 2945 2580 6765 6766 6764 3031 2852 1964
14348 1391 1479 6767 4823 1366 2580 2590 6768 684
14349 3977 2580 2950 5299 4204 4428 698
14350 2580 4799 5115 6770 5707
14351 2580 2534 3050 635 6690
14352 2580 4411 4229 4622 4265 4221 4120 8129
14353 4540 6771 5328 3592 1967
14354 3592 1497 6520 3632 4484 1175
14355 3592 61 4360 2565 2796 3311
14356 193 191 4269 189 190
14357 5234 5795 6772 6393 6773 2582 4383 5371 6493 6497 3171 2076 6394 3486 699 240
14358 1402 5848 4908 2582 5470 2565
14359 2582 6486 5470 6475 6554 4722
14360 2449 2582 1519 4554 5011 3276 6774 3278
14361 1407 3831 3845 1523 2582 4585
14362 2899 4338 4339 4340 2582
14363 6775 98 6776 2582 4323
14364 5634 2582 6777 378 3979
14365 949 1895 1962 1816 2713 3190 4539
14366 2484 1962 4994 3419 4398
14367 6670 197 194 198 8187 195 199 117 196 6657 200 201
14368 2484 5328 57 440 6778 5630
14369 57 252 186 1941 23
14370 4412 2571 57 6779 711
14371 6407 6783 5739 5738 8213 4397 6782 233
14372 4108 5348 8213 4151 1685
14373 4289 6784 8213 6785 4630 3878
14374 2822 5172 8213 6786 5574
14375 4808 2031 6766 1703 6787
14376 5328 21 5509 6778 2796
14377 2981 4901 5328 1496 700 4177 4898
14378 195 205 202 204 206
14379 5328 1610 3360 6778 2032
14380 6687 8141 5328 3613 2950
14381 1653 687 1351 98 5022 676
14382 350 1262 5022 1282 1874 1660
14383 3216 5986 258 5022 1736
14384 1193 1617 1618 1194 5022 690
14385 2759 6666 4208 6002 1439 5022
14386 688 3568 1662 5022 5438
14387 1164 1390 687 5895 1613 1094 1480 3501 1401 5022 1382
14388 1477 3203 1480 5022 2244 3996
14389 208 212 209 211 210 195 207
14390 1206 98 635 1654 5022 5381
14391 6788 1655 1262 5022 1382 1757 6789
14392 2164 3649 5022 711 1657 676
14393 1234 6790 3211 6791 1276 5022 6793
14394 6795 1622 3844 6794 5022
14395 3231 4897 1415 1399 5022
14396 6796 2685 2708 2966 1098 5022
14397 8025 3881 4884 5022 575
14398 1164 3301 4203 1542 3726 1409 5022 5696 3926
14399 1610 3262 1682 1519 5564 5022 5902 5362
14400 1803 1814 1781 1769 1792
14401 217 216 215 218 213 196
14402 396 3131 376 759 7535
14403 4849 2893 791 399 6797 2530
14404 2893 2599 4469 2059 6798
14405 4529 66 4778 2893 6024 2798
14406 129 123 98 4947 1207
14407 1367 6405 762 740 6530 3257 5017 4628 6799 6800
14408 762 47 6375 4570 1219 1865 6124
14409 377 2110 3675 5995 2926
14410 334 34 824 2110 32 5732 6801 2144 809 541 364
14411 2110 8270 2379 6398 2004 991 5609
14412 239 223 227 222 241 231 97 235 234 224 236 221 219 229 233 232 243 240 220 242 230 228 196 238
14413 1567 8182 1307 6802 6804
14414 634 2358 4223 594 1996
14415 634 1992 6238 3752 3547
14416 5335 6805 6002 853 2560 3933
14417 5684 6806 28 3477 597
14418 2864 379 6808 6807 2466
14419 1959 3338 5303 2801 2466
14420 3281 439 430 2453 249
14421 4530 4426 2537 253 2453 2032
14422 162 3525 6809 6810 1011
14423 6758 245 29 196 244
14424 1344 1324 5532 1834 3500 6811 1345 1365
14425 2637 127 639 3742 1938
14426 2073 5428 5802 6812 2683
14427 5840 1107 4255 6813 413 5610
14428 2851 3577 6762 6089 5610
14429 6752 1649 1515 4414 1109 1416 6316 3305
14430 1649 2666 6816 1493 4309 6815
14431 222 717 396 6351 6817
14432 3251 1706 594 5995 6818 3984 3829 6305 6306 3232 3011
14433 6819 1224 5995 1328 456
14434 247 251 250 246 196 249
14435 298 4375 645 7803 1513 5995 3912 1870
14436 2167 2926 5995 99 5284
14437 508 2299 6820 2395 6822 5995 3153 2937 6821
14438 1575 3617 31 6824 3823 6127 1667 5995 120 1346 6823 6166 1678 1302 948
14439 1354 3411 1862 6452 5995 2145
14440 1564 1350 1521 5995 3953 2687
14441 3870 2985 5995 6826 6827
14442 7424 2070 4685 6828 4638 4943 4942 5354 4734
14443 5912 3873 5693 5363 1338 5694 6828
14444 2160 6829 709 204 4805 763 3133
14445 20 17 253 252 196
14446 1611 6830 6831 3133 6832
14447 212 6833 6834 6835 3582 2208 5541
14448 1340 3946 556 6833 1356 3950 2834 1279
14449 6462 2230 1557 6833 1426 6290
14450 2311 6833 6837 5750 2200
14451 496 6833 258 4253 602
14452 5919 577 5434 4126 2959 565 1393 5411 4198 3255 6833 6838 3457 1394 6840 6839 5206
14453 2181 6336 1633 1087 7792 1706 2351 1557 6833 1317 1632 655 7713 3854 5024 1388 1708 2952
14454 1166 6833 3375 3373 2896 6615 1429
14455 1722 6841 6833 2988 6827
14456 257 254 255 256 196
14457 4403 1949 219 5621 5668
14458 8058 1530 6843 6844 5668 3060 6842
14459 6845 5452 3886 3245 1245 5893 3828 5668 3068 4862 4174
14460 2182 2865 6848 6305 6846 5668 4237
14461 2727 3246 2024 5668 978 6672
14462 311 5855 1454 1463 1453 4228 5668
14463 6849 8122 6850 5668 4238 4237
14464 5857 1705 4518 6851 5449 5668 4237
14465 6850 6852 5668 4237 6853
14466 3410 5452 3872 6854 5668
14467 264 261 265 262 258 260 263 196
14468 3292 2984 3446 6855 2833 2694
14469 490 3173 1840 1494 2984 3172 1839 6856
14470 3484 4408 4901 1633 6324 1632 1505 3485 6493 2984 4812 4177 3486 3094 6860 6859 4285 5441 6857
14471 3207 2984 3232 6861 3979
14472 508 5379 1798 2984 6862 6863 5886
14473 549 2984 6314 6510 2464
14474 6864 6433 2984 6434 2710
14475 3149 1472 3270 3383 4837 440 2984 1474 3268
14476 2984 6866 1783 6696 6865
14477 4596 1458 1699 3571 6867 2203 2577 2984 229 233
14478 268 267 266 196 269
14479 507 6868 2984 243 3874
14480 4515 6226 2984 3944 6870
14481 5400 6868 2984 557 6871
14482 6872 3064 2810 2295 4116
14483 5693 5363 5694 2810 1861 5691 6873 6504 2819
14484 6875 6773 6874 5790 2810 2295 4884 5566 5547 5518 1533
14485 5979 2810 3690 6876 3294 6877
14486 2815 6878 5499 2604 2810 3512
14487 6867 3056 2810 6194 3055 4285
14488 6772 6879 6688 1444 2866 2473 2810 6881 6882
14489 271 274 276 275 221 272 273 250 196 277
14490 1756 86 3628 2810 1305 5323 1671 1105
14491 5309 2810 626 460 6883
14492 5693 5363 5694 2810 4285
14493 5783 6884 4953 4383 3153 2810 3466 613
14494 2998 3845 3221 5051 1910 5244 2810 1455
14495 6688 6885 2810 153 6487 1943
14496 2810 4812 6301 5456 6303
14497 1805 4612 5220 2406 2810 4812 4582
14498 5764 3078 5303 4839 6037
14499 1686 1597 4429 6166 371
14500 279 278 280 196 246
14501 1686 2282 4317 2395 787
14502 2474 6886 1686 461 6887 6132
14503 1686 6888 2222 2954 6171 6113 743 1419
14504 6889 4590 3434 1677 1686 3587 2351 2227 2926 4430 371 5624 3853 5608
14505 1686 568 1577 1729 1736
14506 3022 1686 4429 6546 2315 371 1758 6890
14507 6893 3107 1686 5607 6176 5626
14508 6895 38 6894 6896 3142
14509 816 2044 5611 39 38 2165 2288
14510 5273 6897 38 4804 5612
14511 1536 1880 1869 4558 1825 1858 1847 1836
14512 286 289 7280 288 222 290 283 276 293 287 291 247 285 221 219 284 196 282
14513 2124 5389 38 718 2108
14514 2289 38 6735 4804 6898
14515 1637 6900 744 2698 2985 6899 6383 6425 3986
14516 4096 2708 6383 3095 494
14517 2131 5749 6383 1577 5323 3661
14518 1795 4913 5403 4599 4702 611 3820 4397 8169 6901 1528 6383 6371 6531 2689 6902 3423 1813
14519 1308 1590 4394 6383 3896 2146 6520 6904
14520 1795 5403 1637 6383 5822 7969 6905 1279
14521 1308 1307 6383 7969 5569
14522 6383 5890 1855 1724 542 6906
14523 294 223 296 289 298 241 231 290 235 283 224 297 276 293 299 236 295 287 301 300 221 219 229 268 233 243 240 220 242 230 117 196 238 269
14524 8153 3928 3820 6383 6408 6653
14525 1395 5113 2246 3820 6383 3844 5890 3300
14526 6907 4535 6383 4533 6379 550 1294
14527 1329 2115 6383 6804 6909 2146 6908
14528 1511 8159 6126 6383 623 3829 4012 542 6653
14529 3491 6383 6910 6408 1272
14530 6911 4155 3707 6383 3631
14531 2768 1856 2246 3989 6383 1632 676
14532 5219 6383 1513 4609 4053 1473
14533 3504 1689 6383 3852 1589
14534 296 302 305 304 307 308 250 306 196 246
14535 3505 1528 6383 3424 1408
14536 1511 8159 615 6383 1864
14537 3617 6912 2985 3259 6383 2988 5072 5687
14538 4019 3075 5723 1166 6383 6913 4263
14539 1785 8124 6901 6383 1638
14540 6294 1324 1366 1538 3506 5147 1818 6899 567 4214 2704 1563 5240 6915 1419
14541 6574 6575 4203 5739 5738 6899 968 1437 1084 1279 2504 6916 1499 2505 5117 1495
14542 4830 5403 6590 2838 6899
14543 6324 4897 6899 1794 6379
14544 1741 2722 6532 4587 6899 3089 1794 4609
14545 310 311 312 309 196
14546 1350 6899 3884 6901 1512 3582
14547 3930 7836 1642 6899 4631 3966 5391 6917 550 3212
14548 6918 1268 1998 1411 6899 2940 1997 6531 5422 1871
14549 4406 2838 1744 4588 5428 6899 1520 5251 6839
14550 3369 3831 6899 1801 621
14551 6195 5260 3418 6899 6919
14552 6642 1295 6532 6899 4555 5751 6916
14553 6532 4852 2999 3884 6899 6411 2046 265 5244 4533 4393 5240 3885 2766 6920 788 51 6468 4505
14554 6509 2230 6899 3938 3095
14555 1390 1395 2956 5190 6899 6535 6921 3205 3042 1437 5214 5697 1463 5589 5890 2256 4757
14556 7280 97 313 304 232 240 196 246
14557 2181 5900 5775 2849 1863 6899
14558 6922 4618 442 6899 515 1951 5765
14559 6642 6514 6899 1682 1513 1501 6844 6923
14560 5965 6899 1740 5455 632 6323 5096
14561 6619 8014 6637 2230 6899 6549 6620 8116
14562 6418 6899 2754 4968 6924 3517 2952 2755
14563 3508 4611 2684 6899 3989 6549
14564 5582 1411 6899 3885 1678
14565 2998 6922 6899 5110 3997
14566 1391 1390 5804 1363 1539 6899 1510 1794 572 6926 3862
14567 97 8116 196 244 269
14568 5949 7724 4702 6590 5983 6899 5846 1520 5205 6276
14569 1443 6317 6899 5365 1678
14570 4577 6927 6899 8047 6928 668 6929 2079
14571 6418 6899 3151 1245 5984
14572 1805 2767 6899 4173 4788 1294
14573 2998 5948 5949 6384 6899 2999 6385 5244
14574 3930 3037 8014 6899 567 576
14575 1741 1343 2849 688 6899
14576 6417 1411 6899 2954 5982
14577 691 5219 2983 1637 2698 2834
14578 307 232 196 315 269
14579 5881 2698 2916 3207 4394 3177 3212
14580 6511 1236 2900 2698 1590
14581 5364 2698 5373 518 5376 5370 5367 6930 3046
14582 1340 1295 3369 2698 4397 4486
14583 1324 6590 2698 6699 1260 6931
14584 6294 1442 2698 1866 4589 1526 5296
14585 1672 1699 6587 2698 4400
14586 1479 2776 2698 5188 5568 2156 5564 7869 6579
14587 6932 3509 1818 2698 5981 1867 6522
14588 1909 2698 5848 6302 3177
14589 318 316 320 317 319 196
14590 3827 2698 6933 6804 6909 3629 1406
14591 2768 257 1164 8159 6521 2698 5897 3259 1824 548 2428 7969 3279 1745 1409 6276 2748 6579 5542
14592 2902 3297 1509 2698 1593
14593 8271 2698 6439 1480 3860
14594 1184 2698 940 4779 2915
14595 3899 2698 4000 1585 705
14596 2219 6934 4826 2698 5955
14597 3411 6205 2698 6935 3273 3945 3223
14598 6900 2698 2472 4474 2964 6425 3227 6937
14599 1354 543 2698 1217 3657
14600 322 321 276 229 196 269
14601 6938 2698 6003 3150 1742 6940 5027 6939
14602 1779 6941 2698 548 2212 1251 3996 6579
14603 4352 2698 4821 5864 7892
14604 4088 6405 6530 744 1094 1206 4085 3257 4066 6356 2910 2911 4067 1865 1657
14605 8265 744 1681 748 854 1703 371 6160 2464 5554
14606 4600 5335 5446 753 6155 2486 744 752 7446 742 2489
14607 2474 1574 744 742 2473 3726 6780 6446 784 857
14608 852 6335 3200 783 2487 2486 744 856 6002 742 1229 748 6113 3824 5224 6166 4173 784 1322 1758 6459 6224 3659
14609 5335 744 3726 737 855
14610 3916 5219 3937 1800 3442 1699 4203 744 1411 3231 4155 3707 1804 3884 748 3502 1415 4053 3885 4898 1220 1219 4585 616 1410 1651 1495
14611 323 96 324 197 326
14612 744 6943 5352 748 601 1512 4253 1287 6942 602
14613 744 1449 6944 748 6945 3864 6946
14614 4577 2946 744 1195 6132 1279
14615 1044 744 6948 5584 4228 8129
14616 6027 5446 753 744 748 2398 855 6949
14617 6027 5335 741 6669 744 856 748 6950 6557 738 6951
14618 3411 744 2148 5404 554 3976 5569
14619 3823 7735 744 1166 1568 6113 3824 1726 1591 2398 735
14620 2837 1507 744 3204 6948 4812 3175
14621 4611 744 631 3826 748 6952 563
14622 1925 1914 1892 92 1903
14623 197 29 327 328 6847 329 330
14624 8130 744 1617 748 6953
14625 1624 6585 1367 4574 744 6954 1530 1475 706 1468 784 3384
14626 6155 744 752 7113 739 3726 4569 6166 6951
14627 6027 6162 53 5891 5446 2474 3642 31 753 1489 741 2486 3823 744 752 2222 1681 1229 748 754 851 5780 2462
14628 852 5446 1378 744 2222 1089 2480 742 739 3824 6557 738 851 497 6446 755
14629 6335 3642 8130 744 748 5224
14630 2073 2802 6575 744 6006
14631 6162 5891 783 744 739 5224 1322
14632 6027 5446 6669 2486 744 7446 746 2480 2488 748 6891 854 5669
14633 7002 5446 6955 1378 744 6157 2472 748 851 6170 2462
14634 334 331 197 333 332
14635 745 744 2472 4004 748 2485
14636 4600 745 744 748 6170 3265
14637 5446 744 7224 5224 789
14638 3642 6956 1489 5113 744 1703 1577 8165 6224
14639 744 2996 748 6950 6557 2489 735
14640 744 748 1907 3516 6957
14641 4602 6959 4879 6900 6425 4864 4863
14642 1391 4789 6900 6688 4919 6425 152
14643 6960 4178 6900 6425 6961 4011
14644 1756 1417 6900 6425 6961 1305 1046
14645 197 342 338 339 340 335 341
14646 6900 6962 1744 6418 50 6695 6129 6425 5054 4621 5323
14647 1191 6900 4006 1309 1245 4621
14648 2998 6900 3493 2999 554 6425 5244 1474 1318 5323 4177 8166
14649 1466 5545 6900 6962 4145 52 6425 6963 4898 4839
14650 7269 6900 1544 1061 6425
14651 1308 6900 4848 4568 6425 152 3997
14652 1191 4611 1324 6900 6425 1419 4299 4486 6964
14653 6900 4140 6135 6965 3246 5518 6966
14654 6900 1350 2230 5822 3327 1676
14655 2250 6900 520 567 462 4229 657 6697 515 686
14656 344 345 343 197 93
14657 4548 6900 1744 6418 50 6425 6507
14658 1787 6900 4588 3151 1501 6425 8129 6409 6742 4722
14659 5234 6536 6900 1667 6967 4106 6425 4417 6843 6844 6522 5374 3065 1817
14660 6900 6425 1776 5464 4519
14661 6900 6425 6968 6970 3716
14662 6900 1867 6425 5580 621
14663 5744 6900 5197 6921 6425 1790 6971
14664 1754 6900 6425 5800 6964
14665 5770 1329 3987 1415 1251 2366 3986
14666 1562 3262 3986 1635 3959
14667 351 347 349 350 197 346 99
14668 3219 3037 3506 4586 576 2360 5896 5322 3986 1216
14669 915 1130 1853 910 1162 1147 1247 1039 8143 934 1046 3986 935 6378
14670 6972 6693 4483 1399 1593 3986
14671 3866 4108 6195 6855 3626 3986
14672 3833 6973 5700 4264 1251 1694 3986 3185
14673 1446 3848 4567 1365 3935 4554 5864 3986
14674 2250 4610 1889 3911 3986 3185
14675 1344 1372 1081 2246 3299 1591 6974 6377 3986
14676 4590 2620 1356 2150 3986 3185
14677 3159 3146 5098 601 4253 3986 602 1708
14678 351 354 353 197 352
14679 2849 5865 5061 5868 3867 5240 3986
14680 1576 3910 6975 1190 4563 3986
14681 6076 3928 1405 5381 3986 1273
14682 1477 1439 1233 3657 3986 6976
14683 1191 2251 2250 1190 3986
14684 1167 1591 6915 6377 3986
14685 1343 6977 990 3986 1154 1294
14686 6321 5589 5984 3986 1388
14687 1862 1637 2912 3279 1782 3629 3488
14688 6978 1637 3493 6030 6979
14689 358 355 360 357 356 6657
14690 1637 4515 2873 329 6981
14691 1862 1560 1637 5131 3996 3011
14692 1560 1637 1855 306 2992
14693 3506 2246 1637 471 4282 6376 602
14694 1179 1234 1637 4626 3867 4649
14695 6641 1805 1637 1378 6157 5862 1363 1876
14696 1653 2742 687 1637 1610 1351 2743 2657 1288
14697 612 615 1637 3452 3455 1152
14698 3411 1637 2432 1429 6982
14699 1354 579 1234 1560 1235 1637 1230 1286 2934
14700 363 362 361 364 6657
14701 1637 997 1897 4759 2366 3440 1736
14702 4566 1637 1526 1595 5244 1907 7947
14703 5412 1787 1637 6983 5733
14704 6984 1081 1637 6175 3915 6985
14705 1329 1637 13 5188 3884 1396
14706 1672 5006 1637 5723 43 8181 1864
14707 3216 5392 1637 1821 3150 3824
14708 1344 6986 1368 567 6425 4839 6389
14709 1479 3206 5241 5730 6425 6356 1419
14710 6425 5982 6987 5543 6988
14711 367 365 366 368 6657
14712 5716 6425 830 1334 2462
14713 508 4887 6425 2833 6860
14714 1397 645 4631 5165 6425 3818
14715 2998 6425 5567 1334 5566
14716 1800 1376 1894 5413 5846 3255 6425 1596 1593 6215
14717 6425 1572 1404 5786 3637
14718 3630 6425 4417 6989 4299 6990 5374 5433
14719 6992 6425 3175 785 1097 5115 4168
14720 3303 1344 3299 3988 6425 295 2689 6993
14721 6788 6365 505 6425 5518 6994
14722 373 369 372 371 6657
14723 4985 4705 6995 6425 8171
14724 2684 6996 4457 2985 8122 2988 4018
14725 1068 2985 4771 411 6790 2942
14726 3877 6404 2985 2970 2988 1518 4539 6997 4329 4018 6605 1269
14727 508 6662 2985 4615 1245 4304 313 6998 2988 3232
14728 6528 6886 4099 1721 2985 4588 5051 3118 3373 2216 3374 6531 2296 6999 3051 4630 7000 6241
14729 2715 2985 1157 1706 4328 6953 14 623 4321 810 1362 1217 1828
14730 2985 6401 1794 4902 2970 6937 1079
14731 2985 1744 6418 2988 4018
14732 2152 2985 2988 1288 4018
14733 1958 1936 1980 1969 1947
14734 4459 374 6380 198 4780 1947
14735 4375 2985 5399 2954 41 6004 4609 2988 5970
14736 2985 5397 2988 6408 6653
14737 6611 7005 2985 5365 1528 4968 7001 6937 2988 2873 7004 3478 4018 1298 3998
14738 3504 1762 2985 6187 2988 4018
14739 5185 2985 5103 2988 4018
14740 4178 2985 5757 6401 3373 2988
14741 6889 8121 2985 4715 7006
14742 8121 2985 2988 6844 4018
14743 2229 2985 2988 2272 4018
14744 6511 2983 1238 2985 4018
14745 377 8270 375 376 198 379 378
14746 2985 7007 2988 4018 6233
14747 6067 2985 8114 3110 2988
14748 5746 2985 6339 5851 6744
14749 351 347 2985 350 2115 6910 6187 2988 4018
14750 5915 1407 2985 2988 2840 4018 315
14751 5810 2985 3193 2988 4018
14752 2073 6922 4904 5579 1426 5205
14753 2073 298 4124 4311 4288 6597
14754 2073 4602 1367 4290 4501 554 588
14755 2073 5171 3924 7008 483
14756 7458 380 382 384 198 383 386 385
14757 2073 1508 7903 2741 4646
14758 2645 4849 4239 1934 7009
14759 2029 2950 6017 7010 5772
14760 1224 3160 5897 1534 4210 8116 6448 5776
14761 5408 5897 6318 6516 295
14762 5489 1540 8185 5897 4626 2460 1527 1519 5010 5362
14763 7011 6941 496 5897 5846 6588 7012
14764 6294 1716 610 5897 236 219
14765 2791 5897 5059 3009 3443 4491 4326
14766 4705 605 5897 6005 5394 5218 4585
14767 125 2925 198 387 8203
14768 1800 3162 3349 5897 3255 2713 5017 7013 6110 3567
14769 3978 1341 4702 1374 5897 7015 6486 6917 2608 8135
14770 4009 5897 1326 8117 8119
14771 6741 5897 1510 6421 6699 1260 3502 572 6931 6109 7016 6742
14772 5897 1153 8215 1645 621
14773 1133 1184 2153 6417 5897 1152 4505
14774 217 7017 7018 5897 6214
14775 6783 7019 3349 5897 553 3177 551 3273
14776 8299 5897 7020 7021 3174
14777 2742 5147 5867 5897 2657
14778 391 388 390 389 198
14779 5897 4740 6695 4742 6696
14780 5795 5897 1431 4821 329
14781 2804 231 4852 2574 2610 5476 6301 4838 6303 3469 450
14782 8183 4852 6715 1063 3229 5799
14783 4256 4852 5513 3364 2694
14784 2251 7022 4859 4330 4852
14785 7024 8122 819 4852 2865 6852 7026 6290 1693 4237 7023 7027
14786 6864 6542 4852 3323 5689 3322 2435
14787 5742 7030 4852 7029 7028 3596 3068
14788 8260 8259 4256 7031 3612 7033 7034 7032 6130
14789 395 393 299 198 394
14790 8259 7035 8180 648 5261
14791 8259 1993 4651 6130 4455 7037
14792 2184 2650 6079 7038 7039 6626
14793 7040 6079 3855 6349 3141
14794 7041 3752 5552 5385 5421 6130
14795 1662 4867 7391 7042 498
14796 3000 4330 3568 1662 1346
14797 2775 1343 1371 1402 2948 2721 3568 1662 2189 5391 5896 8157
14798 822 3568 1662 4508 4120 3012 3662 1612
14799 1662 1494 5525 3121 42
14800 396 198 398 397 2303
14801 3942 3568 1662 1468 1476
14802 5453 1239 3568 3240 1662
14803 1110 1662 937 2933 7043
14804 4893 5638 7044 6776 1662 5493
14805 6972 791 7045 811 7046
14806 2708 1271 3231 4264 5576
14807 3946 1491 5403 2708 5569
14808 3198 3946 1741 1179 3301 2708 1578 1585 739 2982 3950 1195 1409 1801 1802
14809 6407 2708 1911 4475 3161
14810 1353 2708 8130 8271 4570
14811 401 7458 7524 399 198 400
14812 6451 2708 2577 1262 3661 1419 1865 1382
14813 1193 2720 2708 5453 1194
14814 2708 1477 1789 1480 8129 1604 1865 7048
14815 2708 4912 6187 3998 6793
14816 691 1258 4127 2708 7049 3822
14817 5889 1164 1879 4741 2708 3277 43 5413 1578 1684 3275 4740 4517 1596 549 4742 1593 3616 6010 621 1881
14818 1546 928 2708 1619 1901
14819 2708 6418 1568 4788 7050
14820 2708 3146 2247 3666 7051 6793
14821 1258 3206 208 2708 4613 7052
14822 405 402 406 404 198
14823 2708 1515 2350 6204 8129 7054 7053
14824 3157 1587 2708 582 2702 3320 1275
14825 1564 1879 2708 3506 2953 1377 1684 8215
14826 3107 911 2708 209 211 210
14827 2708 1233 3915 1480 7858
14828 2708 2912 7880 3412 6215 6634
14829 2994 5403 2708 6961 596
14830 1367 2708 1818 1153 6302 8215 1645
14831 6707 2708 556 3830 2773
14832 1805 1184 2708 6695 1794 5984 6696
14833 409 410 407 198 408
14834 2708 5413 6535 1439 427
14835 7055 3644 7057 5175 7056
14836 1168 1567 1064 1048 411
14837 1567 683 2790 1427 3396 283 3389 4887 622
14838 3149 1567 4565 295 697
14839 1567 3198 3260 1208 1251 7059
14840 6617 1567 2730 1452 5543
14841 7055 7060 2724 4568 7792
14842 217 7060 4009 321 6587 269
14843 7060 6867 5475 6189 7062 7061
14844 2891 2669 2780 3002 1558
14845 2047 2058 1991 5557 1248 2014 2003 670 2036 2025 4558 2069
14846 8173 411 198 412 413
14847 7060 7063 3940 2657 3001 6976
14848 1805 7060 7064 4483 7065
14849 7060 7066 4443 6848 6198
14850 7067 7060 606 3529 5072
14851 7060 4476 3908 1418 5984
14852 7060 6005 7068 6712 5395
14853 8132 4415 3894 486 489 7071 297 6503 299 487 488 1839 6856 7070
14854 8132 6489 2935 6773 6161 6967 1456 4106 1910 5503 4417 1455 3533 6860 6990 6389 3065 1817 7072
14855 8132 999 2148 2954 4644 3393
14856 8132 3149 1469 3052 584 512 2236 2475 521 697 785 3246
14857 415 198 416 379 417
14858 8132 2745 3531 4174 3874
14859 8132 1183 5784 1674 6989 5323
14860 8132 3214 6702 2506 3483 7073 3207 6655 2443 1842 5531 7869
14861 6642 8132 4545 4543 664
14862 8132 1464 2236 4105 4483 918 6920 7074
14863 8132 2684 1785 6528 4702 5822 7075 5577
14864 4575 8132 461 6960 6948 1445 3953 1646 515 5790 5697 7076 2827 698
14865 8132 149 7067 7825 5416 7078 7077 1784 1791
14866 8132 4580 7079 3204 5569 3249 3327 1264 6564
14867 8132 915 1535 516 1055 1163
14868 418 420 198 421 419
14869 8132 3200 4897 265 2764 1332 6990
14870 8132 3642 8265 6451 1489 6481 1334 3661
14871 8132 5911 5784 4886 4417 1333 263 5374 4862 4616 5433
14872 8132 2745 2236 785 7016
14873 8132 2902 7081 1910 1596 6971 1455 6920
14874 8132 234 480 2271 228 238 472
14875 8132 3216 3242 4838 3384 6966 8165
14876 8132 5378 4702 5033 4966
14877 8132 6617 6206 478 5870 3974
14878 8132 609 6489 5072 935
14879 428 427 423 424 422 426 199
14880 3863 3201 5416 1786 465 3245 7082 5223 3168 3261 1904 6876 4597
14881 1753 3863 7083 7084 3118
14882 651 1391 149 3863 7086 7085 3531
14883 3863 3668 7078 2506 3245 3207 1357 1499
14884 3863 3404 4135 5722 5862 4410
14885 3863 7008 1119 3175 5588
14886 3863 1549 2987 4567 1079 269
14887 144 3863 1112 2236 3263 4887 3723 5009 1105
14888 2651 3863 4129 516 7087 649 6595
14889 294 7067 6571 3863 1331 618 5779 5638 6820 2271 1330 3327
14890 430 431 429 228 199 269
14891 3863 1291 3282 3228 3164 6694 6564 6389
14892 3863 5965 6822 3412 4507
14893 1364 609 3863 6694 2109
14894 3170 4545 3863 4901 3245 4177
14895 3863 5220 6655 5442 521 2997 263
14896 3863 611 3961 4544 516 5473 2764 1541 2717 1600 4233
14897 3863 86 5260 5238 4138
14898 3863 1643 8163 7088 3383 2475 1452
14899 3863 2084 524 6170 1673
14900 609 3863 5784 3245 287 219 229 624
14901 438 434 432 437 435 433 199
14902 3863 4129 3245 3207 5433
14903 3863 234 650 5456 6303
14904 3863 1838 488 7089 493
14905 3863 4279 688 7090 2203 6649 2816
14906 3863 4129 3522 5153 504 3245 5097 478 517
14907 3863 7814 7092 524 315
14908 3863 7093 4011 6441 1813
14909 1044 3230 2398 260 7746 948
14910 1211 1004 1112 1242 8036 1099 1807 1053 948
14911 954 1185 5572 976 7094 5567 1709 905 5566 1108 4420 948
14912 149 442 440 439 247 441 250 199
14913 1173 917 940 1160 948
14914 2767 910 5893 1399 1315 6659 4161 948
14915 1030 1064 1112 1548 1535 1360 516 968 411 1550 1118 1011 948
14916 1043 2963 3711 4958 295 308 3975 1264 3974 960 948
14917 8127 1030 1034 1016 86 927 950 1112 8163 1535 1019 1008 924 920 512 4958 966 919 967 342 1146 1026 943 940 944 76 1109 965 979 948 1105 84
14918 1034 6336 6922 1065 1130 1111 968 1067 918 1057 1010 948
14919 4958 1188 1305 78 918 308 1040 1053 1041 948 84
14920 923 1013 4611 942 4411 4229 4622 4265 1116 1305 965 4120 948
14921 1034 1072 1068 1070 946 6879 4958 1146 940 1304 1109 308 1053 948
14922 1034 928 950 1112 1548 946 1535 1834 976 948
14923 445 446 443 199 444 449
14924 516 1249 4024 898 3433 1011 674 498 1010 948 413
14925 956 2962 1709 1108 960 948
14926 897 1044 1535 2962 4958 1190 948
14927 1110 1099 968 1054 1146 76 948
14928 1211 86 1110 899 967 411 940 1109 1713 1715 948
14929 927 8036 1324 1834 1053 948 1152
14930 1016 86 1146 940 1163 1550 1109 948
14931 1164 7095 4547 4559 3983 948 1273
14932 86 6567 321 1405 1233 1247 1188 1109 898 1011 1071 948
14933 971 1018 1067 934 7052 948 1284
14934 234 355 300 451 199 450
14935 1074 977 1498 1122 1010 948
14936 927 1018 1063 1053 948 84
14937 1223 1190 948 413 7051
14938 5723 5401 4713 604 2777 1452 1751 948
14939 1050 402 1086 5258 912 948
14940 1894 675 1309 3124 655 1217
14941 6514 4131 1462 1700 1309 6967 1910 2156 5503 6481 153 1287 1943
14942 7078 1309 1454 5790 5470 1453 6468
14943 1309 3196 4912 1233 1106 1884
14944 5364 5368 5372 1309 1444 5375 6001
14945 453 446 452 199 455 454
14946 1295 1309 1397 3352 1311 1106 1310 1221
14947 1309 1696 1910 1106 1455
14948 1672 1309 1106 4657 1629 4505
14949 5006 1309 1311 1106 1310 1312 3893
14950 1354 6664 1309 5976 3817
14951 7691 1461 8299 1309 4562 6517 1286 8164 4204 211 1106 210 7096 4164
14952 4848 1309 4588 5167 1106 6999
14953 566 1309 4953 8025 3416
14954 1672 43 1309 3150 4779 5743 4505
14955 1309 7097 7098 1106 7099 3582 1556
14956 1991 2102 2125 2091 2114 2158 2147 2136 2080
14957 283 250 267 199 249 456
14958 1643 2963 1266 5453 1309 6709 4697 5208 4100 2726
14959 3508 7101 2935 6912 1309 1106 7100
14960 999 7103 2927 7010 7056
14961 5900 6451 5749 2311 1796
14962 1565 2251 6886 2250 4562 3067 2311 3346 4204 4585 4367
14963 7040 3053 4615 2311 7104 275 3232
14964 7105 7106 6886 6395 2311 5893 6129
14965 1340 1398 1081 3894 2311 1412
14966 7107 4849 6395 6879 7108 7109 2311 4421 6923 3068
14967 6532 1540 4618 3053 5190 5512 4544 6879 2311 1054 1541 1480 6923 1612 4732 6677
14968 97 283 268 233 232 199 269
14969 1364 5616 7067 6986 1889 1746 2311 2428 1745 6915
14970 2720 687 675 2311 1740 4004 1519 5010 1090 4671 1306 3672 2262
14971 7105 6886 1232 7109 2311 7111 3083 6197 4421 4835 7110 5163
14972 1232 6709 3164 2311 5048 5893 5575 4966 4668 4676 4753
14973 1395 3297 7109 3259 2311 1345
14974 6886 3347 526 2311 3346 1304
14975 3347 526 2311 3346 7110 1297
14976 6879 526 2311 3083 7115 7112 3859 7110
14977 7105 7106 3347 6879 526 2311 5893 1304 2188 676 1373
14978 7105 7106 6886 526 2311 3346 5893
14979 458 199 460 246 457
14980 1343 6886 6879 2311 5893
14981 6886 3347 6395 526 2311 7115 3859
14982 4546 6886 1343 2311 1078
14983 7106 6395 7109 2311 3083 4421
14984 8047 2311 5893 5163 6200
14985 3053 5512 2311 6197 1304 2726
14986 3713 5453 6879 2311 5893 6968 6970 6198 3716
14987 3347 6879 526 2311 3346 2360
14988 2181 6577 1286 1355 1243 1494 705 6166 6408 6653
14989 3866 1560 7116 1232 3438 705 626 5884 2267
14990 461 465 231 466 290 463 234 462 276 464 287 242 230 199
14991 1477 63 1480 705 6124
14992 6666 1395 1576 4563 705 5890 1801 676 1802
14993 4618 2599 705 4532 3187 2262
14994 1480 4508 705 1887 8120 1262 3661 3893
14995 3504 1511 2139 7792 5343 5223 705 1571 5391 7713 1219
14996 2978 5958 705 1194 3862
14997 1094 1206 1351 1485 98 4947 705 3625 1657 637
14998 1477 1480 705 5602 4885 6012
14999 1560 1232 705 626 5884
15000 129 1008 1094 1206 1351 1485 98 4947 120 1654 705 637
15001 467 276 221 199 468
15002 1092 1575 687 1641 1094 1206 98 635 1655 4947 120 1246 1654 705 540 1657
15003 687 1094 1206 1207 705
15004 687 1641 1094 1206 4947 705
15005 1092 1653 3201 1574 687 1206 1351 1246 705
15006 1653 1574 687 1206 1351 635 1207 1346 705 1904 1657
15007 1574 687 1094 1206 1485 635 4947 120 1207 705 990
15008 635 1656 1654 705 1887 1194
15009 1878 2131 687 1094 1206 1351 3837 635 1534 120 5294 1654 705 1657
15010 1094 635 1246 1654 705
15011 3583 3615 675 705 1808
15012 471 280 267 469 199 472 269
15013 2619 1627 2275 705 655 1848
15014 683 508 290 537 705
15015 601 705 3629 4253 2147
15016 1697 4586 1397 2137 705 1629 6378
15017 4608 3242 2143 6953 705
15018 1688 1689 705 1582 2699 1334 1589 6412 5687
15019 2967 1477 2968 1480 705 1476
15020 1482 7117 8164 1728 1494 705 7118 8162
15021 4427 5929 818 93 7119
15022 4223 4427 5613 4725 4714 4288 6501 1704
15023 474 475 473 199 249
15024 507 8160 5680 3203 5343 4427 657 313 1373 1882
15025 7120 7105 1560 1232 4427 1078 6193 3867 7121
15026 823 4427 32 7122 2147
15027 1034 1068 1548 1031 1049 4427 968 1109
15028 4427 1245 3350 739 3174 5698
15029 1944 4427 6885 4200 3634
15030 3301 4427 5613 739 563
15031 1677 4427 2480 4430 6165 6170
15032 2130 4427 6123 5613 1304
15033 5618 2107 2652 5613 4725 5602 371 5620
15034 476 477 478 480 251 199 266 479
15035 1017 1001 954 945 967 5613 940 3974
15036 1366 3277 2230 3275 5613 1399 1704 6579 1679
15037 6922 3108 6943 4609 7123 6406 6468
15038 4611 3216 2705 4568 1866 4609 2944 1357 5107
15039 1491 5900 1490 4609 3907 3212
15040 4578 5763 4609 597 1357
15041 8153 2946 3820 5000 5409 6004 4609 6520 4860 6871 571 3420
15042 4611 3235 4124 4609 2296
15043 2679 3510 2680 482 4609 557 494
15044 4813 4588 6691 3868 4609 4571 1287 4329 6663 5690
15045 486 485 484 463 489 297 490 482 487 488 494 483 199 491 493
15046 5894 3985 3942 6070 4609 3911 2778 3469
15047 7124 6962 4609 1678 4294 4921
15048 7126 6417 5428 4501 4555 3896 4609 2778
15049 7127 5171 3884 2046 4609
15050 4741 1540 5190 1744 6418 4740 4609 7050
15051 1030 2251 4705 2705 2719 2250 1266 1721 3909 4588 3093 4667 5026 4827 6486 4609 3423
15052 4209 5392 1363 4549 1594 3465 4609
15053 4330 3164 4198 6531 4609
15054 1998 2230 6680 1997 4609
15055 565 5737 4521 568 4609 2756 6008 7128
15056 227 496 495 250 199
15057 5949 1521 7129 4609 7713 5205 7702
15058 4501 3989 4609 260 1022
15059 6403 6960 4618 6551 7057 4550 4501 4198 4609 1327
15060 7130 4532 5733 2908 4609
15061 1464 1291 4305 482 1696 1317 7131 1296 464 4533 4609 4878 5982 5987
15062 7132 2955 5000 4496 3227 4609 3212
15063 4005 7093 4609 7133 4364
15064 3052 3210 5898 5443 3982
15065 1167 5188 5898 3168 3945 1289 1904 5687
15066 2679 2680 2731 2773 6401 5898
15067 2202 2191 2213 2180 2169
15068 497 4380 1281 498 117
15069 5412 6532 3929 5898 2046
15070 1862 5343 5898 8120 4484 5776
15071 4547 4559 5898 7021 3174
15072 6682 1358 5898 4978 6982
15073 2790 6590 1449 6592 1739 5898 313 3935
15074 6641 1862 5579 5795 6590 6417 5898 6322
15075 556 5898 7093 2711 6379 5487 2261
15076 3157 1764 1807 1271 5700 8215 5898 551
15077 2240 2241 5898 4393 2944
15078 1950 1650 2055 6797 4142
15079 499 6670 501 117 500
15080 6162 3022 3729 5719 3826 743 697
15081 4316 7137 4314 7134 5526 2234 2700 3468 1882 7135
15082 4316 4314 2910 4016 1297
15083 783 7224 6002 4314 754
15084 4316 7137 4595 4314 6952 6961 1401
15085 4316 4314 3934 1591 6588 1725
15086 6271 4547 4559 4316 4314
15087 4316 1585 4314 7781 785
15088 4316 6070 4314 2346 1704
15089 53 1489 783 7224 49 6002 4314
15090 509 7280 505 508 507 241 231 504 290 512 224 276 293 299 236 295 502 510 287 301 251 511 219 233 117 513 468 238 506 269
15091 2394 4316 7137 2222 4314 789
15092 4316 3954 4314 3955 5526 1882
15093 3930 4316 4004 4314 1497 5526
15094 808 1659 7130 2185 5738 7138 7097 7098 1837 7099
15095 7040 1659 311 3099 45 5556 2760 698
15096 1659 1094 1206 1363 6127 1667 5128
15097 1659 1202 7139 6434 7140 6132
15098 6403 5452 1659 2297 4716
15099 1565 6027 5891 741 1659 752 746 748 6113 3824 5780 2188 755
15100 1565 2246 1363 7084 2721 5119 6975 2687
15101 504 516 25 515 518 39 517 117
15102 1193 1179 288 1363 1631 1828 542
15103 1354 1353 6666 5775 1363 3240 1524 1571 1365 5461 3325
15104 4468 1363 2957 5781 5128
15105 3832 6317 1507 1363 7768
15106 1363 1316 6519 1591 2146 1298
15107 1361 1363 1362 2188 621
15108 4608 5804 1363 1426 1452
15109 4545 1560 1371 1363 3244 1297
15110 1469 53 3642 584 7224 1363 6171 583
15111 6294 2739 4568 1363 2696
15112 519 520 526 523 522 524 521 233 117
15113 2768 2849 2791 1363 630 6422 3912 3996
15114 2983 3883 1363 1089 1652
15115 8014 311 1363 552 232
15116 5988 1845 2107 7141 5975
15117 7142 1845 2227 2923 7143
15118 1391 2759 3107 1845 654 2182 4585 2342
15119 4310 1845 627 4316 3855 5584 575
15120 2064 8069 2083 3074 7145 7144
15121 2064 5265 7146 2049 4182 4181
15122 1099 6903 2064 1893 2940 3156 4438 6350
15123 528 530 527 529 117
15124 4789 7724 6975 4788 4896
15125 4789 1198 1475 6364 6012
15126 922 4789 1894 4543 6541 2157 4557 5690
15127 4789 7148 4666 1124 4731
15128 5304 4795 5753 6190 7149 441 1267
15129 1340 675 1236 1230 1233 6190 1231
15130 7150 6633 6190 7151 2565
15131 675 1821 6190 232 678
15132 720 473 5448 6190 7149
15133 7153 1830 7152 2816 2813
15134 321 539 532 537 155 533 531 535 534 538 6914 220 498 117
15135 618 4562 3263 2576 4204 4200 6296
15136 1469 618 509 4562 5719 5323 3248 6183
15137 3396 4562 2843 851 469
15138 4562 7137 3384 4168 3265
15139 5910 1800 4562 4579 1519 4621 6940 563
15140 1366 1472 8161 1911 1442 4562 3727 5719 1415 4567 1906 1315 1474 4161 4164 1297
15141 3964 3968 4562 4204 2356 694 7914
15142 4562 3263 4204 213 277
15143 4208 3301 4562 3834 1834 739 8129
15144 3216 4618 4562 6963 4607 2291
15145 39 540 542 541 117
15146 4562 3263 4204 6364 7043
15147 3927 4566 1295 1395 3442 7154 4565 2365 3845 4562 4568 567 8216 1437 4204 5244 3154
15148 4562 1445 6950 4204 5890 1416
15149 4562 1475 3345 5201 785 7155
15150 4562 6411 4204 1563 7156
15151 4209 505 589 4203 4562 6408 1495
15152 3927 3271 4562 5299 6656 4204 1475 2477 4561 2997 7157 4200 3634 3384 5115 5776
15153 3301 8161 3823 4562 3152 512 3263
15154 7086 565 4562 1202 4204 6971
15155 144 4562 5299 5220 4204 1468 5492
15156 543 544 545 556 6324 555 552 553 554 548 549 551 546 557 550 117 238 506
15157 4562 4619 1437 4204 3501 2575
15158 1479 7127 1395 3242 4562 5413 1804 4204 5107 676
15159 1538 4562 1345 151 4486
15160 1391 1390 4562 5188 3239 5194 1501 1396
15161 4562 2770 2342 3388 4232
15162 1164 6581 5948 5949 4562 6548 2954 3150 4204 4393 4533 6940 5987 3683 2944 2254
15163 4611 1344 3987 565 4562 567 568 4576 3176 1373
15164 2251 1443 2250 4562 7159 5231 588
15165 3301 1442 4562 739 4204
15166 1800 4096 2901 3940 7160 1243 1518
15167 561 562 268 560 117 246
15168 3870 1538 3037 3928 3723 1518 7161 1386
15169 3216 1375 1415 8143 1518 8129 4505
15170 5763 1504 6129 1518 2262
15171 1819 216 5895 3924 3221 1166 1568 2701 3255 3953 1512 4567 5904 1518 8157 1037
15172 1753 3832 3830 8215 1346 5564 1518 1217
15173 3833 5568 1518 1877 228 5902 456
15174 7132 6776 4953 5887 1870 1518
15175 691 4270 4534 5474 7084 1789 1518 7162
15176 5881 3442 3901 3846 3849 945 1549 1797 1146 904 902 1251 1141 1518 5762 3959
15177 5489 5582 3818 1518 690 4486
15178 2226 2270 2259 2237 2281 2248
15179 564 565 566 567 568 563 569 117
15180 679 688 4155 6868 3707 1619 3345 1616 1518 8129
15181 3097 3066 2859 1518 6988
15182 1624 1643 6330 7163 4479 4085 3906 1518 6333
15183 3831 3352 3908 5580 1518
15184 3943 1889 4518 2236 1518
15185 3186 216 1193 5900 1194 1518
15186 1433 1346 2399 2267 1518
15187 2701 7164 1518 1272 6215
15188 7081 5319 7164 1518 542 4334 1890 1500
15189 3170 4458 520 521 1518 3973 1904
15190 573 572 574 571 117
15191 1193 1610 1618 1194 1518 3121
15192 5900 1019 1054 1011 1518 1877
15193 3200 4813 593 4569 2188 1518 1612 6985
15194 6658 5023 3652 1585 1409 1518
15195 1518 1773 7166 1772 7165
15196 1430 1428 6439 5755 1694 1518
15197 627 2576 4160 3064 478 4177
15198 627 5193 5170 5468 2577 2293
15199 3635 1475 2477 1468 1474 2997 700 7157 3385 3372
15200 2135 3385 7167 3472 2138 2723 6985
15201 579 577 544 8161 582 584 578 580 576 583 7914 117 575 506
15202 144 3052 2474 265 4200 3385 1097 5115
15203 3263 580 5584 3616 2613 3385 1097 1600
15204 4431 785 3385 4168 4166
15205 3272 3270 3383 440 3385
15206 2477 2997 3385 2919 2478
15207 2214 440 4887 1475 1468 3385
15208 2733 3922 3385 3121 1990
15209 3396 3270 539 3383 477 2475 440 2733 478 3385 3384 469 213 277
15210 7168 7170 7171 3385 3659
15211 2476 2214 6595 6650 3385 3384 5786
15212 586 508 589 588 585 587 117
15213 5411 440 5211 8166 3385 7172 472 6690
15214 3728 522 510 511 7173 3385
15215 1417 2745 3385 707 4326
15216 5335 3642 1489 752 4595 1681 737 853 851 2462 3385 784 6224
15217 593 739 1450 3176 3385 4164 3637 5558
15218 264 1569 584 3387 583 3385
15219 4458 3952 4605 3976 2905 3385
15220 618 5416 4128 510 3385
15221 1504 588 3385 1357 7072
15222 584 10 515 583 5110 3678 7746 3385 3659
15223 461 590 594 593 117 591
15224 6027 5335 5891 745 3642 1489 6155 5113 2487 2486 7446 49 746 7113 2488 3826 3264 3824 3726 3678 6170 2489 2462 5669 5940 5554
15225 2471 6027 6669 740 7557 3264 2468 1714 737 853 851 2462 3175 855 784 857 1747
15226 2996 742 854 6557 3726 737 743 853 851 2462 3175 855 1725 784 5669 1758 857 1747
15227 2469 852 5335 53 7002 3642 1489 5113 1378 6157 7446 3826 5224 6557 737 738 853 851 2462 1725 784 857
15228 6163 851 2462 1725 1758 1747
15229 851 5780 2462 1725 1758
15230 852 7174 5491 2394 5446 6155 7557 854 2473 853 6170 2462 3175 6446 5669
15231 2469 852 6168 5891 745 5446 7335 31 6155 6669 752 7446 746 853 2462 855
15232 7335 6155 2487 7446 2488 3264 854 6113 3726 497 1320 2462 3175 5669
15233 856 2222 5224 2462 6156
15234 595 231 295 301 285 596 284 242 117 506 472 282 456
15235 745 2474 6155 740 1378 6157 752 2222 7446 7113 7557 1229 3264 2468 1714 6891 739 2473 738 851 5780 2462 735 855 1725 6446 5669
15236 2473 6557 3726 737 853 2462 3175 6446 5669 3933 6224
15237 6162 7002 753 6669 6955 2222 7446 6002 746 7113 7557 742 2468 1714 4579 6113 649 2473 737 743 853 5780 2462 735 857 1747
15238 7002 741 7113 2480 1229 6170 497 2462 6224
15239 6027 745 7446 7113 7557 2468 854 5224 737 853 851 3390 2462
15240 5446 3642 1489 6155 5113 6669 2486 1378 6157 7446 2395 787 3726 2462 784
15241 740 7446 854 851 2462 6156 6446 857
15242 2468 2473 2462 857 1747
15243 5047 2462 1631 5255 857 6224 755
15244 6162 2487 2486 856 7446 2468 6891 5224 738 2462 1320 5669 6951
15245 599 597 117 598 600
15246 2469 2471 6027 4600 7002 6168 745 5446 741 6669 1378 856 7446 7113 4696 2488 742 6891 6113 3824 738 743 851 6170 2462 855 1322 7175
15247 5335 6168 7224 851 2462
15248 852 7002 6168 753 783 2222 7113 854 6780 2462 1322
15249 5739 5738 6171 2406 3851 497 2462
15250 5335 7002 5891 6155 7446 1229 851 5780 2462 857
15251 2468 854 737 853 6163 2462 6156 1725 857
15252 737 853 851 2462 857
15253 7113 1714 2468 2473 853 2462 6156 784 6160 857 1747
15254 1229 854 6113 6176 743 6780 851 2462
15255 2469 6155 7446 2468 2473 6176 851 2462 1320 6165 6156 3933
15256 605 601 604 602 117
15257 6669 7557 2488 851 2462
15258 6027 4600 753 2488 742 854 851 2462
15259 5335 783 2468 853 5780 2462 2397 1322 857
15260 2480 1681 6891 851 497 2462
15261 6162 7113 1681 6891 2398 2462
15262 7002 5891 6557 5780 497 2462 6156
15263 6669 851 3390 6167 2462
15264 852 2480 1229 854 3678 851 2462 855 784
15265 741 856 2462 855 6446 6459
15266 1818 4163 8158 2462 1751
15267 606 234 307 117 468
15268 6162 6155 1681 1229 3264 2462
15269 5335 5891 856 6780 851 5780 2462 855
15270 6585 1457 3275 4204 211 478 210 2766 785 6362 4502
15271 5299 746 265 3635 2859 3345 2613 785 4173
15272 6884 5343 6656 5088 7157 785 469
15273 3968 4312 7176 785 7914 6495 1732
15274 3635 6595 785 5786 5454 277
15275 4887 2997 7157 785 1387
15276 1475 1468 6595 785 5786
15277 3270 5299 3383 3635 1475 1468 785
15278 117 246 74 607 116
15279 3052 5784 785 4200 2613 3384
15280 2913 6595 785 4200 5383 5786
15281 1475 1468 2613 785 2136
15282 649 1475 1468 4428 1404 785
15283 6788 3271 3270 2405 785 3384 4164
15284 8036 509 7088 283 7068 622 785
15285 5020 2135 4163 697 785 4616 5492
15286 2369 1630 1404 785 1600 591
15287 6955 6002 785 5669 3933
15288 2471 6669 2480 1703 851
15289 2292 2337 2348 2325 2303 2314
15290 321 231 504 97 271 234 224 297 276 299 236 301 285 221 229 243 284 220 242 117
15291 6027 3264 3726 1703 851 6170 7175
15292 2469 5335 1378 2222 7177 738 737 853 6174 851 6173 855 1725 1758 1747
15293 5335 3422 6955 856 3264 854 851 6446 5669 857
15294 2469 5891 6155 6669 2487 752 2222 4317 7446 746 2395 742 1229 3264 854 6113 754 6557 3726 1703 737 853 851 5780 497 3175 855 6446
15295 2469 2471 6027 6162 5335 745 5446 6155 741 740 746 7557 742 2468 2473 737 851 3175 855 6446 857 5558
15296 5335 7002 5891 5446 753 6155 783 6669 6955 2282 4317 2222 7446 746 2395 787 742 4579 854 1475 737 851 6446 1322 6224
15297 5335 6669 856 2222 6113 2473 3678 851 497 6173 6156 855
15298 745 753 6669 742 1714 6891 6113 738 3678 851
15299 2468 854 853 851 3390 5780 6156 6159 1725
15300 2468 2473 737 853 851 6156
15301 97 236 608 117 238
15302 2468 2473 737 853 851
15303 6157 4317 2395 851 497 6156 5669
15304 2469 2474 6669 740 5299 746 7113 742 743 851 6446 5669 7175 3933
15305 2486 1229 851 857 6224
15306 745 5446 6669 7113 851 6446 6224
15307 2487 742 6891 6113 3726 851
15308 6451 2486 6002 2996 1166 6171 851
15309 7181 1271 4264 7179 7178
15310 2459 2983 1818 2357 1155
15311 7182 2604 6387 6056 7183
15312 609 296 611 610 97 295 228 117
15313 6765 7182 6368 7184 6991
15314 3277 1784 7182 552 3275 3150 1585
15315 5876 2967 1627 7182 5384
15316 6168 753 741 2486 8150 1378 854 6113 743 6163 6780 6170 8154 7746 3175 6224
15317 852 2996 742 6170 1315 4173
15318 2394 5446 748 743 6780 6170 3822
15319 6557 6170 2489 3393 3933
15320 1442 4579 5224 6557 6170 1315 3424
15321 7186 1331 2426 6235 5723 7187 6170 2324 7185 5698
15322 4813 3203 3727 2745 6170 2234 2700 4486 4326 1864
15323 612 618 615 617 619 613 620 616 117
15324 2715 4332 6170 4572 1419 1421
15325 3779 6170 6379 6982 1294
15326 852 2486 6955 1378 6157 7446 4696 3264 6113 738 6170 497
15327 742 6176 7021 6170 6844 3174 3659
15328 2469 6168 5446 7335 6113 6557 6166 6170
15329 6168 7335 7446 2472 6171 6170 855 7175
15330 3067 3635 6595 6170 1320
15331 1354 4600 5894 6336 7118 6170 3822
15332 5885 7002 1860 7188 6170
15333 739 6170 735 4190 3933
15334 241 622 623 221 219 220 242 230 621 117 468 238 472
15335 4913 1479 1477 4598 3578 2961 1572 5821 6170 6341 1404 2151 4572 1419 684 1297
15336 852 856 4696 6170 7189
15337 7335 6669 1378 742 6170
15338 6557 5780 6170 1725 357
15339 2486 7137 2398 6780 6170 735 2479
15340 7192 7190 5615 6546 6170 5624
15341 2328 4171 7193 41 6170
15342 395 5401 5026 5851 6924 6170 5863
15343 4703 7194 2160 5666 6697 4235
15344 2145 6835 8272 4235 4976
15345 475 626 624 117 472
15346 6835 94 2927 4235 2342 2165
15347 6469 6835 2927 4235 2165
15348 3580 1953 6835 2927 4235
15349 3856 6835 2927 2324 4235 5698 3853
15350 6835 2927 3409 6949 4235 2165
15351 4675 4635 4637 4638 4235
15352 7195 5221 4326 5116 2132
15353 7195 1553 649 1475 3402
15354 4514 3782 8268 3776 7196
15355 6090 8270 2163 7196 709 7197 3127
15356 6670 627 631 630 633 632 629 628
15357 3779 4514 8271 6061 7196
15358 6641 1628 1809 4496 1079 5933 7196 6148
15359 1482 4826 47 2728 2966 3203 4589 2691 1475 3308 5584 1401 1801 1600 1802
15360 1583 4590 6956 2987 1358 1198 1475 4212 1468 5525 1401 1362 4011 6132
15361 1753 1417 1457 6573 4162 515 1401 4616
15362 582 7188 5470 1401 6554
15363 1750 4913 1479 3201 679 1490 4145 6784 512 1445 4573 1401 6410 1802
15364 4602 1401 250 6815 4174 450
15365 3877 6330 2987 1401 5120
15366 5885 6184 2761 464 1401 4973 5740
15367 634 6670 635 3625 637 638
15368 264 3149 5190 2999 1401
15369 2486 3203 1401 2366 6012 5438 1882
15370 1479 4823 679 4598 6427 1401 4572 1419 1420 1421
15371 1738 7088 4537 8216 2691 1401 1478
15372 606 5399 2156 1502 1401 3433 7198
15373 1750 4227 1417 5038 7159 1401 4167 4159
15374 1488 3173 771 6113 3172 1848 2039
15375 6603 1716 1787 555 2039 3065
15376 3729 4550 1215 3726 7199 1105
15377 7836 5026 4827 7199 1280
15378 642 6670 639 640 641
15379 4176 7200 7177 797 5643
15380 5453 6879 6197 3230 7201 7203
15381 639 7205 7206 5947 7204
15382 7204 7207 3370 3542 3556 3545
15383 3553 7204 7207 3370 3542 3556 3545
15384 7204 3546 7207 3545 3552
15385 3553 7204 3370 3542 3556 3545
15386 7204 3546 7207 3555 3556
15387 7204 7207 3370 3542 3556
15388 7204 3546 7207 3556 3554 3545
15389 6670 163 645 643 644
15390 3553 7204 7207 3370 3542
15391 7204 3546 3555 3556 3560
15392 7204 3546 7207 3556 3554
15393 257 7209 7208 2654 6457
15394 646 7208 3731 5806 2537
15395 6366 5889 1372 1399 7210
15396 4699 6366 390 20 5340
15397 6366 7211 7212 4795 7214
15398 3956 5378 4723 6017 1221
15399 1664 6017 4532 4990 3185
15400 2392 2381 2370 2359 2403
15401 646 296 648 649 650 624 200
15402 6017 5287 5094 218 5637
15403 7469 7215 7216 3608 5598
15404 7218 5220 5221 2081 4620 263 7217
15405 4846 989 7219 4997 2254
15406 7220 3428 2711 5962 7221 1304
15407 5895 3352 367 3966 1990 4076
15408 2567 6212 3287 4076 2641
15409 2312 6927 7222 5428 3864
15410 6685 7269 1911 5170 6927 6734
15411 7223 4307 5129 2601 5878
15412 651 653 8058 652 200
15413 1229 7226 3175 2234 857
15414 2900 3308 7227 1382 3285
15415 6512 2900 2976 2977 8118 4484 1240
15416 1756 2900 1326 152 153
15417 4901 2900 3846 3849 1534 4177
15418 2900 6165 1497 656 2174
15419 2900 3016 3664 5588 1154
15420 2979 2900 2362 3995 1497
15421 5434 2900 1286 1852 2975
15422 2242 6960 5453 2900 3241 6374
15423 654 657 655 659 656 660 200
15424 3464 5857 3146 2900 5398 553 3006 3950 1352 2706 2952 5433 2832
15425 3272 7228 2900 2975 1210
15426 6512 2900 1157 1209 3318 3664 1497
15427 2900 2830 2396 7048 6378
15428 4073 2602 4090 138 877
15429 7174 4222 5385 1932 4154 6426
15430 1643 4694 6950 7229 7205 4929 6459
15431 1027 85 4903 1009 1989 1205
15432 2164 6852 7143 7324 2343
15433 1633 2520 1876 7230 2693
15434 662 129 288 661 637 1891 200
15435 7231 6691 258 7947 6045
15436 570 6177 7232 7233 4428
15437 570 1902 6005 2046 5054
15438 570 7130 6534 3491 601 6006
15439 7234 570 5410 366 1404 4423
15440 570 556 7235 3680 3330
15441 3649 329 4851 1933 6263
15442 7237 6271 2333 7238 2200
15443 396 3611 8269 2200 7239 8249
15444 590 8268 7240 6909 2200
15445 667 666 671 668 664 663 665 672 200
15446 6722 5300 6732 367 366
15447 7241 367 366 1323 368
15448 8239 3684 366 1323 3634
15449 8139 367 366 1323 368
15450 342 3611 3655 4242 7242
15451 8186 8184 4674 5013 4972 3611
15452 5278 7243 5511 6432 6431
15453 5907 3209 4443 3429 4444 2198
15454 8180 7903 668 7139 2198 3569
15455 7244 8180 4110 2356 3547
15456 674 569 3625 673 200
15457 7244 3899 1393 1394 8129
15458 6892 2540 4948 4959 4151 4093
15459 4994 2875 1967 4093 3142
15460 7246 8139 7245 6673 665
15461 4153 5667 5273 2661 5154
15462 4866 5065 21 5806 5667 2796
15463 5632 6320 6816 355 5667
15464 6641 2249 1674 3199 1736
15465 6603 2249 6492 4305 3533 6494 5374 2253 3065
15466 2249 1674 6840 3199 1952 6663
15467 675 679 539 677 678 676 200
15468 2249 3326 1674 3973 1497
15469 1004 2249 1183 957 1111 6851 3199 7248 6861
15470 2249 1674 3199 3664 1774
15471 2249 1674 537 313 304 2751
15472 2249 5025 1674 3199 5340 2667
15473 6209 2249 7280 1674 3199
15474 2249 3162 1674 2995 7170 6634
15475 2847 2823 124 2213 2455
15476 4627 6743 2652 988 6046
15477 3525 3360 1941 1964 765
15478 311 29 680 38 200
15479 7249 1020 187 5633 5156
15480 2041 2823 180 7247 2455
15481 2313 474 7903 5831 473 6561
15482 7008 4663 4137 7903 5855
15483 6546 7903 5996 7250 7006 7251 4250 5137
15484 5392 8159 3711 7252 595 2731 7129 7903 2600 7254 6902 7253
15485 7903 5993 7250 340 5543
15486 6604 7256 668 7903 6070 4513 2346 3853 7255
15487 2130 5997 7903 6491 4784 2339 2821
15488 7257 5737 7903 6527 5808 7259
15489 683 685 223 508 622 682 284 684 686 244 200
15490 4398 4378 3603 6072 2598 8254 2874
15491 5823 3288 5959 4957 8254 2874
15492 5885 7458 4130 505 2865 6573 453
15493 7260 323 4934 2678 4436 861 7261
15494 852 7095 2306 3775 7262 6958 4029 6969
15495 3802 2306 5552 8205 125 7347
15496 1641 1094 1206 1351 2643 635 1655 1656 1654 540 676
15497 1511 4020 6317 6466 3996
15498 4063 4087 4020 6357 4081 3685 3687 6353 3683 4083
15499 257 2790 4020 2965 8215 3652
15500 691 687 688 689 678 694 690 693 200
15501 5266 7264 4020 7263 3287
15502 4020 5717 4823 4814 1555
15503 2847 5830 7247 7265 2455
15504 790 8244 3737 7169 398
15505 239 5916 1885 5220 1245 3153 4414 7958 7266 6364 1679
15506 1885 4398 4339 235 6733 4340 2600
15507 4565 5416 5784 1885 4886 6919 3168 8131 4616
15508 1885 6749 7267 1668 2617 3720 5837
15509 2899 1885 7246 5634 5852 4626 3720
15510 5348 8250 502 5743 3602
15511 658 2425 2414 747 2436 1847
15512 696 229 429 699 697 220 695 249 200 698
15513 8250 7268 7270 8249 3602
15514 796 4931 3605 798 3602
15515 7271 1020 7272 4938 2877
15516 7273 164 2661 2372 5657
15517 5300 4287 2309 5344 2372 8254
15518 3676 128 533 3741 1976 269 1977
15519 3676 127 533 3741 416 1978
15520 3676 533 7347 639 6094 3741 7274
15521 7275 127 533 1939 1940 417
15522 3676 127 533 1939 3741 1940 417 1978
15523 700 697 569 266 200
15524 3676 127 533 3741 3742 1940 1976 417
15525 533 1939 3741 416 3742 1976 1979 1938 417
15526 3676 533 3741 416 3742 1940
15527 3676 533 1939 3741 416 3742 1940
15528 3676 127 533 639 3742 1940 1976 1978
15529 533 1939 416 3742 1940 1976 1979 417 1977
15530 533 416 1940 4051 1979 417 1978
15531 127 533 7276 4051 1979 1978
15532 3676 1930 533 3741 416 3742 1940
15533 3676 533 639 3741 1940
15534 702 3625 701 637 704 200
15535 533 3741 416 1940 1976 417 1978
15536 2041 7278 7279 2032 3311 7277
15537 7281 2422 4614 7283 5601 7282
15538 4407 7281 4818 104 5096 433
15539 4994 3282 7281 4795 5918 1806
15540 4407 1391 1390 5234 7284 7269 5784 6574 3093 5862 6275 474 4117 6476 4630 4381 4368
15541 4019 927 7285 4849 485 3093 7286 5097 3948 3660 4381
15542 4848 4411 3296 5096 5970 2151 4381 2483 4731
15543 234 99 3183 809 4381 282
15544 8184 7287 7288 5547 4381
15545 305 706 705 708 707 200
15546 5249 2507 3413 6364 4381
15547 8160 2621 4604 6695 8164 1728 1128 6696
15548 1552 5655 7294 7292 7293 7290 7289
15549 5645 2037 5959 7289 5829 5875
15550 4574 3877 1562 4599 1610
15551 2768 1372 1562 5489 8215
15552 5392 7018 1562 3952 1350 1228 3465 3876 3463 2668 2552
15553 4711 1562 4710 2749 4671 3417
15554 1562 5575 5585 7048 7295 2726
15555 2358 1764 5994 4331 1860 1562 3870 6437 5867 4881 6507 1251 6438
15556 452 710 709 704 200
15557 1562 3678 588 5333 7296 3468
15558 5392 1562 1701 2241 3465 6042 3463
15559 7024 1562 2789 3151 4346
15560 5881 1827 1562 6686 3477 5123
15561 1562 951 5240 4315 3415 7297
15562 5335 1562 6002 1852 853 6780 7173 2748
15563 4866 4150 4272 3285 3142 5154
15564 7298 5130 3137 6740 2876
15565 6740 4605 6445 7299 2590
15566 2546 3282 3398 5970 6299
15567 3625 711 712 1448 200
15568 7186 6718 7300 3526 4756 3709 5092 6299 616 4507
15569 4962 3668 3208 6299 5531
15570 310 545 3668 3519 6299 686
15571 1740 2704 1429 6299 4597 5977 7301
15572 7304 2119 7303 1446 7803 6531 6299
15573 3149 5532 482 464 6299
15574 7305 5355 6536 4688 6299 454
15575 2998 5726 6874 6297 4263 6299 7301
15576 3155 3509 1809 3594 7306 6299
15577 6978 5638 6308 5493 6196 5459 6299 213 4292
15578 712 637 715 713 200
15579 5411 1416 3906 6299 1676
15580 3638 478 5451 1288 6299 4896
15581 5529 3498 7307 6299 3115
15582 6619 1786 1788 604 6299
15583 1624 288 222 1824 3199 5081
15584 7308 390 5700 4264 5081 3983
15585 6682 7309 5562 1524 305 5564 3906 3321
15586 4994 6140 680 7310 7282 628
15587 6294 2916 3259 4785 3989 1594 5008 6004
15588 3956 2916 7146 291 678
15589 717 124 716 718 200
15590 6664 4741 3995 2916 3953 6185
15591 2084 2916 4396 6110 5695
15592 2916 3444 7230 3455 1556
15593 3846 4518 2916 7104 2399 4333 5577
15594 6101 1524 1571 694 693
15595 1369 6101 3465 4821 3463
15596 5266 7264 5067 20 6212
15597 4530 668 3310 249 4367
15598 4410 5630 3311 4152 2641
15599 2379 8269 2523 269 2641
15600 722 721 720 719 201
15601 58 2348 3907 6007 7311
15602 4810 4940 7020 1496 4410 2852
15603 7264 4699 4094 1653 7312 6320 635
15604 5067 4094 6450 2201 6745 3135 2565 3295
15605 1624 3396 2350 2830 1233 218 4493
15606 1624 467 5848 1656 3501 1262 1382
15607 1624 1574 120 1246 2267 2204
15608 1624 3301 3250 739 211 210 1890 4201
15609 1624 3240 4662 1739 3249 3248
15610 1624 7116 508 4639 1021
15611 722 721 720 719 201
15612 1624 465 3993 1907 1616
15613 1624 7284 5006 5020 5437 672 315
15614 1624 4316 2282 467 4317 2395
15615 1624 1193 3252 523 5716 588 1194 315
15616 1624 6209 1236 3652 3256
15617 1624 2152 589 2690 5864
15618 2981 1624 4577 7017 1821 1613 467 2982 1426 1306 1160
15619 683 6365 4618 4813 6784 3015 5051 2236 1358 4887 622 2406 5697 1572 7958 3249 5465 3232 2710 3212 3637
15620 683 5686 2594 1424 277
15621 294 683 618 3884 2271 620 3276 469 6774 3278
15622 2470 2448 658 2459 8156
15623 722 721 720 719 201
15624 683 6032 477 5982 7314 616 2268
15625 683 3152 4396 1450 697
15626 1469 683 8058 2240 584 486 5006 1701 6421 1054 6506 1039 1046
15627 2759 683 6466 2439 6820 300
15628 3063 683 7315 3053 5299 657 3346 3859 4167 6700 5316
15629 683 7017 1458 4580 1299 4203 7088 2962 2961 1709 5449 46 1108 95 7316 5112 4511 1495
15630 683 150 142 143 6207
15631 683 618 3242 3301 4887 739 7317
15632 2759 683 2297 596 506 7318
15633 683 7280 1232 97 276 1078
15634 722 721 720 719 201
15635 683 6567 321 1239 4569
15636 683 1112 1130 5369 4211
15637 476 683 2242 3242 1458 5101 688 4887
15638 683 5686 5343 739 5244 5115 5433 698
15639 2759 683 7319 7161 469
15640 683 3216 1809 510 6189 511 263 213
15641 683 1193 4279 618 504 2275 482 464 2406 1194 6971 284 1995 7248 6861 5457 282
15642 683 4209 1538 1360 1739 5323 1600
15643 1391 683 4310 1390 588 4428 620
15644 683 7320 4128 5855 4010 4497 5104 3223
15645 722 721 720 719 201
15646 683 5638 7044 5494 1188
15647 683 2352 3529 3062 7321
15648 612 1862 5895 4006 1397 7781 3177
15649 612 666 3856 6278 4237 3853
15650 7424 612 33 1683 2176 2171 2147
15651 612 615 2732 4624 3854
15652 609 612 5474 3971 1347 6184 276 1379 472
15653 612 1628 2352 1590 649
15654 612 2705 615 6187 4097
15655 612 615 1485 3837 4349
15656 722 721 720 719 201
15657 612 807 824 818 2023
15658 2184 612 6824 615 42
15659 612 666 615 3490 5589 5904 2738 1289
15660 612 666 2266 6818 6010
15661 612 1950 666 6649 2762 2727
15662 612 666 5379 2986 1356
15663 2107 5390 5929 843 3329 3812 5605
15664 4802 6141 4380 3812 5604
15665 1469 1092 4566 1777 2720 6205 1236 1351 1230 1824 2917 6226 1209 5010 1231
15666 4001 1236 1230 677 1231
15667 722 721 720 719 201
15668 1340 1218 1856 3369 687 675 1374 1230 3915 3905 1782 2977 1231 2556 1273
15669 1856 4001 1230 677 1824 6226 1231
15670 1482 217 1230 677 1231
15671 7322 321 1157 1230 1209
15672 1340 675 1230 677 578 900 1217
15673 1812 5775 1157 1230 548 1209 1527 1356 1306 1231 3996
15674 6511 1340 675 1374 1230 3629 1231 1328
15675 1364 1164 1372 1238 1236 1230 4594 1345 5527 1828
15676 3198 4830 1208 1032 1157 1230 1534 3908 1209 1231 7048 7323 1273
15677 3977 3506 3901 1230 677 3500 4567 1231
15678 722 721 720 719 201
15679 1167 2720 3162 1230 3015 8215 3500 1231 3723 1217
15680 2394 1234 321 1230 677 1078 1233 1306 5884 3723 5523 3567 5519
15681 1230 3500 3502 1231 3683 1097
15682 6666 691 1860 1483 1230 1804 6401 5527 6982
15683 1575 1653 3977 6886 1395 1574 1560 3506 1610 1206 1230 1246 1431 5589 1450 1365 711 1522 1297
15684 1466 2901 1230 6509 2948 5194 1501 6706 6292 5745 3256
15685 6648 1230 805 1306 2272
15686 7105 7106 7327 1343 2720 7326 3344 1230 5051 7969 3230 6292 5240 7325 4293
15687 1236 1230 677 1078 1273
15688 579 1575 687 1094 1206 1230 4947 1207 655
15689 722 721 720 719 201
15690 1197 1698 1094 1206 1230 1207 1654 1217 676 637
15691 1218 1856 3369 687 7222 1230 1782 2977
15692 1340 1653 687 675 7328 1230 8215
15693 2768 1340 1856 1351 1230 677
15694 675 1236 1230 677 1233 3867 1231
15695 3865 3971 1230 3818 1231
15696 2181 1230 677 1326 1306 1822
15697 1167 1236 1230 1078 578 1231 1273
15698 217 579 1230 677 1233
15699 1179 1230 677 1078 1231
15700 722 721 720 719 201
15701 5810 1230 677 1231 7051
15702 3865 1218 1856 3369 1230 677 1824 1782 2977 1231
15703 579 675 1230 677 930 1306
15704 1340 1092 675 677 676 1864
15705 1340 1777 4278 4351 4004 3582
15706 1340 675 1236 1158 1161
15707 1340 1218 6515 2976 3632 4484 1273
15708 1340 6658 7116 4977 4978
15709 3964 1340 5900 1142 1740 3848
15710 1340 1193 1821 1236 5343 1158 8215 1194 1231 1217 1161
15711 722 721 720 719 201
15712 1340 6313 3915 4569 3211 1612 5526 1882
15713 1340 2902 6205 1208 6621 3567 1273
15714 3956 1340 1356 2727 7323
15715 1340 5894 1164 1136 1081 4004 6917 3300
15716 1340 2720 2789 5775 3151 5976 1243 1527 1519 6985
15717 1340 1879 1674 5343 1617 3852 5405 1209 3199 1396 46 5189 1660 4190
15718 1340 1222 2267 3973 3388 1273
15719 7120 1340 3827 5746 4001 3146 1094 1158 1194 1161
15720 1340 1236 1078 3723 1231 6862 6863 7311
15721 1340 4900 4569 5326 3495
15722 722 721 720 719 201
15723 2768 1340 1860 2720 5006
15724 1340 1878 1343 2131 7323
15725 1340 4303 1527 5010 1273
15726 1340 4001 2246 6361 7680
15727 1340 2720 5568 3161 1108 5902
15728 1340 1218 1158 1545 1273
15729 1340 1856 1234 5884 1231 5009
15730 586 1856 1236 6226 1231
15731 1856 675 4001 1374 1889 1365 1231 4486 676 3959 1273
15732 1515 677 1078 578 2263 3723 1231 1217
15733 2525 2492 2481 2514 536 2503
15734 722 721 720 719 201
15735 3262 2965 2830 3902 1852 1519 3199 1194 1231 3664 1774 678 2992 1561
15736 1564 1560 1232 1233 1231 678
15737 579 334 1653 687 677 7680 1231
15738 1653 687 1351 677 1231
15739 3917 1234 677 1078 1231
15740 2131 675 677 1306 1231 1217
15741 5491 6367 4451 5574 277
15742 4566 6205 3386 2707 6942 7329 5886 3567
15743 1895 4566 1778 3949 1087 1889 1153 1534 1796 3950
15744 4566 1778 1208 9 5589 4576
15745 722 721 720 719 201
15746 6741 7055 4840 4566 1785 1462 4704 5051 5093 5661 4100 4671 6742
15747 4566 5164 7284 5784 6575 5190 3108 1494 6372
15748 1354 1353 4566 2789 5983 4897 3151 7073 4328 7330 1480 1432 1473 8157 2258
15749 1353 4566 7315 1235 1897 1077
15750 1895 4566 1661 3908 4968 6554
15751 4566 1156 6205 1534 1233 2975 2976 2977 5884 8118
15752 7691 4566 1371 2721 2143 1190 2704 7009 1499 1297
15753 4566 3198 1778 1894 1208 2989 3609
15754 4566 4339 6206 3873 5585
15755 3504 4546 3866 4566 1479 1442 1374 3505 4888 1512 1996 1315 1365 4861 1219 2079 3893 3959 2258
15756 722 721 720 719 201
15757 4566 4131 298 4305 4306 1096 1907 4861 4860
15758 3038 4566 1778 3410 6509 3261 4299 7051
15759 4566 5481 1811 551 3567 3325
15760 4566 586 3250 1286 3609 5258 1306 1616 1217
15761 4566 3198 1778 1208 2364 3609 623 2942
15762 4566 1587 1534 3667 7331 8119
15763 1895 4566 4328 1534 7048
15764 4566 1778 6205 1208 3528 2791 4535 6695 4210 7093 7332 7702
15765 4566 675 4902 2757 2755
15766 4566 3198 1778 1894 3369 1208 5589 4364 3661 5402
15767 722 721 720 719 201
15768 4566 1778 1894 2767 1208 1539 1726 1906
15769 4566 7836 4960 1746 2428 7333 1745 3998
15770 4577 4566 6419 4702 6521 6912 3989 5409 3896 4533 5589 4878 5984
15771 4566 1193 3350 1194 990
15772 1367 4566 1878 1800 6658 1393 3350 1394 6523 2827
15773 4566 1385 296 289 7280 241 290 234 224
15774 4566 1688 1778 1208 4001 1534 2751 3256
15775 1367 4566 3299 1345 1890
15776 217 7017 4566 1224 6935 3013
15777 4566 4871 6967 147 4210 7253
15778 722 721 720 719 201
15779 4566 1894 1613 7925 7969 3300
15780 4566 1164 1778 3987 1044 1208 3988 3500 5800 1890 1273
15781 1795 6666 4566 5403 4517 1439 1596 1593
15782 2209 3832 3830 5952 164 7334
15783 6081 458 6278 5517 2753
15784 4582 6167 1097 5115 5439 4201
15785 3887 442 3888 3097 5115 5522
15786 5930 7337 3634 5115 5786
15787 2613 4200 5115 5786 4166 457 4201
15788 7337 4428 5115 5587 4166
15789 722 721 720 719 201
15790 5335 7557 3826 4579 2468 2473 737 738 853 855 1725 1758 5115 6951 857 6224
15791 8127 922 1030 1068 927 4204 943 1563 1255 1011 1009 1357 5115
15792 3635 1475 1468 1079 5115
15793 6595 4163 4173 7329 5115
15794 8161 4578 2475 5115 5786
15795 2471 2994 2476 4163 5115 7338
15796 2913 706 6207 5115 5786 5107 3637 6046
15797 1515 4160 1097 5115 5307
15798 679 1681 3263 5115 6364
15799 3635 1475 6595 1474 700 5115
15800 722 721 720 719 201
15801 648 1475 1468 5115 5786
15802 1613 515 3966 5115 5786 5307
15803 6882 1766 5115 4616 1476
15804 2090 4120 5115 3117 4855
15805 2473 700 2613 5115 6890
15806 1815 5720 1347 1158 1346 655 3031
15807 4205 3404 7339 3031 2032
15808 1439 1630 3031 4283 1529
15809 618 1472 3254 4596 1458 2950 3396 516 6535 6573 7340 285 1906 4607 7156 4428 2933 1678 3637
15810 377 2950 4595 1228 6171 3263 510 5442 4494 511 2933
15811 722 721 720 719 201
15812 3404 2950 25 3721 2136 6426 6040
15813 2950 3571 1445 3292 480 2260 4017 469
15814 2950 5170 1422 4228 253 4857
15815 7847 3273 3944 3527 1240 2132
15816 3201 7781 1399 3527 2735 5064
15817 6642 2981 4840 288 1407 43 4544 5194 7075 1195 1806 1399 3527
15818 2981 3916 5900 4618 1433 1863 4897 2982 1195 1399 3527 1412 3900 2793 3862
15819 6921 5976 7332 3527 596
15820 6313 4560 3527 1220 1634
15821 4397 4567 6588 3527 1219
15822 722 721 720 719 201
15823 6271 3729 211 210 2135 3527 4163 2735 697 5522 4164 4616 4232
15824 6642 3530 4826 1483 1850 260 3527 1851
15825 645 2982 1195 3527 3862 6579
15826 1191 2998 1442 5244 3867 1906 3527
15827 1795 1295 3482 5904 3527
15828 1361 7341 321 5749 1362 3527 1217 7342 5882
15829 2981 310 6666 1743 4741 3298 6126 2743 1431 3527
15830 6610 1283 5365 4613 3527 2787 4182 4181
15831 3303 7024 6918 2689 3527
15832 5188 5399 5398 1396 3527 1272
15833 722 721 720 719 201
15834 6567 1827 1789 3527 2734 6605 5396 6672
15835 3303 6918 6954 2689 3527
15836 3865 1777 1856 2983 675
15837 6336 6648 675 3500 5884 1629
15838 4019 1092 675 4586 1824 6226
15839 1398 1688 2720 675 1402 2721 1689 1275 5902
15840 1376 675 2246 1610 1542 2744 1408 676
15841 675 4001 46 2504 2505
15842 1092 675 1347 1206 1673 1631
15843 1511 1092 675 4001 1824 5010
15844 2481 2559 2547 1359 2536
15845 722 721 720 719 201
15846 1878 1395 1238 675 2176 3915 1219 676 4486
15847 3865 6511 1856 675 8215
15848 2768 675 3934 3818 1373
15849 1353 675 1236 1824 2256
15850 3298 1576 675 1698 1107 413
15851 1372 7836 675 7343 5896
15852 7105 7106 6886 675 5893 4835 6198
15853 579 1234 3037 675 1232 2143 3867 5884
15854 579 675 3928 5896 5576
15855 239 3952 4987 7344 5875 1269
15856 722 721 720 719 201
15857 5004 7345 3356 6816 1551
15858 6737 20 430 3614 6729 5192
15859 5906 3028 4925 548 387 3881 2693
15860 7346 3028 677 1078 578
15861 4082 5730 6356 4092 5427 4077
15862 4073 4082 4066 4092 4077 4084
15863 4088 6363 4082 4065 1127
15864 4082 4066 4064 4092 5427 4077
15865 4082 4081 5730 4066 6356
15866 4087 4082 6357 5730 5427 6007
15867 722 721 720 719 201
15868 4240 6796 2201 4120 5382
15869 7303 3141 1999 3288 4567 3588 7348 2330 7349 5627 5628 1704 2338
15870 7350 4799 430 7624 5187 6895 2032 4720 5157
15871 440 3721 3844 2032 6729
15872 3015 6948 2055 3123 7161
15873 3977 1553 6320 6766 3731
15874 1894 2959 8149 7331 6596 4788
15875 5919 296 2959 4598 5411 555 3204 262 4282
15876 5919 2959 6995 7351 3908 1801 1775 2605
15877 1441 5919 2959 5411 552 3111 554 5409 6342 6946
15878 722 721 720 719 201
15879 2959 283 6422 622 3895
15880 6737 2959 2607 2609 3704
15881 577 2959 5401 5345 4177 1751
15882 5919 2959 3299 5411 5404 3826 4760 5745
15883 2959 3668 6717 5411 2866 5096
15884 5919 3871 2959 5411 616 2268
15885 5919 2959 5411 6584 4343
15886 4565 2959 5411 7170 7171 8115
15887 5919 3522 2959 5411 471
15888 2959 4934 5411 2083 7352
15889 722 721 720 719 201
15890 2959 3942 6549 3953 2297 6004 8158 7713
15891 391 5919 2959 5411 594
15892 5919 2959 5411 6842 3874
15893 5412 7126 5919 2959 5401 5411
15894 5412 2959 7353 7092 5855 5470 1951 7112
15895 5919 5400 2959 3482 3221 5411 6868 5215 6519 549 6179
15896 3474 5919 2722 2719 2959 2609
15897 1329 5919 2959 3831 1794 2485
15898 2959 5411 4101 2857 479
15899 5919 2959 3347 5411 526 6686 3346
15900 722 721 720 719 201
15901 149 5919 2959 5411 3064
15902 5919 2959 8138 5411 1327
15903 5919 2959 5411 7354 4196 6908 6041
15904 5919 4516 2959 5411 3520
15905 5919 2959 5810 7355 5411
15906 5919 2959 5411 5098 5037 5089
15907 2037 2616 5875 3142 5143
15908 4698 7356 5274 5826 5832 4896 673
15909 1099 4275 7357 4698 5441
15910 661 21 3421 3312 765
15911 722 721 720 719 201
15912 3404 1538 22 2495 1415 1618
15913 5299 22 5343 3016 367
15914 6032 3590 4595 32 3491
15915 7359 5939 5509 4150 435
15916 6083 808 7360 6137 6024
15917 2655 3858 8203 3825 3836
15918 7361 2028 5150 2071 5475
15919 1390 5742 7085 3630 7030 2028
15920 6822 2028 3078 4373 2930 2929
15921 4310 2028 588 575 479
15922 722 721 720 719 201
15923 2028 6482 1463 7362 5799
15924 5300 1020 3288 267 5829
15925 6867 3054 6987 267 6415
15926 276 7364 7363 267 2551
15927 4816 7131 2195 2074 267 4367
15928 1092 5000 3975 232 273 267 3974 44
15929 3429 7365 3041 2308 8131 5344 695 267
15930 4223 4119 5468 267 6883 5555
15931 478 2271 3399 300 3400 3398 3232 267 468
15932 247 2088 695 267 4367
15933 722 721 720 719 201
15934 521 2081 700 3634 6739
15935 5894 3525 1293 4517 1596 3229 5373 5595 1593 5498 5367 4860
15936 4575 1716 5911 3525 152 153
15937 7368 799 7367 7370 7366
15938 3620 236 5248 2048 2195 7371
15939 2195 7372 8126 809 2120
15940 5950 688 5051 1638 7373
15941 3865 2983 1087 1089 7374
15942 5876 5833 5340 2661 5157
15943 54 56 3588 5612 7375
15944 722 721 720 719 201
15945 419 811 8279 3421 379
15946 4574 4823 5170 1371 7211 63 3923 3308 5584 1423 1563 1404 1297
15947 606 7211 6606 8149 3055
15948 4065 7033 3680 6750 7624 5877
15949 3725 5469 7025 3788 3361 7376
15950 7346 2286 4804 2165 2288 7119
15951 2159 6903 3257 5621 2286
15952 4784 6123 2286 2024 6287
15953 6805 2111 2163 4369 2096
15954 4796 5959 2936 5156 2307 4260
15955 3558 3113 3224 3336 3447 1558
15956 2481 2581 381 2592 2570
15957 722 721 720 719 201
15958 635 1668 3689 3364 712
15959 1953 5279 344 2127 972 2144 2287 2342
15960 344 7377 93 2287 1704
15961 6525 2023 7377 5622 2287
15962 6063 2907 4903 60 6099 7378
15963 2620 3066 1718 4100 1579 5323 2608 5765 7379
15964 7381 5930 5934 7382 3768 5933
15965 6090 3779 7383 2333 8268 3768 4255
15966 6591 7033 7032 7384 3768
15967 6090 3779 2334 2333 7385 2335 6151 7386 6348 3768 5933 4603 6236
15968 722 721 720 719 201
15969 2807 6805 6830 7387 3445
15970 202 2635 2634 2628 750
15971 6538 1234 1235 1232 578 5244 3867
15972 7691 7328 4406 1618 7388
15973 4859 2065 2060 4838 3416
15974 4654 5237 2065 5929 443 2087 7389 444
15975 2044 2020 2121 7232 7390 2127
15976 4176 4590 2044 2227 371
15977 1930 1939 3741 416 417
15978 4081 3686 4062 7392 4077 3688
15979 722 721 720 719 201
15980 3676 1939 3741 416 3742 1940 4051 1976 1938 417 1978 1977
15981 3676 3741 416 799 1940 4189 4051
15982 3676 127 3741 3742 1978
15983 3676 3742 1940 1976 1978 1977
15984 751 7015 7021 7393 3174
15985 1647 1688 3902 7021 1582 6412 3174
15986 797 399 639 6094 799
15987 797 3858 4369 2045 177 7394
15988 3847 3717 7258 373 4694 6094 538 3836 8204
15989 4087 4073 2602 4065 4085 1780
15990 722 721 720 719 201
15991 6903 7395 6413 6424 1780
15992 2980 3014 2969 2958 3003
15993 2980 3014 2969 2958 3003
15994 3025 2969 2958 3003 2991
15995 7397 7396 8192 1990 5144
15996 6575 41 251 3398 1990
15997 1390 298 3988 5855 5661 236 1990 4299 2760 5117
15998 3919 7398 3586 2864 1990
15999 7399 2153 2533 4617 2534 1990
16000 7237 4514 7400 6075 6247
16001 722 721 720 719 201
16002 4647 2379 3776 6075 6236
16003 2386 7403 7401 6075 6348 3127
16004 288 2989 6534 930 2990
16005 1133 1815 1200 956 930 1178 1187
16006 89 999 994 930 2125 90 900 1139 933 982
16007 1167 1186 915 3386 917 913 997 959 2707 930 1104 1187 1748 1517
16008 1072 1064 1165 913 930 968 918
16009 930 933 702 775 982 985 984
16010 4001 1157 648 5404 930 1209 1287 6579
16011 75 953 993 963 157 6413 930 772 776
16012 722 721 720 719 201
16013 1168 1167 1132 956 930 1104 1177
16014 998 993 1012 963 1006 930 772 79 933 1139
16015 321 5952 930 7331 1808
16016 921 993 1012 963 924 930 2125 772 1026 1139
16017 89 1027 1006 930 90
16018 930 967 3320 1252 1160
16019 88 931 75 85 998 993 1012 963 930 983 2125 90 1026 933 775 982
16020 1753 1132 1044 1060 930
16021 1132 917 913 956 930 900
16022 955 1012 963 1006 930
16023 722 721 720 719 201
16024 77 931 85 962 1006 930 1026 674 775 982 964 996 1029
16025 85 930 983 933 1139
16026 89 88 931 998 993 930 983
16027 89 88 931 993 1012 963 80 930 4903 1139
16028 930 771 540 674 996
16029 998 993 1006 930 983 933 1139 982 985 984
16030 7404 3802 7405 2531 6238 1993
16031 6238 396 256 7535 72 2467 2555
16032 1257 7406 125 2817 5831 387 5595 2813 5367 6476 766
16033 2809 125 1342 2811 2812
16034 722 721 720 719 201
16035 8225 125 387 1342 2812 1823
16036 4925 4980 4936 8225 125
16037 835 1899 1035 1900 827
16038 41 6589 1875 51 7407
16039 7408 5318 7409 2000 4851
16040 829 418 7408 7410 6552
16041 2056 6030 8250 2048 8249
16042 7757 3516 1396 6675 3217 5189 8249
16043 5271 2290 6436 6894 6463
16044 5631 7411 6360 4116 6894
16045 722 721 720 719 201
16046 2512 5046 4660 4656 4732
16047 4521 5928 4520 7037 7128
16048 2000 384 6035 5469 7037
16049 4913 509 6888 7412 3628 5466
16050 6888 4429 2062 1736 4084 4070
16051 7120 3978 6888 4972 4662
16052 358 2434 3439 231 6693 5218 613 4665
16053 2084 2434 3266 6575 7412 1526 7414 5163
16054 2722 461 2719 2434 7188 6184 6573 6549 2906 4321 5393
16055 4717 6462 2434 235 6526 5483
16056 722 721 720 719 201
16057 2434 4399 7415 7416 1456 4106 5993 6486 7062
16058 2434 7417 7416 6612 6719
16059 5973 2434 4217 235 5982
16060 2240 4606 2434 2241 6954 4393 5556 1751
16061 1750 2434 1291 4178 1358 6861
16062 3529 2434 7418 6543 5979
16063 2434 7075 7419 696 7746
16064 2434 5016 7420 384 2588
16065 4337 7284 2434 2828 154
16066 2434 7257 4217 4153 3101
16067 2647 2614 92 2025 59 2625 2658 2603 2636
16068 722 721 720 719 201
16069 8133 923 2219 2434 2865 7421 315
16070 5586 3600 3218 8182 1883 1293 2713 2212 4053 4197
16071 5885 1560 1883 1232 1694
16072 3917 1883 1235 1232 626 2575 5884
16073 1883 7422 2774 3519 7314 2076
16074 4826 1883 6324 1153 1534 211 1654
16075 5702 1883 5019 1504 3154 6132 7027
16076 1785 4131 4337 1883 4618 209 7081 1076 7425 2694 7423
16077 1883 6275 7028 1804 1638
16078 6741 1883 7426 5093 5096 3267 2258
16079 722 721 720 719 201
16080 1754 1883 3831 3710 1752
16081 7190 1883 1426 6588 5312
16082 1879 1883 3994 1684 10
16083 1883 5190 1541 1729 7427
16084 1883 486 8014 4330 484 482 3619
16085 3216 1472 4618 2999 1791 5165 5244 588 1221 1409 1801 4722 1802
16086 3439 6418 5051 4098 2961 4722 7000
16087 6922 2933 7428 4722 6979
16088 1457 7825 606 4613 4722 1499 4731
16089 4786 1360 5028 1265 4722 1499
16090 722 721 720 719 201
16091 1750 7186 605 6978 6509 1804 1678 6564 5766 6742 4722 2760
16092 6509 7429 6005 3457 4282 5207 4722 5542
16093 3442 1509 4155 5051 3707 5399 1245 4304 7131 7093 3230 7430 4621 3818 6902 8165 4722 2760
16094 1787 1596 1593 6196 7431 6554 4722
16095 5784 7188 5981 1357 4722
16096 3149 4705 3062 5561 7048 4722
16097 8154 4146 3440 6988 8165 4722
16098 3216 7154 7319 4100 7051 4722 2258
16099 6275 7028 7432 7286 3939 4722
16100 4668 4554 2267 2291 4722 6579
16101 722 721 720 719 201
16102 6574 6575 5471 5468 7433 4722
16103 6324 7434 4760 5461 4722
16104 1911 5093 7436 5096 6010 4983 4722
16105 6462 3529 5231 5470 4722 7072
16106 6414 5574 5575 2726 4722
16107 7148 509 5265 7286 4722 282
16108 5216 3097 1158 1161 4722
16109 4702 6695 1141 6696 5762 4722
16110 5172 6684 4557 146 4722
16111 3522 3521 5153 5190 1566 3864 7437
16112 722 721 720 719 201
16113 7438 5038 4282 2787 4915 2049 4138 7437
16114 4279 7090 6945 2682 2151 3478 5886 7437 3495
16115 6648 4321 5493 517 3372 1586 6314 5459 7439 7437 7027
16116 4845 2242 3642 5545 2243 6967 1595 3205 3084 6998 6720 6389 7437
16117 4881 6507 4364 6914 4388 7437
16118 4359 6301 5456 3267 6303 7437
16119 6654 7440 3878 7437 3115
16120 5856 4619 5853 431 7437
16121 6437 3389 3445 7441 7437
16122 7443 3521 3961 7442 7437
16123 722 721 720 719 201
16124 3615 1368 510 511 6713 7437
16125 7084 1850 3523 1851 7437
16126 2841 5611 5111 6273 7437
16127 2152 3179 7746 2151 1288 7437
16128 1967 8229 4959 138 2556
16129 1222 1239 3973 5011 2556
16130 1212 4175 1326 8117 3973 2556
16131 1110 3250 6126 1153 1796 1645 2556
16132 2902 3915 7248 1282 2556
16133 5900 1433 1863 1352 1612 2556
16134 722 721 720 719 201
16135 7444 3921 338 339 2709 335 2556
16136 7445 1235 3902 1233 1306 2556 5519
16137 1674 2830 273 1666 990 2556 1652
16138 1902 1089 1088 3609 1901 2556
16139 8183 5035 3110 5122 5751 2556
16140 3062 3915 1612 2556 1273
16141 1613 1539 4569 1612 2556
16142 1774 5381 273 2992 1874 2556
16143 1235 1821 1217 1666 2556
16144 288 708 429 6312 513 213 3659 1652
16145 722 721 720 719 201
16146 6577 271 3240 2236 4214 3957 4539 3212 213 3882
16147 2506 3240 5716 1505 4321 7170 7171 213 7433 7448
16148 3232 469 213 3488 6468
16149 4900 1289 3377 5077 213 238
16150 5019 5514 284 5588 213 6390
16151 6437 6041 1301 1612 213
16152 283 1905 3232 5381 213
16153 1417 3052 1627 3389 8165 213
16154 618 283 275 622 4159 213 315
16155 3379 5716 3380 626 5465 1097 213
16156 722 721 720 719 201
16157 149 1457 5416 5795 4215 151 213
16158 1502 3621 7133 4011 7449 6553 213
16159 4544 5194 1739 7068 213
16160 2476 2764 2575 3009 213
16161 6559 3620 6481 1334 213 7050
16162 5579 6161 3205 3276 213
16163 3942 4911 7417 2269 599 452 4720 213
16164 10 5946 5849 213 2483
16165 1490 6784 275 7450 219 213 6883 4231
16166 6688 2126 4783 367 817
16167 722 721 720 719 201
16168 5632 4400 367 6729 673
16169 3263 7068 4162 5790 7451 700 6905 6364
16170 1472 3270 2475 6655 440 3635 700
16171 2240 7078 1701 2241 700 3632
16172 5335 1569 461 3271 5416 4172 4160 649 3168 700 697 1751
16173 5452 2865 2086 3141 478 5551 2924 6829 7452 6471 6470 6473 2050
16174 2957 6421 630 6834 5753 7453 6829 3939
16175 4129 5250 504 5862 517 588 6829 6861 4294
16176 5988 4590 4429 7454 6177
16177 5988 6255 4782 5929 972 4681
16178 2703 2681 2625 2692 2670 2603 2636
16179 722 721 720 719 201
16180 5988 1955 6491 4784 5920 3789 2128
16181 5988 751 4429 5996 6513 7455
16182 5988 5996 3588 4252 7456
16183 3737 4929 8204 7210 798
16184 6763 4929 379 718 3011
16185 6243 2123 7535 4929 4805 2310
16186 4492 4436 384 2097 3858 4029 7457 4929 3825 3836 2824
16187 1003 5642 4929 330 2555
16188 7459 6087 7460 5966 1926
16189 1291 7077 2829 4754 6856 7372 4123
16190 726 723 728 727 724
16191 767 7269 1291 6482 4106 1456 1910 5238 1296 1455 6474 6485 766 3065 1817
16192 6603 4103 1860 767 5593 5497 8183 1291 1910 1296 4417 5376 2253
16193 4275 1291 6773 5553 6498
16194 1716 1787 2242 5784 5355 5949 1291 6508 6921 4160 1463 5908 4273
16195 6489 1291 1544 7461 7462 6479 5374 4862
16196 6604 767 6718 1291 4706 6983
16197 2759 2804 223 1291 3065
16198 1291 5408 5159 6516 7463
16199 5912 1291 5283 5246 5595 2816 5245 5367
16200 4407 7464 5682 5545 1291 5712 6394 6303 5367
16201 6758 730 729 203 4224 731
16202 1291 5401 474 5375 6001 1696 1296 5376
16203 1464 5911 1291 6486 6392
16204 1291 3189 1296 3188 5543
16205 298 1291 7422 1296 6887 8116
16206 1291 5368 6486 1296 5376 3046
16207 1291 1296 5333 1424 3633
16208 2804 1700 1291 7422 1571
16209 1354 3464 1218 3946 1179 3219 7322 1899 6452 2763 2791 6972 1153 3255 1796 3950 2777 1221
16210 3038 3369 2257 7322 1782
16211 3198 3946 4001 7322 1157 6041 8115 7227 5120
16212 733 732 7402 6758 537
16213 1344 1308 5545 7322 4785 548 6510
16214 3865 1218 7341 7322 5680 1157
16215 2789 7322 1509 2968 6693 3996
16216 3157 7465 3219 7322 5053 2682
16217 3927 1164 3501 676 1476
16218 1753 4545 1164 5931 2996 6401 515 1178 3244
16219 1191 1164 1398 4547 5931 4559 3981 3500 3983
16220 3435 6294 1575 1164 3833 1443 3894 1899 1613 1610 1178 1877 1419
16221 2739 1164 1894 2246 3909 1898 2230 1857 3500 6321 7466 6340 3256
16222 1164 1395 1442 5787 1315
16223 734 321 6758 7102 36
16224 1164 2720 1542 1504 1594 1494 1388
16225 1805 1164 1324 3301 1538 4204 1906
16226 1164 2685 1307 5051 5397
16227 6294 3184 1164 6917 608 8135
16228 1164 7127 3823 1442 6838 4428 1315 5990 563 7467 1079 3472 6857
16229 1164 1856 2705 1834 5240 6400 905 6215
16230 3937 1164 1521 6318 1190 1790
16231 1164 6581 544 2956 3299 3501
16232 7468 5894 1164 6767 4268
16233 257 1164 2246 1909 553 551
16234 5335 6335 741 740 6758 742 739 737 738 743 735 6446
16235 1164 1395 1369 1902 5976 3501 5890 2766 3300 1373
16236 4546 1164 2428 1745 5745 5860
16237 5586 1164 6658 3039 5147 1316 6519 2735 8135
16238 1565 6666 1164 1398 1879 5895 2948 1684 4671 1365
16239 1164 2735 1220 676 3060
16240 2967 1164 3242 2968 1437 1496 1152
16241 6642 3435 1800 1164 6590 1585 3501
16242 1164 1344 1818 1368 4594
16243 1164 5895 3928 2246 3352 1405 3905 4576 1161
16244 1164 3894 4203 1619 1415 1495
16245 745 6669 744 7224 6758 746 748
16246 4019 1164 1376 1591 1571
16247 7011 1164 3928 4586 6560 4839
16248 4545 1164 2722 1308 2719 6986 1044 3928 1371 7470 3845 7471 1528 1405 6477 1190 5409 3997
16249 1164 1785 3871 3242 3266 5190 6534 6921 6929 5541
16250 1164 1395 49 5890 1890
16251 4546 1164 1576 4589 2965 515 1404 5307
16252 579 1164 3928 1405 1408
16253 1164 3146 6548 5398 1542 1317 4762 6520 4183
16254 7691 1164 3833 2246 3505 228 1651
16255 1164 3833 3244 228 456
16256 751 749 6758 1758 750
16257 1391 4546 1164 1366 3928 1613 3823 5801 4555 3501 1415 8129 1352
16258 1164 1078 578 2265 2263
16259 1164 1085 7332 1083 621
16260 358 3509 6482 2550 4923
16261 1360 6031 3723 5522 4166 4923
16262 4172 524 4898 5566 5232 4923
16263 4195 2838 3099 4633 6967 106 2296 4282 5323 4923
16264 7107 4418 1509 6517 3724 5866 3145
16265 7107 4421 6998 6423 7472
16266 7473 7107 7735 4496 6448
16267 753 5113 752 6758 746 754 6557 1736 755
16268 7107 4418 6590 7474 6241
16269 7107 2946 1509 7925 7475 7969 1742 6292 2256 1220 4839
16270 7303 7107 1587 6620 441 5854
16271 7107 5881 565 5452 2988
16272 7107 4741 7326 1374 7476 6452 6517 5749 6972
16273 7107 4131 3251 1509 7477 6853 2688
16274 7107 4418 6667 7109 3596 6661 6073 4421 6998 6554 7472 7051
16275 7107 5040 3596 6661 3073 7478
16276 7107 4418 6667 5981 5298 6998
16277 7107 7106 4418 1509 5866 3148 6998 2256 2272 4732 3926
16278 7158 2559 761 759 760 757 72 8274 756
16279 7107 3632 4484 7481 7479 3671
16280 3904 7107 4418 3160 1253 7248 6861
16281 7107 8121 1253 6073 1396
16282 4577 7107 4418 1509 6517 3820
16283 1812 7107 7426 4902 2756 2757
16284 7107 7015 1076 7482 7389
16285 6405 7107 6530 3257 2751
16286 7483 3877 7018 6313 1356 8116 2727 6041 5776
16287 5881 2727 1693 3523 2174
16288 6824 3856 657 2146 2727
16289 2769 2836 2847 2858 2747 2781 2792 2736 2725 2803 2036 2714 2825 2814 2681 2758 2692 2670 2603 2636
16290 33 762 730 8274 763
16291 7426 7484 2357 3945 2727 7013 7448
16292 4026 4586 2727 4839 4284 4344
16293 3146 8047 5398 2727 5011
16294 5449 3187 2727 1302 4502 7485 1908
16295 667 6330 2115 7858 2727
16296 6642 1295 1345 2727 1864
16297 5222 1778 7465 1208 4871 1355 3944 2727 8118 5886 3256
16298 3504 7486 6651 5808 2727
16299 6658 1393 1356 1861 6855 6207 2727 2831 5396
16300 1878 4580 4026 1393 594 2235 2150 2727
16301 767 764 766 8274 765
16302 4275 7044 2438 4993 1083 2727 5459
16303 1543 1239 2702 3915 3944 2727 3567
16304 6430 5061 5868 2727 4309
16305 1911 2953 6332 1739 7746 6634
16306 3865 3464 1899 1236 3886 6226 3950 5443 3013 7487 7342 6634
16307 3013 3629 3296 1631 6634
16308 467 1480 5869 280 1808 1631 3232 3012 5902 6634
16309 3179 3531 2697 4163 6634
16310 7063 7126 1743 4130 2935 5226 6717 2712 4177 1298 6634
16311 217 5568 548 7488 6132 6634
16312 75 774 80 155 773 771 772 768 78 79 775 770 776 84
16313 7022 4859 1826 5793 1900 5776 6634
16314 3386 954 3116 2707 3708 3187 5128 5873 1676 6634
16315 7489 2298 4676 4620 4144 6634
16316 2963 4513 7490 3012 5577 6634
16317 4573 1782 5927 2844 1671 2793 6799 707 6634
16318 7237 4559 3981 5934 7394 3983
16319 2354 5885 4619 3867 5884 6455 6364
16320 6405 3809 6534 4619 4349
16321 7008 971 516 5342 4119 4619 5468
16322 3587 4351 4134 3253 4326 2442
16323 1080 1314 1303 4335 8219
16324 6603 4845 8150 3628 6597 1453 8154 4370 5464 3253 5112
16325 2576 3253 4326 472 5112
16326 4137 6697 3253 4883 4731
16327 275 3253 3412 2552 6211
16328 2705 5584 4228 1600 3253 5571
16329 7339 6588 2151 7947 3253 1410
16330 3580 4310 7073 50 3446 2575 1301 3253 7492
16331 4175 6482 5814 7493 3253
16332 4574 6184 515 1098 3253 1373
16333 5702 611 5466 3451 3253 5459 1075
16334 2259 2825 778 777 779
16335 5908 4554 3640 3253 6723
16336 4646 3101 6488 4641 7494 3253
16337 4877 5561 3253 2845 5695
16338 610 220 3253 2845 472 4368
16339 5444 7495 3253 3004 3005
16340 3779 3783 5935 439 4028
16341 3779 5746 1641 6061 1336 5405
16342 6090 2333 2228 7033 6247
16343 4339 3571 4340 2588 2059
16344 3919 7154 7418 2588 7221 5689 4665 7065
16345 5335 745 783 782 784
16346 1702 2588 972 4370 4747
16347 7496 6532 6667 2588 243
16348 2405 2588 6113 6006 3678 4992 6826
16349 4416 484 2588 1789 471 219 230 7185
16350 2588 3153 480 301 7497
16351 7432 2588 6834 2221 5982 2048 4100
16352 7498 2142 2056 5098 5998 2548 4657 4749
16353 3899 2142 1698 212 548 6908
16354 7499 2142 567 2143 3177 2150 5402
16355 4429 2142 1893 7500 644 2165
16356 782 786 785 3780 5669 5558
16357 2142 2227 7500 5602 371 7242
16358 3917 2131 5241 4595 5242 1949 5290
16359 1878 2131 6955 1849 7118
16360 1395 2131 3915 5890 1612 676 3325
16361 7501 3434 347 33 2131
16362 2131 3929 2504 5531 2505
16363 7503 2131 615 8150 1849 1289
16364 2651 6067 1878 2131 3828
16365 2131 7355 7925 7969 7504
16366 1878 2131 3954 3955 1996
16367 6002 787 782 789 788
16368 1878 2131 4560 6411 6166
16369 6405 2131 5607 6530 1818 32 2986 2357
16370 1878 2131 7315 1655 1849
16371 2131 1243 305 4525 7858
16372 3434 2131 3410 1730 2909 2910 2911
16373 2131 1490 2235 4303 1735 1773
16374 1878 4608 2131 5607 2926
16375 6067 1878 2131 4594 1345
16376 2181 6405 2131 4026 7330 1394
16377 4627 1812 2131 7505 1140
16378 793 790 8208 791 8255
16379 1878 2131 590 1849 7118 2150
16380 1878 2131 2282 2334 4317 2395
16381 2759 6279 2131 5810 4023
16382 4108 2743 1619 2143 3626 3818 5902
16383 4776 2227 2143 5598 2344
16384 1191 4546 3037 2062 2143 576
16385 5739 5738 2721 2143 6321
16386 1511 63 2143 4204 1612 1704
16387 1730 2143 5433 277 2693
16388 2143 4567 2324 2141 5698
16389 794 796 8208 1692 795
16390 7825 4580 2246 2143 2704 1709 4576 1520 1108
16391 2143 3502 1220 1890 1298
16392 1565 1398 1081 564 3930 1407 6519 7249 2143 2961 1494 4591 4593 4671 1563 4585 676 1373
16393 3946 1179 1395 4618 2143 5890
16394 1894 4560 2143 1582 6412
16395 1767 2143 2141 1693 1219
16396 7193 41 2143 51 4486
16397 1179 3615 2143 14 3950 3818 1877
16398 5650 6266 7508 7506 7507 5601
16399 7200 4514 2868 8268 7509
16400 2681 2814 2625 2658 2603
16401 795 797 799 798 4236
16402 6912 6324 2815 7524 7510
16403 3245 7524 7360 7111 3056
16404 7511 2863 3797 407 2638
16405 2177 343 396 8243 2314 7512 2467
16406 409 3052 4849 7514 4919 4867 4607
16407 2379 4867 2023 6398 817 330 2872
16408 1367 1193 5784 3727 5188 5719 4867 1396 5189 4164
16409 5170 7029 7505 2245 4867
16410 4559 3981 6151 5932 7515
16411 717 2126 818 93 7382 7515
16412 801 800 331 346 802
16413 4030 7516 7517 6148 6062 7515 4246
16414 3511 746 1703 2212 3822 7515
16415 6039 5934 7516 6236 5517
16416 5389 5602 371 4320 5624
16417 2107 843 371 6513 2128
16418 5086 7518 2610 371 4293
16419 5086 4429 2118 3829 2340 371
16420 5602 371 5598 5624 6046
16421 354 6070 6123 2346 371 2339 1704 6618
16422 7518 2340 371 7519 2345 5624
16423 96 800 30 363 804 805 346
16424 4429 3587 2340 371 2293
16425 1259 7520 7521 6259 6260
16426 1259 846 7336 6094 989 3307
16427 6076 6912 255 7522 207
16428 6061 8268 5934 3776 6062
16429 1701 8270 7033 8269 6057 7382
16430 3775 3770 3773 6151 6089
16431 7523 7526 7525 6089 2344
16432 3871 3077 6648 6126 7412 1682 6549 8025 2357 4987 3857
16433 6648 2866 4773 7527 450
16434 806 34 807 808 800 1336 810 811 809 1669
16435 6648 8271 5223 7530 7529 7528
16436 6576 6648 3971 2776 5680 6594 2700
16437 5889 5986 1308 6648 5723 2849 2298
16438 6648 7163 6850 1689 1528 1582 6408 5384 1589 6653
16439 6648 5147 8215 5787 4990 2005
16440 6648 3899 7531 5405 4623 5576
16441 6648 8181 1243 3829 7266
16442 3879 2357 6794 2656 7532 5402
16443 8299 8271 2909 2357 3857 8136 2694
16444 6666 8182 1185 6589 2357 1288 4174 7051
16445 815 816 813 800 8211 817 812
16446 1491 1490 2357 2970 5569 3857
16447 2954 6042 2357 7533 2833 5459 2138 5796
16448 7064 3203 6584 2357 3881
16449 1179 7084 1245 2357 7534 1421
16450 3956 3179 2357 6408 6210
16451 2181 7503 7024 2362 5306 1632 2357
16452 3951 271 6660 2357 5381 4961 1476
16453 53 1489 688 2996 2432 742 2357 1476
16454 2358 1860 354 6403 3589 4715 2357 4716
16455 5857 2357 3857 4348 6596
16456 816 34 819 800 363 716 818 820 821 56 811
16457 4578 4560 2917 2357 1634
16458 1827 5686 3066 7330 2861 2357 3857 7536
16459 8160 8164 2357 8162 3857
16460 2994 4023 1243 2909 2357
16461 3149 7538 7537 5831 2437 2357
16462 5724 5582 6500 2357 3857 2840 4482
16463 7101 1376 2935 5499 6715 2816 5376 5498 5751 3857 3046
16464 215 288 1374 6855 3708 3857 7539
16465 2913 6207 3857 7311 450
16466 3856 568 3857 1279 2353
16467 823 822 824 800 363 1336
16468 1395 3985 7724 6199 7735 3093 7792 7803 1646 4210 3857 3395 7702
16469 7116 2362 4290 3857 3445 4480
16470 5392 3879 3463 3857 4346 4500 7056 4015
16471 5434 4126 1188 6684 3857 7065
16472 7284 1431 5564 3857 4585
16473 5775 4831 1595 6711 3857
16474 7540 4702 3993 8162 3857 7541 7528
16475 1030 1479 4823 1395 63 4560 4900 1682 6535 567 1404 1419
16476 2998 5894 7011 1427 2956 442 7088 1902 595 3221 1682 5244 6588 1766 1357 7880
16477 8186 1488 3838 4955 1682 4956 1740 1594 4517 2135 1571 3835 1734 693 1766 4616
16478 800 363 827 826 715
16479 5654 6581 7542 5161 1682 572 4896
16480 1367 6559 4595 1682 657 1419
16481 1191 7503 6270 3301 545 3146 3039 4702 1374 1578 1682 552 7925 4956 2987 1585 4556 6004 7156 3818 4898 3248 8157 4505
16482 1682 480 3230 3304 689 3974 3212
16483 3297 4580 3928 3909 1682 1834 1190 1187 1745 1220
16484 2998 5051 1682 5893 5244 2687 2933 4898 6923 571 7472 6293
16485 4712 6691 1682 4300 4299
16486 1479 3713 4940 1682 1195 1416 5449
16487 334 3530 4826 4823 1395 1879 2720 4618 1488 1682 1684 1617 5010 5589 5890 1365 4978 676
16488 3216 3200 1472 1458 4203 1682 1357 1495
16489 829 2102 6369 30 828
16490 1361 3250 4001 2763 1682 5848 3318 1828
16491 3198 1778 1894 1208 4001 1157 1682 1153 1534 1796 1209 3261 8120 6390
16492 4823 4544 1682 6535 3923 1541 4572 1419
16493 1488 5190 63 4544 4345 1682 6535 5194 1541 2997 7157 4572 1419
16494 1479 5965 1682 1419 4839 3931
16495 1471 1443 1610 1682 5811 3501 588 3637
16496 3530 4826 1682 2699 3433 1604
16497 1682 6535 3502 4572 1419 1410
16498 3297 3299 1682 1394 4607 6566 7156
16499 2394 4823 3783 1682 4572 1419
16500 30 343 716 99 830
16501 2981 3201 3994 1682 2982 1195 6579
16502 6741 7351 3526 1682 6592 5409 7061 1297
16503 4823 1515 1682 6535 4572
16504 3871 1402 6921 6838 6654 1591 5896 6596
16505 999 4913 666 7308 3871 1894 6462 4404 288 1208 4960 3239 5087 4650 3443 3819
16506 6604 3871 4706 5097 1426 613 1877 5117
16507 1583 476 2684 1584 3871 5205
16508 1469 1805 3871 1532 298 3941 3994 3842 2203 568 6520
16509 3504 3871 1638 5409 4007 3912 2146 6839 1287 5541
16510 3504 3866 5950 3871 3827 4026 6004 6794 7488 6993 6564
16511 2914 2880 2892 2903 2869
16512 835 834 100 1002 831 1669 832 833
16513 3871 8170 3164 4881 1241 6044
16514 6611 3871 7925 7969 1216
16515 5950 3871 1768 2744 6408
16516 3871 6559 6656 6655 5088 7157 2234
16517 3871 6218 6901 3388 6672 2442 1373
16518 1344 3871 7108 6691 6541 5589 4571 5094 6663 5690
16519 1805 5910 3871 6419 4162 4759 6993
16520 2998 3871 3221 2999 1594 4210 3395
16521 3871 6640 7544 1271 2364 4837 1416 694 7543
16522 7063 3871 1315 6438 6389
16523 840 5324 839 838 837
16524 3077 3668 5241 679 5035 6784 3116 4110 5242 1198
16525 149 3474 2619 3077 2704
16526 1457 3077 4130 505 3668 1739 8025 4971
16527 2057 3521 3077 5264 3206 5955 3843 5466 502 5445 5663 4664
16528 7067 3077 5532 234 5097 3620 421 4650 4884
16529 7545 3077 5713 8069 3323 1684
16530 3077 8069 5445 5286 5465 4884 4773 5089
16531 3077 4148 8025 4971 4884
16532 3077 4127 8025 1195 7547 1140 4146 7548 3082
16533 7443 4711 3077 4710 8025 4680 5445 4884 4709 2244
16534 842 531 843 764 841
16535 3077 7549 8069 1866 3088 5855 4119 4373 8025 4124 5468 5470 3649 4884 1600
16536 6456 3077 4135 7415 6135 6474
16537 3077 7550 2083 2733 5782 2217 5854
16538 3964 4840 3077 3968 520 6217 4884 7914 6554
16539 4103 3077 5264 8069 8025
16540 618 3077 4587 2896 5317 1419
16541 5434 3077 5905 5486 4229 8124 4622 4265 4835 1387 3256
16542 3077 6178 4721 4635 5032 4884
16543 3077 7300 8025 4507 8144
16544 3077 8069 5712 8025 4884 5089
16545 1259 844 846 845 841
16546 3077 8069 7319 6352 8025 8146
16547 4103 3077 8069 8025 4884
16548 3077 1754 8025 5521 5520
16549 3077 4322 8069 8025 4884 479
16550 3077 8069 1454 3238 1453 5099
16551 1779 1777 6658 6126 5865 7551 3001
16552 1777 3184 2365 1224 6126 3110 3821 9 1896 1799 1155 608
16553 149 1716 6126 1454 7072
16554 6126 1728 4888 6597 3241
16555 3219 3251 6126 6990 6663
16556 1237 165 192 848 3780 4224
16557 1543 6126 1153 1796 1645
16558 6126 1244 1153 4328 1796 1645 1154
16559 8183 6126 6715 5750 5751 6582 7539
16560 6294 1643 6126 4535 905 1152
16561 6126 6417 2233 3049 621
16562 2349 6126 3177 3110 6179 3906 7552
16563 7022 5793 6126 8114 3177
16564 6126 2763 7092 4328 1352 2706
16565 294 1095 7019 7724 3146 6126 5749 3194 7161
16566 7553 4987 5850 6924 5864 6185 5882 4226
16567 852 5446 7335 856 849 7113 165 7557 854 737 853 6780 851 497 855 850 857 6224
16568 8160 567 8164 4987 619
16569 6295 3386 3823 1224 1166 1568 6549
16570 1688 2229 1689 6549 1582 6412
16571 1698 5754 6549 6652 7431
16572 1787 1785 485 8152 6549 8149
16573 6783 1466 5172 7429 668 6549 1742 3437 6410 3440 6964
16574 7063 283 6549 1317 622 1855 6791 6183 2656
16575 217 4813 2062 6549 3652
16576 6532 6549 739 3153 5904 7947
16577 6824 6549 1502 5585 412
16578 860 861 859 7358 4669 121
16579 1308 7129 1166 6549 4024 3997
16580 3303 6918 1349 6549 2689 5745 1220 550
16581 2999 1794 6549 5244 6244 7554
16582 3929 6549 2046 6975 4506 6838
16583 1740 6549 7555 4053 2656 8125
16584 7127 6549 2738 6638 5107
16585 5950 7305 3924 7129 6549 3327
16586 651 8069 6206 5215 8025 978
16587 3917 5285 7148 8025 7556
16588 4667 8025 4671 4838 4395 3440
16589 864 866 867 862 757 865 868 863
16590 8069 3263 8025 4884 7074 6364
16591 4403 1232 8025 7559 8135
16592 5263 8069 4944 2835 4556 8025 5464 4294 5463
16593 8069 7471 8025 480 7340 4884 220
16594 8069 8025 4884 5518 44
16595 8163 2250 3096 8025 4884 4010 5106
16596 5432 8161 8025 515 6916
16597 4712 5038 8069 8025 613
16598 4743 4663 8025 2267 4764
16599 667 5616 6418 8025 3433
16600 872 871 870 2025 3503
16601 8069 8025 5099 6994 332
16602 5906 3052 5642 8069 8025 3246
16603 1469 1441 6788 505 584 7412 4110 5242 968 2274 3965 2156 4502 6789
16604 2804 6664 7724 7412 5365 5082
16605 6932 7412 5856 6030 6653
16606 7412 6254 5345 7560 6022
16607 1753 7412 7084 1811 6901 7969 3955 4105
16608 3872 7412 7561 6785 7423
16609 257 6235 3507 7412 2188
16610 7562 3918 7412 6173 7449
16611 873 878 875 874 877 876
16612 1860 7563 321 7533 1362 1775 2593
16613 1826 321 3255 3273 7564 7048
16614 321 7565 1239 6193 3915 3867 7958 5884
16615 2057 321 7566 6455 7478
16616 321 1239 3915 5884 1612
16617 1879 321 5108 1684 2238
16618 1413 321 5952 7781 6554
16619 1778 1208 321 3906 3881 3256
16620 321 1079 3212 2544 978
16621 5900 321 1239 3915 1612
16622 2781 2925 2936 2814 2869
16623 6803 887 885 881 888 886 895 884 893 889 896 879 894 890 770 882 883 2080
16624 321 3610 3081 1262 1382
16625 5900 3941 321 5867 6579
16626 1795 3930 1587 2955 7735 321 3852
16627 321 5661 3915 5890 626
16628 685 3228 321 290 97 463 489 271 224 297 299 1838 287 301 3368 243 483 238 491 269
16629 5485 2742 321 2657 1664 3261
16630 321 6375 4662 2961 5449
16631 4547 3613 321 3231 1356 5131
16632 6819 4006 321 3182 2774 5848 4515 2297 1096
16633 321 5848 3430 7295 3185
16634 897 899 879 898 770 883
16635 573 321 1477 3809 1740
16636 7567 222 321 231 290 271
16637 3833 129 321 231 97 271 462 221 269
16638 1353 5900 6205 321 467
16639 1407 4618 3347 5190 3439 6395 5289 4098 1740 5194 6989 7564 1079
16640 3216 4172 6395 578 6196 6377
16641 5682 6995 6395 5855 52 1791 5589 4621 3885
16642 1471 5173 6395 3820 4497
16643 8153 2251 53 1489 6962 6395 3838 5216 3475 5240 6406 6946 3982 5117
16644 4577 5453 5035 6414 6395 1232 1166 2961 6422 6197 6129 4697 5575 4835 6341 6198 6374 2726
16645 879 900 904 902 905 770 901 906 883
16646 4546 1576 6395 6907 3500 4839
16647 6395 4661 3843 526 1513 5893 7472
16648 3435 4127 6395 7426 7547
16649 5682 1810 6395 5985 7568
16650 4418 6395 3100 4363 4634
16651 2998 3833 4096 1818 6395 2999 5244 1176 6985
16652 6783 6395 5397 4300 4299
16653 1489 6395 526 7075 7110
16654 1945 7570 328 1926 8298
16655 6061 4536 6958 7516 4117 6062 3983
16656 908 911 916 915 917 913 907 910 909 879 918 912 883
16657 7573 2066 3266 7572 2297 3881 7571
16658 2066 2721 5404 4972 5033 4966 7441 5055 8144
16659 3870 5292 7559 3626 4851
16660 6271 4536 7272 4525 7516
16661 5735 6061 8270 3773 7574
16662 6271 7095 7575 7383 4536 2423 6958 7516 6969 6148
16663 6271 4559 7383 6958 3599
16664 5931 7383 4536 7262 6958 7516 3983
16665 2379 5934 7576 7577 2864
16666 6162 852 6168 2486 1378 856 4696 854 3175 855 2396 6951 2464 2479 6224 277
16667 922 6803 923 921 924 920 919 879
16668 852 6335 740 3264 5566
16669 852 7193 41 2464 51
16670 2469 6027 852 7002 5113 2487 1378 856 6157 746 7113 737 853 3175 855 6446 789 5669
16671 852 5891 745 6669 740 746 742 854 737 853 3390 855
16672 2469 6027 852 6168 5891 745 741 1378 6157 4317 7446 1681 2395 742 3264 1714 3726 737 743 853 5780 497 855 6446 5669
16673 6027 852 5335 53 6335 753 1489 6155 741 7446 7113 2395 5224 737 853 3175 855 6224
16674 852 5335 6168 2394 7224 746 2480 7557 4579 5224 738 743 853 6166 6780 3175 855 6446 784 6160 5669 1736 3265 5558
16675 6027 6162 852 5335 53 7002 745 5446 1489 6155 783 741 740 2486 3823 1378 856 6157 7446 7113 2480 742 3264 854 2473 754 3726 737 738 6780 497 3175 855 784 5669 857
16676 852 53 1489 6955 755
16677 852 4600 2486 3154 6446 3822 6982 1817
16678 928 927 926 75 772 879 894
16679 852 742 739 6950 784 51 755
16680 852 53 6168 3642 6956 1489 6557 6163 497
16681 852 7002 3511 2209 6168 2394 745 2487 2486 6157 746 7113 2480 6951 3933
16682 6027 852 2394 3642 6155 783 6669 1378 6157 7446 746
16683 852 856 7224 2996 2489 4173 6951
16684 852 7224 6972 737 6176 853 3095 6165
16685 6027 852 2474 783 740 2486 1378 856 739 2473
16686 6027 852 5891 5446 7335 7446
16687 6162 852 5335 7557 2473 737 5780 784
16688 852 5335 7002 738 735
16689 931 929 930 879 79 933 932 776
16690 6027 6162 852 53 5891 783 7557 6113 6557 738 743 5780 6156
16691 852 5891 6155 740 5780
16692 852 5891 2474 7335 6155 1714 2473
16693 6027 852 2967 5891 783
16694 852 5446 2487 7113 854 5224
16695 852 2394 6335 856 1442 2282 4317 787 1315 855
16696 2471 286 852 4600 1909 2485 3424
16697 6271 7095 4547 4559 3981
16698 6271 7095 4547 4559 7383 5935 6969
16699 6271 7095 4547 4559 3981 8271 5935 4536 6969 5932 3983
16700 4958 879 933 934 883
16701 6271 7095 4547 4559 3981 6061 3983
16702 7095 5931 3668 5444 6374 7578
16703 6271 7095 4547 4559 3983
16704 7095 3981 6656 6655 6969 2997 5932 7157 3983
16705 6271 7095 4547 4559 3981 7262 6655 7516 3983
16706 6271 7095 5931 3981 7262 7516 3983
16707 7095 4547 4559 3981 6969
16708 1391 1193 7095 4559 1194
16709 7095 4547 4559 3981 7383 3783 3983
16710 6271 7095 5931 4559 3981
16711 899 937 879 938 939 935 883
16712 7095 4559 3981 7262 7516
16713 7095 4547 5931 4559 3981 6061 4536 7262 5932
16714 7095 4547 4559 3981 7383 4536 7262 7516 6969 3983
16715 6642 7095 4547 4559 5194 5932
16716 7095 5931 4559 7262 7516 8135
16717 1398 4591 4593 4029 3890
16718 5900 7482 4490 4029 3109 3060 2693
16719 3929 2721 1504 3500 4024 4029 5690 7579
16720 2020 2865 4029 2140 4252
16721 4029 7457 7582 6626 7581
16722 941 928 927 946 942 75 945 879 943 940 944
16723 6271 4547 5931 4559 7262 7516 3983
16724 4547 4559 3981 6061 5935 4536 7262 7516 3983
16725 4547 4559 3981 5935 7262 7516 3983
16726 6271 4547 4536 7262 5932
16727 4559 3924 4345 7262 7516
16728 1779 7163 4536 7262 5384
16729 5744 2767 1566 3375 3373 7262 3965 3374 7516 4898 4161 1499 5542
16730 6271 4547 5931 4559 3981 7262 7516 3983
16731 4547 5931 3981 7262 7516
16732 6271 4547 4559 7262 7516
16733 2980 2969 2947 2958 3003 2991
16734 949 950 952 926 884 954 953 921 945 896 879 940 951 78 87 938 770 948 2080
16735 4547 4559 7262 7516 6969 3983
16736 6271 4547 5931 4559 7383 6969
16737 6271 4547 5931 4559 6969 3983
16738 4559 3981 7383 1415 6969
16739 4547 4559 4536 7516 6969
16740 1489 2282 4317 7113 2395 787 6969
16741 667 8271 4399 6319 8148 3900
16742 4712 4396 1416 2151 3900
16743 1741 1867 1868 4161 3900
16744 1371 1998 2749 147 3934 1997 1412 1451 451 1871 3900
16745 6803 928 916 913 962 85 961 955 956 957 963 959 945 82 90 879 4903 894 78 775 770 964 960 84
16746 7011 7583 3707 6588 3900 1161
16747 3929 6954 2741 3953 2294 6684 1412 146 437 3900
16748 3877 5958 1431 5853 3900
16749 2157 6791 3900 3430 3185
16750 1271 4899 5700 4264 1554 3900
16751 5000 5023 5119 3816 3900 2505
16752 6307 2995 1505 6998 3900
16753 5900 4489 1153 1796 1645 3900 4197 1545
16754 7584 3218 1721 3507 8047 7781 1857 2265 3217 437
16755 7584 7585 2705 2313 475 480 247 452 674 2441
16756 956 945 966 967 968 879 900 902 940 894 890 76 965 932 770 970
16757 7584 4401 2599 2059 6798 5124
16758 7584 6338 4401 7586 1820 5121 5871 7173 7259 4729
16759 7584 6604 7148 5365 3623 2297 5800 5589 2787 1877 587 6789
16760 7584 2358 393 4715 7587 3073 4716
16761 7584 5872 4338 4401 7343 6733 1664 2059
16762 1391 1390 3994 4537 5719 4160 295 2766 1868
16763 2691 4160 1475 5442 7337 5201 4200 277
16764 4575 1510 2236 4160 1904
16765 6182 4384 4160 2135 5322
16766 264 149 1469 584 442 4317 7113 2395 787 4160 4162 515 583 1450 697 656 660
16767 927 971 974 975 973 976 879 977 972 412 979 981 978
16768 1469 1753 5416 4172 584 4160 4162 515 1450 1766 263 2771 5396 4164 4616 3716 1476
16769 4160 4162 515 4163 357 684
16770 1753 1390 2242 4172 4160 4162 515 521 4396 697 1671
16771 3610 6586 4160 710 5701
16772 149 4172 4160 4162 2146 2735 4186 2709 1766 4164
16773 149 3713 584 4160 1475 515 2135 521 6595 1450
16774 3435 564 6960 2730 1543 3197 5721 5216 4106 6950 4160 2997 7157 1406 3890
16775 4160 4162 1450 2735 7164
16776 4279 1110 7090 4160 4165 6364 4190
16777 3052 3263 4160 313 3922
16778 955 930 983 879 79 775 932 982 985 984 776 883
16779 264 4172 584 2185 4160 4162 263 1406 4190
16780 566 4160 1330 4163 697 5578 272 4190
16781 3729 4160 7588 515 4165 1406 4190 4164
16782 2242 4160 515 1450 697
16783 4160 6881 6882 4165 5522 4190 4164 4616 6224
16784 2242 461 5716 4160 3064 6989 5457
16785 2242 740 4160 3804 2353
16786 6573 265 4160 4162 6595 1450 4628
16787 7589 6437 466 2351 4160 5088 1416 1406
16788 1156 3855 1111 904 902 1582 76 8143
16789 988 879 986 989 770 987 990
16790 1167 1156 1132 1111 1163 1196 1051 1073
16791 7562 1017 1156 1145 942 971 1256 1023 1498 8143 1011 1053 1748 1357
16792 86 1156 1717 1056 974 975 912
16793 653 1156 4099 1048 1247 1188 1498
16794 1030 1156 1050 1086 5258
16795 1184 3184 1156 3159 997 3821 7590
16796 1156 6512 3663 2771 5106
16797 1156 222 2977 1497 4484 3666
16798 2979 1156 2975 3513 3318
16799 1156 1212 1050 1086 5258
16800 999 949 994 997 893 998 993 929 155 4958 879 890 995 992 540 674 770 985 996 882 984
16801 7592 1156 2989 1656 3664 1240
16802 1211 1173 1072 1156 1012
16803 1200 1156 1050 957 1215
16804 8173 2219 1186 1156 1038 1074
16805 1156 1050 1247 1870 1561
16806 1095 1156 1132 1038 956 957 1111 909
16807 2979 1156 6512 7341 3318
16808 1168 1156 6428 1039 901
16809 1156 566 512 3997 6312
16810 1028 1156 916 1050 1086
16811 8173 928 1004 927 1001 954 920 924 1005 1006 879 1000
16812 6858 1200 1165 1060 1169 1134 1035 1901 1556
16813 6858 1211 1174 915 1050 1134 1086 951
16814 1004 1242 915 1134 402 937 1104 1177 1082 960
16815 1200 1134 1086 76 964
16816 1134 402 1435 1071 1201
16817 7562 928 1001 1134 1053
16818 922 1044 1074 1134 1189 1048 937
16819 1028 1134 1189 1005 1202 1073
16820 1028 1134 1163 1023 912
16821 1180 1179 1050 1134 910
16822 1017 1013 928 1016 927 952 926 886 75 899 1019 884 953 1008 921 1012 402 1007 771 1018 772 83 879 943 940 944 78 1011 674 1009 770 1015 979 1000 996 882 1010
16823 1212 1134 1111 1086 6919
16824 949 1052 1134 771 540
16825 88 1019 963 1134 933
16826 1134 1086 5258 1198 1119 84
16827 1134 1189 1711 1202 1213 1011
16828 1134 402 1189 1086 5258
16829 1180 1134 402 1086 5258 4903 655
16830 1134 1711 5258 1198 1202
16831 1180 1173 994 911 75 1050 1165 1038 1032 402 959 1035 1104 1176 1131 1175
16832 1212 1044 402 1189 5258 1101
16833 879 78 775 770 4969
16834 4512 402 919 772 977
16835 1043 402 5258 1051 1748 1586
16836 922 1028 402 1711 1213
16837 1028 402 1711 1202 1213 1759
16838 402 1189 1711 1198 1202 1213
16839 1050 954 402 924 920
16840 1132 1050 913 956 402 898 960 84
16841 1044 1130 402 1185 1326 1046 6696
16842 1183 931 1165 402 940
16843 402 1189 1711 1202 1213
16844 2980 2969 2947 2958 3003
16845 927 1001 954 963 929 1020 1021 879 904 943 902 944 894 76 84
16846 5885 564 3159 7188 5721 4553 4591 488 1365 3890 315
16847 5885 1441 3899 6434 6406 6374
16848 6642 5885 5165 4100 1579 2726
16849 5885 3638 618 3715 1453 6970 1671 277
16850 5885 7159 5231 6129 4300
16851 5885 5894 1628 6995 1902 1539 258
16852 5885 4901 1743 4130 6978 2712 3204 1739 1789 1505 4177 3478
16853 5885 4553 211 210 698
16854 5885 1367 5948 1788 3161 4299
16855 5885 7593 2775 1566 4598 2156
16856 942 879 1023 1024 934 1011 1009 1022 938 970 498 1010
16857 5885 4516 1266 6178 6879 4657 4731
16858 5885 7444 2850 7594 338 339 335
16859 5885 3197 49 6534 3934 1194
16860 5885 4209 3157 1286 2399
16861 5885 1193 1800 3908 1415 1194
16862 5885 579 1232 3902 6030
16863 7200 347 415 6254 6708
16864 8133 2130 4894 2163 6708
16865 5997 6502 6491 4784 1959 3629 5597 3616 1881 6708
16866 3917 1142 5685 306 2276 6708
16867 999 949 1028 926 77 1027 85 953 924 929 80 155 945 771 342 83 1026 1021 4914 879 8281 156 890 78 995 992 702 674 2158 1009 770 996 964 1029 960 776
16868 4374 1818 7073 6411 6708
16869 2162 4131 5801 2761 1502
16870 7596 2162 7595 3166 1198
16871 7597 1003 7305 4910 5318 5060
16872 396 256 5469 7535 760
16873 1992 4787 1093 5254 5030
16874 3063 7598 2183 1992 4412 4287 4384 7599 5232 2288
16875 3615 4275 3831 4000 4488 4394 2988
16876 3946 2720 1642 4000 1035 3950 1345 1593 3616 1440 1264 1881
16877 618 5845 4000 7079 3520
16878 8127 1030 955 879 1023
16879 310 2362 4000 5119 1440 2771
16880 223 2229 4000 2987 6408
16881 2768 1816 4000 5295 2189 3905 7534 5896 1216
16882 1950 4000 3910 3259 937
16883 8058 1683 4000 1893 2266 1346 2055 6607
16884 1354 4000 6584 7332 2344
16885 3038 4131 4000 5754 1768 6680 2972 5541 3011
16886 5723 4000 2972 1241 3477
16887 5850 7230 3881 7543 7255
16888 5850 3143 5851 4472 4309
16889 1034 1004 1031 899 1032 1033 945 879 940 1011 770 901
16890 5234 6567 4135 5850 4701
16891 1664 5850 3645 2059 7254
16892 6403 6234 2917 1664 4715 5850
16893 1628 7486 5811 5850 3708
16894 7327 7600 4704 290 3042 3441 7259
16895 4895 7476 5486 5552 3460 4442 3441 7601
16896 923 6783 7600 6006 5585 3059 1302 3441 7325 7603 616 7259
16897 1951 7059 3441 1406 4753 2544
16898 1532 3108 7093 6292 6323 3441
16899 1318 5566 6372 3441 7604
16900 1043 881 916 888 886 1042 1038 1019 971 1035 909 879 1039 1040 770 882 1041 1037
16901 6567 5682 2956 5712 2961 6341 3441 6406
16902 6959 7063 7127 5434 4126 2987 3913 2291 3441
16903 7304 5000 3948 8131 3441 3471
16904 3894 1801 3441 6522 1802
16905 923 7605 3828 3516 7606
16906 631 6166 788 5137 225
16907 5931 3981 4647 5934 5932 3983
16908 4411 2850 3263 4622 210 4120
16909 1234 4411 4622 4265 4120
16910 8160 4411 4229 4265 4120
16911 1044 899 945 983 411 879 1045 960 84
16912 4411 4229 4622 4265 4120 960
16913 4411 6698 706 3922 673
16914 2469 6162 5335 5446 4411 4229 1375 4622 1475 737 853 4265 6174 1468 6173 4120
16915 4411 4229 4622 4265 4120
16916 1004 4411 8119 918 1498 1713
16917 4411 1239 4229 4265 3176 1262
16918 1145 4411 1256 4229 4622 4265
16919 1211 4411 516 974 975 5584 1188 1713 1712
16920 1016 946 1001 4411 904 1011 1053 979
16921 1017 1030 1125 1548 1994 6788 1446 4411 2934 4229 4622 4265 7607
16922 1013 897 1049 899 1048 879 1046 901
16923 150 142 4411 4229 4622 4265 4120
16924 4411 5019 4229 4265 4120
16925 5964 4411 4229 4008 4410 4120
16926 4411 4550 5295 4622 4265 4120
16927 4411 7608 4229 1415 4120 1387 3377
16928 4411 3067 1422 5522 4367
16929 4176 6585 1754 4411 4229 4622 4265 659 4120 3121
16930 6893 4411 4229 4265 4120
16931 4411 4265 4120 3440 5162
16932 1034 6365 4411 4120 3864
16933 1016 927 1052 952 1050 1035 975 1054 879 1051 1053 1010 948
16934 4411 7079 4229 1445 4622 686
16935 7476 4411 5121 5871 7325
16936 4411 4229 4622 4265 4120
16937 4411 2153 2968 4229 4622 4265 4120
16938 4411 4229 4622 4265 4120
16939 4411 4229 4622 4265 4120
16940 4411 4229 4622 4265 4120
16941 3856 640 1729 641 3853
16942 5408 3929 4604 6516 4607 1729
16943 7610 3438 3589 1729 7609
16944 916 888 1055 1056 968 879
16945 324 3534 1996 5549 1429 7611 2344 1729
16946 3877 7612 5103 1729 4753
16947 5986 1849 2940 2972 1729 2172
16948 1461 4106 3061 6565 7614 1817
16949 1564 3299 1542 7614 1708
16950 7249 7616 3076 7615 7614
16951 1329 6271 1643 3521 5153 6330 1610 594 4536 4662 2961 4771 7139 6341 6438
16952 4547 5931 4559 3981 4536 7516 2188
16953 6271 4547 5935 4536 7516
16954 1364 2242 7617 6440 1415
16955 2980 3014 2947 2958 3003 2991
16956 924 155 879 156 78 87 995 992 540 674 938 770 985 996 498 1057 960 84
16957 2229 142 143 8130 2351 6440 245 5287
16958 6440 657 8272 5838 7618 2732 3854
16959 7360 6440 861 342 5785 7419 400
16960 2190 271 6440 4162 623
16961 4548 5590 6440 5619 3513 7539
16962 6490 4178 1515 7619 6440 3875 473 6479 3486 2732 1604 3854
16963 6440 3477 3319 2732 3854 1285
16964 6781 7361 3620 6987 7527 5541 282
16965 1815 1153 1796 5800 1645 5541 4283 1216 1545
16966 3866 1317 6187 601 4253 5541 602 1216
16967 942 1060 953 1005 4958 773 772 879 904 902 1023 79 1059 1009 770 985 935
16968 1479 3987 6749 4586 2585 5661 4605
16969 3987 6532 539 4900 4897 4899 5093 6659 1412 6920 6468
16970 3987 1397 1656 6844 1652
16971 7691 5889 3987 7836 3037 4610 5794 3988 4631 576 3895 8113
16972 3511 1427 3987 6950 6560 1877
16973 3987 4268 4833 3460 5701 5971
16974 3987 3248 4629 1766 4585 698
16975 1191 7132 3987 7530 1615
16976 4599 3987 1271 4128 3988 4264 5701 6012
16977 2181 3987 2953 1411 3988
16978 941 1064 927 897 1065 1005 945 1007 1061 1063 1067 83 879 1023 78 87 898 932 938 1062 770 1015 979 1066 960 1010 883 84
16979 1417 5038 3987 505 7163 7542 4552 7620
16980 6027 4103 5264 3987 3941 3823 856 3988 3826 5306 8158 563 4334
16981 3987 3988 2741 3911 2748 4284
16982 3937 6528 3298 3987 358 3988 567 5397 2687 4861
16983 3987 6986 4214 4393 4576 7051 1297
16984 7691 1136 3987 3506 2246 3901 3988 3259 2744 7680 6675 1220
16985 2981 3987 4375 6417 3231 2203 1593
16986 1081 3987 7351 3988 7621 3233 6837
16987 3063 7181 6559 7068 5088 4428
16988 3252 5994 4895 4175 6559 7622 7958 4442 3450 7027
16989 908 1068 926 886 1019 893 1008 998 993 402 945 4958 1007 879 943 940 1023 308 1022
16990 4208 5915 1516 1738 7623 6559 7625 3120 657 6586 4022
16991 2394 5453 6559 1239 6851 3495
16992 2955 6559 5413 3907 6744
16993 6492 6559 5444 7133 4864 4865
16994 6559 2909 2910 2911 4012 7626
16995 3729 6559 1766 263 498
16996 6559 3203 510 5561 684 2234 6364
16997 6585 6559 7628 7627 5415 5987
16998 1738 7088 6559 5716 3715 1387
16999 7629 6559 2298 2944 7198 2688
17000 1013 886 75 953 967 342 83 879 79
17001 6559 3879 1210 659 7630 1652
17002 4516 5400 6559 5721 6868 7534 3475 7175 5462 5460
17003 6559 2081 2746 6883 7371
17004 6559 6307 4328 553 7321 7051 1545
17005 3053 6559 5512 7594 1124
17006 1805 6995 6559 1509 5216 4621 7631
17007 7285 6559 7071 3623 2787
17008 7691 3924 7757 2721 1528 7522
17009 1471 3571 6184 3263 515 4196
17010 3571 1689 1418 1589 6412 620 575
17011 1013 1070 899 924 920 967 879 78 770 776 948
17012 3571 3152 5294 706 1671
17013 3571 5473 515 46 2478
17014 93 2140 7455 2288 7119
17015 2119 5618 7142 2160 7455
17016 1364 2251 2250 7632 6837
17017 4198 7633 1422 6475 2087 8126 4266 5531
17018 5071 4472 5277 2087 7634
17019 8133 7538 6850 2865 2087
17020 6360 5470 2089 2087 433 6723
17021 2060 4220 28 1680 2087 6483
17022 6803 999 952 899 1019 895 1006 1021 879 940 156 78
17023 3519 2076 2087 4329 1424
17024 7637 2071 2087 1751 7636
17025 3620 5039 8146 2087 2050
17026 2349 3487 1664 8120 3187 6429 3661 2694 2919
17027 2349 3899 1683 4198 548 265 3913 2146 3945 6378
17028 2349 3179 7619 3178 6204 7068 7588 7639 3012 3662 7638
17029 2349 999 941 586 1167 994 917 1249 1082 1498 1435
17030 577 6164 526 3346 743 2212 6166 8158 563 7175
17031 1805 3826 4579 2054 6166 4629
17032 2469 783 6113 743 6166 855 1322
17033 879 918 1071 1057 1010
17034 3149 4317 7446 746 2395 754 1703 737 853 6166 497 6156 855 6446 5669 857
17035 467 338 3976 6166 7640 3864
17036 3642 741 2282 4317 7446 7113 7557 2395 6166 6446
17037 3824 6166 3154 6446 788 6224
17038 1698 2368 6002 6166 788 1373
17039 5450 3652 4887 6166 3458
17040 6335 1395 740 3277 2222 49 3826 739 6950 3824 1789 4563 6166 5890 855 690 1890
17041 6335 3823 6166 3678 855 6459 6951
17042 6367 6891 649 6166 686 6224
17043 1378 6166 6041 1322 5526 4183
17044 804 879 904 1023 76
17045 7002 6168 3177 6166 5558
17046 6027 2488 6171 6113 1703 743 6166 6224 698
17047 1795 589 5716 6166 6132
17048 5891 5680 6166 7230 4964
17049 2469 5095 5360 4970 7559 6166 4638 1478
17050 4279 1343 7090 8124 6166
17051 1385 5113 6411 743 6166 6951 5577
17052 6027 741 7224 1229 3824 5224 6166 784 6459 6951 857
17053 5891 5113 752 2222 6175 6166 5780
17054 5223 6166 4779 2756 2755
17055 77 1049 899 155 879 900 940 156 78 995
17056 2745 2717 6166 7230 4326
17057 4654 2491 2199 537 7641 4656
17058 3964 7008 4737 290 224 2199 7642 2744 8116 243 220 4732 7643
17059 2719 6462 2199 1142 6505
17060 5041 2199 5217 3967 4966
17061 2129 6291 7644 2107 4912 843 3588 330 6807 7456
17062 2130 2129 822 7644 5997 6502 4784 3408
17063 6465 822 819 3084 3876 4292
17064 822 4501 1219 575 5137
17065 822 1893 594 4119 7645 7936 6345
17066 4002 4113 4335 3891 3780 3669 4224
17067 2980 3014 2947 2958 3003 2991
17068 6858 1030 1072 927 899 971 921 879 1023 965 2158 932 1053 770
17069 822 5993 7534 1452 4117 809 449
17070 6984 7647 4467 751 822
17071 5171 822 652 6743 7648 5851
17072 5174 480 1463 2296 599 2787 699 220
17073 5174 3087 2071 2068 7062
17074 2759 7067 5174 6217 699
17075 3282 2313 4401 5174 6871 7259
17076 3378 4416 3228 539 463 489 5174 297 299 487 488
17077 6235 5174 1140 546 3881
17078 5174 5100 4639 4657 5286
17079 881 942 1074 879 1073
17080 3522 4705 3521 5153 2773 1228 4898 8157 6322
17081 3378 6209 1335 7285 4705 2802 486 485 484 3371 4893 7071 297 490 487 4356 1838 3368 3621 1835 488 3394 220 242 483 3051
17082 6528 4705 1866 2734 506 5229 7135
17083 4705 1540 3831 41 1638 5580 51
17084 4705 486 485 490 4356 1840 1837 2574 1839 6856 1301 4491 2771 493
17085 4705 1754 3037 6519 4579 3500 576
17086 7285 4705 490 4356 1840 1837 1839 3394 3382 491
17087 4019 8159 4705 496 1374 5846 8124 495
17088 3530 4826 4705 1483 353 6712
17089 1785 3877 7127 5378 4705 6658 3496 1221
17090 922 899 974 945 1048 1061 879 938 770
17091 4705 1413 4951 4480 2244 5112
17092 8153 4705 3901 2961 5787
17093 4705 486 485 490 299 482 1835 6107 7649
17094 3916 3378 7285 4705 486 485 484 7071 973 1837 394 3621 1835 3913 3394 438 7640 7474 491 493
17095 7285 4705 3870 463 489 297 299
17096 4705 5466 5445 5465 7650
17097 1030 1034 946 4705 918 1071
17098 4705 7300 4824 4887 5697 3416
17099 4705 484 4356 1839 7649 438 7640 5691 6873 491
17100 3378 4705 486 485 3228 3371 463 489 477 487 3621
17101 6858 956 1078 1076 879 295 1077 1079 960 1075
17102 7285 1324 4705 3510 486 485 3228 3371 489 7071 297 394 4417 5374 2253 491 493
17103 4705 486 485 3228 484 463 297 490 299 4356 1839 3394 7649 6856 3051 491 1841 4357 493
17104 4705 485 3371 297 7651 1840 1838 4357
17105 286 4705 486 485 3371 463 489 490 4356 1840 1839 3394 7649 6856 483 2253 4357 493
17106 3877 4705 1509 3884 1724
17107 4705 486 485 7071 482 3621
17108 7285 4705 486 3371 7071 490 7652 1840 1838 3621 1839 7649 7070 491
17109 3378 7285 4705 486 485 489 7071 490 487 4356 1840
17110 3378 5911 7285 4705 486 3228 3371 489 7071 297 490 1838 3368 1839 3394
17111 4705 3228 484 463 489 297 487 1840 1838 488 1839 6856 483 250 5531 1841
17112 1034 1081 1085 879 1083 1082 1084
17113 6642 7285 4705 7653 486 485 4871 484 463 489 297 490 5479 1841 4357 493
17114 7285 4705 485 490 4356 1839 6856 2253
17115 4705 486 1840 1838 483 4357
17116 611 5152 5212 5239 7430 4665 7654 3416 4732 472
17117 3170 215 2802 589 3396 7418 3245 5152 2574 446 4186 4665 469 468 506 4144
17118 7327 5152 2574 3100 5556 4665
17119 5095 5038 7300 4667 5152 1723 5042 5445 5465 5293 4731
17120 7655 7418 353 5152 4752 4665
17121 3888 224 3709 5152 236 3061 3100 5072
17122 7418 6005 5152 4665 7650
17123 881 926 75 899 1019 895 1008 955 929 82 83 879 4903 76 770 84
17124 2251 7353 3112 5152 1456 1841
17125 4737 4663 4345 4667 5152 5218
17126 3085 7418 4721 5152 632 5218
17127 4663 5152 4300 4299 1410
17128 2086 5855 5152 3084 5240
17129 8163 3062 6943 5152 1445
17130 5152 7658 2610 6607 7656
17131 4672 5152 7131 3948 2801 219 4861 4678 6529
17132 5152 446 4134 4665 4144 454
17133 3613 2867 7418 4351 5152 247 7407
17134 1008 955 920 83 879 940 78 540 982 770
17135 1508 5784 7078 4919 5152 7081
17136 5049 4711 4710 5152 5465
17137 6217 7659 480 696 240 6723
17138 3898 6592 7659 5092 7660 5205
17139 7659 2245 6660 4100 4142
17140 6217 2086 7659 3338 7661
17141 7659 6834 5920 597 541
17142 6641 1343 4618 2849 2835 7659
17143 3613 2841 4713 7659 7662
17144 1762 2619 2620 7825 3940 2575
17145 895 907 1087 402 1055 1089 1088 1086 879 1090
17146 3940 7097 7099 6179 8146 7295
17147 3833 3940 1528 622 3616 4772
17148 4823 3940 3586 6535 4572 1419
17149 6511 6666 2956 3940 2966 4295 3974 5519
17150 1787 1785 3940 6199 1339
17151 6203 7663 7240 7007 7089
17152 6264 4960 7664 5087 7333
17153 4840 4960 7489 7664 617 7333
17154 4960 7664 4953 5087 7333
17155 1888 3037 4960 4214 3895
17156 1060 929 80 983 879 770 912 883
17157 5095 5049 1754 4960 7664 52 1867
17158 4960 5100 7664 5087 4143
17159 7257 2867 4960 2866 7664 5098 4759
17160 4960 7757 4594 1345 5087 7333 4760
17161 4960 7664 5218 5087 7333
17162 4960 7664 6097 5087 7333
17163 7483 3951 4960 3433 4961
17164 5237 4960 7664 5087 7333
17165 4960 7664 5087 7333 3420
17166 4960 7664 5056 5087 443
17167 6803 1092 772 82 879 902 79 770
17168 4960 7664 4148 5087 6379
17169 5950 1590 7958 5043 3241 4753
17170 2684 1441 7486 1590 4555 6651 3989
17171 7593 1590 3173 5163 6200
17172 6528 1532 7724 3924 1590 1646 4053 1679
17173 7067 1785 1521 1590 2995 3623 6743 1804
17174 6590 1300 7665 1590 7301
17175 1564 1560 6587 1590 5413 3259 6422 1857
17176 1812 2219 6934 2358 6403 1590 2940 4715 1996 3284 3997 4716 4320 3011
17177 1001 1590 974 1005 975 1202 76
17178 2980 3014 2969 2947 2958 3003
17179 879 78 918 1071 770 935
17180 1590 5320 3818 2545 1220 1828
17181 1590 7129 482 5787 3233 494 6993
17182 3504 5986 6218 6417 4354 1590 3153 3895 4621
17183 1193 2901 1590 1194 4486 6244
17184 6845 7666 5040 3828 2344 364
17185 2219 8121 6845 6403 7667
17186 6845 652 5167 4835 6968 4638 6970 4733
17187 5243 6845 3887 3888 4919 5246 5245 6859
17188 7055 4418 6845 5765 7472
17189 6845 6850 6197 7110 981
17190 879 1022 412 970 413
17191 1030 6845 3053 6543 4237
17192 4415 6845 3482 6403 4715
17193 6845 142 143 3112 7622
17194 6845 4217 7670 5917 7671
17195 7154 2946 7300 3586 1076
17196 7300 3668 6639 7000 4731
17197 5360 7300 5465 4507 5293
17198 8058 7300 573 3207 1097 6364
17199 7300 6574 4971 4100 1563
17200 7300 508 234 8047 219 7248
17201 1094 5258 772 1093 879 4903 78 79 933 775 776
17202 5682 7300 3586 4687 7430 4144
17203 4415 7300 7022 7159 5240 284 5441
17204 7300 5466 5445 5465 5663
17205 7300 3921 6410 3440 4284
17206 5937 3887 6452 3888 7160 6972
17207 5937 4689 5521 5520 3398 1313
17208 1511 6294 1512 1493 6022
17209 6467 1446 7647 2776 7082
17210 7011 3178 648 6588 3996
17211 1482 3971 1889 648 14 1306 1652
17212 955 1012 80 983 772 83 879 4903 78 776
17213 1560 648 1796 1645 1631 1864
17214 1698 648 245 5710 7439
17215 6209 1697 3039 7673 7672 6408 1219 3011 7571
17216 3511 4244 1905 6175 3824 5526 4246 1882
17217 2422 5431 1844 5627 5626
17218 7674 2422 6266 5942 5604 7675
17219 4467 7676 2422 7283 7677
17220 6266 7678 7482 2367 3329
17221 1385 1443 4586 1744 6418 6509 7429 4955 4956 1767 7482 3966
17222 3149 6922 1395 3301 208 3277 1442 1397 3275 739 7482 5697 5890 2256 1474 990
17223 1095 913 907 920 1035 900 951 770 948
17224 4611 8299 1876 6804 7482
17225 2426 55 204 3109 498
17226 55 25 2463 6112 6288
17227 2129 55 2227 2228 5389 7121
17228 3281 6816 2433 4989 8172
17229 2251 6264 2250 1521 919 1791 4106 51 1817
17230 6264 5372 5399 7679 5479
17231 4965 6264 4962 2902 4281 4392 1190 7622 1506 5376 5322 6476 4746 766 6904
17232 6264 6573 4163 6476 4862 5492
17233 6264 1776 4884 7488 1775 450
17234 257 298 1096 1077 770
17235 6264 2358 4715 5729 4716
17236 6264 6489 7681 4383 7682
17237 6264 7683 3876 7639 5531
17238 6264 5478 2439 7416 6644 5374
17239 4546 4489 7355 1526 1293
17240 5965 2790 606 298 7684 1245 1293 46
17241 5911 767 6599 2935 5368 1902 6773 6928 6421 1696 1293 4106 6486 6506 766 3046 3065 1817
17242 2722 2719 4578 1834 1293 5224 2744 1415 1440 3393
17243 3299 1293 4538 6537 1452 6410 357
17244 2242 3526 1293 7594 478 2933 219 7685 616 4266 6723
17245 1099 1098 770 1097 935
17246 3173 6527 1293 3868 5321 3172
17247 5948 5949 3221 1293 5205
17248 1293 1338 7686 6504 4285
17249 2765 4327 5399 1809 1293
17250 2084 2867 3845 3493 4568 8091 8080 1293 524 4228 4952 5227 4731
17251 3200 3254 3301 545 3994 7687 1909 3231 552 1293 5571 2827
17252 1043 4096 6717 4598 5808
17253 5400 2719 5808 7587 5887 6920 7688 6468
17254 6462 1299 3578 5808 6926
17255 7418 7969 5808 5437 3859 4665 2268 2688
17256 926 1100 1018 967 943 944 1101 770
17257 3422 3097 6743 5808 260 2738 6659 6942 7052 506
17258 4270 2190 5804 3820 2587 8047 5808 253 3311 4152
17259 4397 1528 5808 2740 6937
17260 4337 6718 4588 3961 4372 5399 5808 6846 3059 6974 4630
17261 1532 4397 4304 6695 5808 6696 2133
17262 6978 4195 6717 3951 5808
17263 3521 5153 1705 7565 5808 7093
17264 1017 6462 7090 3097 6086
17265 4547 5931 4559 3451 7068
17266 4547 4559 3120 2137 4022 7892
17267 922 1016 911 997 1074 774 1048 1103 1104 76 898 1040 1071 770 412 1041
17268 5742 4547 4559 209 659
17269 6271 4547 5931 4559 3820 5934 1396 5933 3983
17270 6271 7011 4547 4559 2995 4343
17271 4547 5931 4559 3981 7383 5934 7516
17272 5432 4547 5931 4559 3981 3983
17273 53 5931 4559 1489 515 707
17274 7501 4559 5190 5194 1791
17275 823 2139 7015 94 1693
17276 6405 2139 1683 6530 2176 4452 2351 326
17277 2139 3915 4569 4812 1612 542
17278 770 1015 939 1041 1105
17279 6420 5916 2139 6621 6622 5462 3458
17280 3410 2139 1768 6627 1219
17281 2236 2830 5110 5578 712 2132
17282 5434 4126 2135 2132 6138
17283 1507 5428 3372 3384 2132
17284 1034 1065 411 976 1105 2132
17285 5872 4338 4339 4340 2001 2132
17286 3511 6952 2479 5554 2132
17287 1064 1548 976 2132 1138
17288 2405 6656 6655 2477 2132
17289 2980 3014 2969 2947 2958 3003
17290 1001 895 953 956 924 920 1061 1106 894 87 770 882
17291 515 1450 5909 3494 1766 4616 2132
17292 783 6669 6174 1322 2132
17293 6456 6330 6401 3661 3632 7702 7295 2132
17294 7689 451 7161 6799 2132
17295 1743 2767 4172 5845 3921 7079 1789 6851 1473 1288 3007 2132 7323 6857
17296 564 3898 4591 4593 3890 2132
17297 5950 4513 5998 3945 2132
17298 1795 3528 6907 1855 2132 1294
17299 7625 3120 4022 4739 2132
17300 3530 4826 2257 1483 2404 7229 7230 2132
17301 920 1107 770 1108 1041 413
17302 6678 1580 1412 1757 6510 5463
17303 5911 3242 6619 6184 5721 6678 1539 3389 3374 3246
17304 1719 1761 3842 6678 2399 2611
17305 3252 6678 1707 3391 1857 6194 6870
17306 1171 1052 1535 6678 151 1419
17307 1771 1719 6678 4430 340 5602 6327
17308 2209 3137 6678 2355 1951 1748
17309 7190 1897 1951 4442 1077
17310 6585 7190 548 3176 3885 3154 4323 1602
17311 7190 7124 1568 3989 1593
17312 1112 1110 1111 919 1054 951 1109 770
17313 7190 7320 2176 2167 7663 2227 6546 6071 372 6804 7690 1951 7006 1735 6897 6436 644 7485 4293 1695
17314 7190 7692 2340 2345 5620
17315 7190 3369 2917 1782 1220
17316 7693 6298 6421 6715 3451
17317 5682 4859 7693 5793 7645 7062
17318 7693 4663 4971 318 3238 5296 7936 1265 5099 5232 5044
17319 4711 7693 4663 5998 4752 5209
17320 4137 4387 3078 4646 5045
17321 3078 1725 1758 1747 2693
17322 1544 3078 7461 5475 3046
17323 1065 931 774 772 79 770 84
17324 6131 3078 5238 3101 4117
17325 293 3078 3619 6493 517 3041 1267 7070
17326 4287 3078 7648 5913 5238 7461 3117
17327 610 7130 7138 6005 3078 4414 5918 4738
17328 3641 3078 1837 4295 7640
17329 5907 4227 3195 3078 4486
17330 7681 3078 3662 6821 2445
17331 209 6541 1480 1580 4570
17332 3927 1613 7340 6408 1315 4570
17333 3434 4332 2909 2910 5465 4570 2911 1865
17334 1095 928 86 915 75 893 955 920 945 1007 983 772 1021 940 78 79 932 770 776 84
17335 1576 1261 5413 4563 4570 1801 3248 1802
17336 4485 6422 7694 7695 4570
17337 6541 7696 4321 7695 4570
17338 7610 354 7315 5101 7697 3589 3597
17339 1258 2956 2704 1591 6377 571 6904
17340 4019 6295 4394 1767 6377
17341 5616 2246 1591 6917 6377
17342 5787 3437 1220 550 6377
17343 544 8014 4631 4007 1591 2970 596 6377 4505
17344 3642 1489 1889 3193 1591 6377
17345 941 653 1050 899 945 898 770
17346 6995 2246 6907 1591 4024 3816 6377
17347 6666 3827 5848 5688 3848 1220 6377
17348 6617 2679 7698 913 2680 956 477 1063 1591 6377 2276
17349 954 1568 1512 1412 452 6377
17350 6335 3823 3197 2397 1736 6377 5558
17351 6682 2156 1591 6377 44
17352 2469 4596 1458 1591 6377
17353 1179 645 4631 576 3950 1591 1288 6377
17354 1591 4759 4395 6377 6554
17355 3111 6901 3433 6974 2778 5072 6377 6468
17356 923 1034 1068 1065 916 8160 971 4958 902 1116 940 1040 770 948
17357 1530 1591 3944 1952 6376 6377 2504
17358 5950 1784 3299 52 1591 3533 6377 7699
17359 7473 1238 1591 8116 3816 1493 6377 1388
17360 3901 1368 4761 4762 4763 6915 6377 1651
17361 2183 5113 5846 495 6377
17362 1557 6309 5853 4774 6377
17363 5702 6375 1310 1312 6377
17364 1644 2156 1591 6377 1864
17365 4626 1591 694 693 6377
17366 5775 1752 1272 6377 4734 5542
17367 928 1117 1067 1119 944 898 1118 965 1062 770
17368 5894 3833 545 208 3820 1438 1096 1907 1591 3060 4505
17369 3937 1633 1816 6978 1632 1591
17370 3937 6419 2946 6250 8047 1591
17371 2678 1244 1539 7168 1591
17372 654 6956 5190 4544 1740 739 4204 743 1591 696
17373 5026 1591 6915 6564 6906
17374 1244 2741 5165 5409 1591 6531 2689 3423 1328
17375 1238 3506 3259 548 4626 2189 576 1591 1328 6579
17376 2506 1524 6950 1591 1571 1322
17377 6511 1591 2504 1388 2505
17378 1120 1007 1018 87 2158 770
17379 2209 7700 5178 4622 4120
17380 1079 6221 2872 4164 4166 6224
17381 2742 2743 2657 2054 2872
17382 2768 5019 273 7227 2872
17383 415 4369 7701 3573 644
17384 4828 6275 6573 7703 1676
17385 3181 6408 7703 6374 6653
17386 399 639 6094 799 7704
17387 4849 399 639 799 7704 538
17388 399 639 6094 799 7656 6045
17389 1121 308 2158 1009 1062 770
17390 2062 399 639 6094 138 799
17391 4849 127 399 639 6094 1939 799 3742 1940 4051 1979 417
17392 399 3742 1940 1979 417 1978 1977
17393 6642 5219 7380 694 693
17394 829 3877 5795 2265 46
17395 2645 7305 6399 6398 4981 7705 7675
17396 5190 4544 5194 1541 7705
17397 5784 7353 2841 5235 2771
17398 6959 4415 3613 7353 2506 3207 5093 394 5110 5096 2710 1952
17399 7353 589 1445 3056 7070 620
17400 2980 3014 2947 2958 3003 2991
17401 1001 1061 770 979 882
17402 7353 4371 2072 6820 5494 6107
17403 1466 7353 6509 7637 3453 4159
17404 7353 3056 650 626 8131 7172 4159
17405 7353 293 4399 3092 4106
17406 5907 6922 7353 3526 2086 224 3111 6620
17407 3522 3521 7353 5905 7340 3238 5099
17408 2619 8058 3522 3521 5153 7706 7353 4304 5290
17409 7353 4820 7707 5764 5290
17410 4965 7186 2084 3085 7353 5855 4294 4921
17411 7353 4128 617 285 6273
17412 1101 770 939 1122 84 2080
17413 4279 3079 7353 4713 4751
17414 7353 6414 224 3709 5575
17415 4359 6604 4371 4372 7084 7516
17416 7032 6057 7384 7708 7382
17417 7357 5479 6482 7710 7461 7709 5674
17418 294 6889 2082 3613 652 2954 5674
17419 819 7391 419 5674 6398
17420 6397 7711 3419 7505 8283 534 330
17421 6858 6397 7505 5622 330
17422 6397 6996 1722 8122 6852 4238 4237
17423 1125 1129 1127 1128 1124 1123 770
17424 6397 209 4560 211 210
17425 7454 7781 3851 7958 3982
17426 2246 7712 7454 1352 4505
17427 1223 1895 5392 6640 7724 1411 7454 7792 4761 5445 8168 3463 7713 546
17428 1465 605 7454 2686 6939
17429 7055 7724 7454 4610 7714 7129 6508
17430 3954 7454 2741 3955 2687 1328
17431 1308 4026 7454 4397 1523 4878 6400 3997
17432 7454 1405 2713 6923 3300 1615 1388
17433 2394 6960 4848 1477 3203 4598 6061 1480 5790
17434 1133 1095 928 1112 1081 1132 85 884 921 1130 993 774 1007 896 943 770 1131 948 84
17435 6061 6535 5295 2068 1630 2196
17436 150 1738 142 143 6586 3975 6012
17437 150 1576 142 143 2236 6948 7157 3248
17438 150 589 142 143 3112 2085
17439 142 3568 6961 7715 3567
17440 1471 150 1538 142 1256 1067 5369 1046 3864 469
17441 142 5719 7716 4561 6165
17442 150 142 2999 6862 6863 6389
17443 142 143 6352 8146 4720
17444 150 142 143 3729 1728 4010
17445 899 1134 82 83 79 770 996
17446 150 142 143 154 4122
17447 653 5916 150 3242 4172 142 1350 657 2297 2577 3248 1419
17448 6585 150 142 143 4229 4622 4120
17449 142 7655 3248 620 4585
17450 1427 150 142 143 626
17451 86 150 142 143 1585
17452 6585 142 143 4186 6362 469
17453 142 143 6952 5741 4173 5518
17454 150 3713 142 3715 6374
17455 150 142 143 3493 554
17456 1135 1136 1082 1101 770
17457 150 142 143 7088 3179 5283 6012
17458 150 142 6992 7663 6433 6434
17459 3209 150 654 1738 143 3263 6364
17460 150 143 3883 6388 4846 1865
17461 150 143 4394 5223 5251
17462 2946 143 6937 7746 3489
17463 4740 375 5010 4742 3523 990
17464 6255 6525 344 375 1712
17465 4454 7595 7717 4654 376 8250
17466 2126 376 6026 817 5609
17467 999 949 952 77 1012 155 945 771 1026 156 78 995 992 702 674 483 770 996 84
17468 5355 3830 7718 6030 378
17469 4172 2153 3976 452 4120 379 3625
17470 362 5345 2378 379 2821
17471 7304 53 6795 1393 2167 6071 419 5629 1394 6398 2127 2140 4295 6263
17472 2176 2167 2652 5732 5627
17473 2176 2167 32 346 99 2293 5732
17474 7719 2021 2167 2926 4714 2339 4681 2338
17475 4575 1508 2775 5434 5401 2167 5215 3532 708 6533 3172 6999
17476 3580 5754 2167 590 4554
17477 3928 2167 1405 7559 4571
17478 884 893 998 993 157 963 920 929 1006 930 919 772 82 90 1026 940 78 933 540 702 1009 982 770 882 1138
17479 5814 5927 7720 3520 7721
17480 5759 708 5927 3520 7492 6877 2693
17481 1888 553 548 5927 1352
17482 7550 7276 3006 2718 5927
17483 5845 7079 5442 5927 7722
17484 6818 5927 2732 335 3854 4326
17485 3062 5927 5970 3661 3424 6374
17486 5618 5927 2919 5517 7723
17487 3198 1385 2257 4494 229 1556 4320
17488 586 467 5998 3319 694 693 4320
17489 77 85 1005 945 4958 773 1007 771 772 90 83 1093 1026 156 78 1139 770 985 964 984 498
17490 3263 1475 1468 6364 5786 5307 4320 1476
17491 5086 2923 5600 7725 1737 7726 2339 4320
17492 5597 5975 2941 4320 2342 6618
17493 3093 1767 2339 4320 7727
17494 2956 1483 3275 6948 2297 6132 4320
17495 1565 4985 4108 2052 4661 4644 4660 1943
17496 7438 4108 7351 6662 1820 4977
17497 7024 4108 3951 3626 8158 5740
17498 3297 4108 4598 5188 6691 6541 2068 5589 4571 1396 1287 5189 6663 5690
17499 4108 4661 4756 4680 3626 4656 4732
17500 942 977 890 1053 770 970 1010 948
17501 5041 4108 3843 2548 4680 4640 4668
17502 4108 4661 2548 453 4660 4678
17503 1133 6642 1795 5403 4741 3952 1044 2982 1195 1450 3175 676
17504 6682 6581 3952 4281 3942 6694
17505 2679 3952 1911 5203 2680 6520 5118
17506 6664 3952 6658 4104 8157
17507 7304 2119 7303 3952 7728 7523 7526 7525 7729 6286 6287 6288
17508 3952 1862 2240 2680 2241
17509 6591 5017 3424 7730 7723
17510 3876 1934 709 7731 4242
17511 2980 3014 2969 2947 2958 3003
17512 1133 927 1070 926 1019 893 945 940 1140 770 939
17513 4298 5906 4245 4787 5263
17514 5650 7732 6266 7677 4246
17515 3587 7663 7692 7518 6909 4248 7255
17516 4248 3645 6526 5077 3354
17517 7733 4248 546 2798 4854
17518 1716 8183 6479 5751 6478 1766 4616
17519 86 4130 8183 6586 4196 7133 5201 469 6012
17520 5586 6343 8183 5165 1870
17521 6336 8183 5723 6590 7714 6715
17522 6922 5744 8183 6302 6715 4311 5751 3494 4500 4499 1419
17523 963 80 1026 674 770
17524 8183 3924 3150 6975 6940
17525 3200 4904 8183 6338 3195 5751 5588 2771 6322
17526 8183 6912 6921 6715 2816 5751 5396
17527 6636 8183 7734 6715 5751
17528 6636 8183 1829 6715 5751
17529 767 8183 6492 5798 7736
17530 5593 8183 5912 5375 6001 6878 6715 2829 7737 5498 3889
17531 7153 6209 8183 5751 5501
17532 6599 8183 6715 1910 7738 5751 1455
17533 7153 6343 8183 595 6782 7477 4506 6915
17534 1031 1099 1142 1141 770
17535 8183 3941 3221 1746 2428 1745 7027
17536 8183 4610 6715 7062 5751 1280
17537 8183 8164 3163 8162 3684 5751
17538 8183 4813 6715 3953 5904 1399 5751 2735
17539 3508 5038 8183 1283 6912 3118 5371 4613
17540 6718 8183 4341 5993 5751
17541 8183 3194 6715 5751 5433
17542 4194 7465 8183 1271 6935
17543 8183 6715 7555 5751 7739
17544 8183 6715 5751 6605 6793
17545 1143 1144 890 87 308 702 770
17546 7740 5337 3288 5829 4681
17547 2207 7741 3289 2491 4681
17548 1121 411 904 1713 1715 979 4440 981 4681 935 1846
17549 4796 435 5301 4834 809 4681 7742
17550 972 1713 1715 1712 4681
17551 7560 5972 2345 4681 7675
17552 7743 6218 7747 2275 2274 5619 7745 2123 2155 7744
17553 946 6218 3809 1116 8143
17554 6218 4594 1106 1345 1273
17555 1482 3216 5900 6218 1683 1374 1087 3609 3666
17556 1072 1145 78 770 882 84 2080
17557 3410 6218 5904 4024 694
17558 1461 6218 1393 8164 1394 1763 659
17559 5616 6218 3901 1744 3505 1316 4024 6409
17560 5894 6218 1791 4210 616
17561 1856 6218 4001 3971 3006
17562 6218 7537 4026 7748 4155 4198 5708 6400 3893
17563 6218 8161 1804 1808 4315
17564 6218 1316 1288 2252 1161 1298
17565 1361 6218 1543 209 6307 7049 2702 211 1356 1326
17566 1329 6218 3615 2326 1374 350 6430 1693
17567 80 1005 945 966 919 904 890 965 1022 770 935
17568 6218 6199 1698 7453 6839
17569 2107 3141 6502 5996 2821
17570 6491 4784 843 2821 7749
17571 5996 5389 5975 3588 3109 2821 2128
17572 7728 7523 2140 7729 817 6286 2821 6287 364
17573 2129 2222 2316 5390 843 2127 2821
17574 2129 6255 5929 7377 3408 6632 2821
17575 7750 8173 2084 5173 5220 590 1358 6684 4159
17576 7750 144 3052 1569 3383 2216 2709 1357 457
17577 7750 2998 2999 5244 2135
17578 941 909 1146 1147 940 1071 770
17579 7750 5763 5216 4349 7164
17580 7750 471 2574 5104 4367
17581 7750 1565 2251 2250 7159 6639 4299
17582 7750 6919 7594 626 511
17583 4176 7750 6805 406 2096
17584 53 2487 2282 752 4317 7113 2395 5255
17585 2394 6155 2282 2222 4317 746 754 735 1322 2234 5577
17586 5335 53 7002 3642 753 1489 5113 740 2282 752 7113 2395 787 739 2473 754 743 784
17587 7335 2487 6955 2282 6157 7224 4317 2488 6411 497 789 1747 5558
17588 3511 1489 2282 4317 4579 6113
17589 1149 929 945 938 1062 770 1131 883
17590 6162 5335 2282 2480 5935 7557 737 853 735
17591 2282 4317 2395 787 3175
17592 6027 6162 5891 753 6956 3482 2282 4317 746 7113 787 6113 6557 5780 3345
17593 2471 3511 3642 1489 2282 4317 2395 787 6316 3345 3999
17594 7193 2282 4317 787 41 51 44
17595 2282 4317 2395 787 1703 743
17596 2802 2282 489 7071 4317 2395 4992 3249
17597 662 2282 4317 2395 787
17598 6155 2282 4317 2395 787 6165
17599 6011 239 2084 509 1458 2282 5220 4317 2395 787 3061 524 232 1301 6859 1075
17600 995 674 770 985 984 1150
17601 2282 4317 2395 7239 7751
17602 783 2282 7557 2395 787
17603 4590 2282 7520 5299 2395
17604 5891 6155 2282 4317 2395
17605 2282 4317 2488 2395 787
17606 5891 2282 4317 7113 2395 1322
17607 2282 4317 2395 787 6113
17608 2282 4317 2395 787 629
17609 2282 4317 2395 787 5730 6356
17610 7409 7752 5259 3109 3119
17611 908 949 950 899 85 884 893 998 921 993 157 924 929 4958 983 771 82 896 940 78 540 674 775 982 770 1151 996 882 498 960 776 948 2080
17612 5828 2585 4153 5305 5829
17613 927 5134 7093 7133 4011
17614 594 5134 2121 3589 7089 2343
17615 5134 2344 2290 5734 2343
17616 7617 7422 3519 6887 6506
17617 5931 3981 2480 313 1178 2396 3983
17618 3981 7383 5856 6309 5853
17619 3832 3830 3116 2319 2850 2741 3708
17620 5349 3832 4741 605 582 3830 2233 3354
17621 6617 3832 3830 3233 686
17622 2980 3014 2947 2958 3003 2991
17623 954 924 920 905 770 960 948
17624 6330 3830 45 1616 272
17625 3832 3506 3830 4343 3907
17626 4735 6590 3830 4963 1783 2770 8144
17627 3832 2767 7078 3830 1326 8117 8119 696 698
17628 3830 7109 4421 3907 1396 3244 5189
17629 3326 467 3830 1452 1652
17630 3830 5399 1905 1849 1388
17631 2742 3830 1521 2364 1316 4761 4762
17632 3832 4744 3830 5056 2842 5034
17633 247 4444 7144 2089 4117 5277 695 460 5555 449
17634 6858 951 1059 770 964
17635 2860 3066 4430 2398 7144 4915
17636 7144 4117 6498 6474 704 7072
17637 354 2926 6835 4797 3329 6142 2927 3649 6613 2144 204 763 2116 7119 2288
17638 5304 6065 4795 3329 6552 7753
17639 2865 2227 2126 3329 2293
17640 401 4400 5634 3329 5124 455
17641 2907 3329 4794 7754 5829
17642 7305 4654 5050 861 5146 5860
17643 3977 1375 5509 3402 5505
17644 1229 6171 2463 2468 4783 5511
17645 4958 1026 1139 982 770 882
17646 4407 922 923 927 4841 8036 924 474 1048 7169 521 1109 938 979
17647 4431 6458 5840 3649 6346 4432
17648 6030 421 5840 408 7755
17649 1191 6307 6715 5751 7013
17650 1191 7011 1324 8161 2246 3439 1397 7792 567 1834 1355 2761 990 7702 7407 6013 6964
17651 1030 1191 149 1785 1324 2720 4618 1507 4351 5926 3451 5802 968 6699 1054 1260 1187 4671 4601 8129 7947 4299 4839 4486 978 2253
17652 1191 2967 3200 3301 739 3965 2212 3060
17653 1191 4598 1804 1867 1460 1455 6920 1288 6468
17654 1812 1191 7610 419 4284
17655 1191 4545 1371 4958 1190 295 4567 1563 1107 1419 413
17656 893 1012 920 929 945 1006 896 156 1139 540 702 770 1151 1029 776 1152 84 2080
17657 1191 3203 3193 1801 1877 7323
17658 1191 3899 5853 4184 4519
17659 1565 1191 1367 3530 1443 1371 4900 2962 6699 3502 1315 1107 1108 1419 413
17660 6642 1191 3303 2722 1397 1374 6500 4604 5026 1791 4827 1460 5800 1996 4898 3423 3890 7427
17661 1191 2998 1538 1407 4586 1613 1350 1402 2999 1542 5661 4214 1594 1523 1530 5244 295 3502 3501 1415 7156 3818 6917 3300 1420 5117
17662 1191 1367 4310 3894 1458 589 6639 1399 4898
17663 1191 3506 4278 1431 3500 2188 1298
17664 1191 2705 2935 1791 1010
17665 1191 5726 4375 3164 2961
17666 1191 1367 3242 3930 505 1876 273 3049
17667 983 1061 1093 4903 890 78 933 1139 775 982 770 882 984 776 1150 84
17668 1191 5432 3894 1411 3884
17669 1191 1112 1568 5296 1315 2827
17670 1191 8153 2764 5475 2710
17671 1191 3216 1443 1543 1442 1539 2702 4106 1315 1817
17672 1191 1479 8036 5101 1146 970 7756
17673 1191 937 5201 1217 8115 6374 3495
17674 1191 2251 1471 564 1366 4596 1458 2250 565 5413 2948 567 1405 1190 568 4591 1415 1906 7156 8143 8129 4585 3890 8135 1890 1297
17675 1191 1081 3037 4172 3505 3910 576 3502 8158 6917 1499
17676 1191 4019 1395 946 1576 6205 3430 3256
17677 6685 1191 1431 6565 3300
17678 927 926 75 774 770
17679 1191 7475 4303 6915 1952 1890 1328
17680 1191 2705 4580 3928 1397 3910 50 1504 1379
17681 217 1191 6451 4568 1801 1152 1802
17682 1191 1344 2250 5413 5896 5117
17683 1191 1688 1582 1589 6412 1288 3926
17684 5100 4117 4884 7654 7758 575 118 5544
17685 7759 6030 7761 7762 7760 5740 118 2120
17686 1838 488 7763 118 5544 1841
17687 7312 3491 2060 6806 3156 118
17688 2053 106 3101 251 760 118
17689 770 1151 984 776 1150
17690 5950 5051 3194 4515 5800 118
17691 216 1367 5910 7308 1471 6694 1476
17692 7308 5434 4126 8185 1097 4165 4190
17693 7308 4831 4552 1850 6589 275
17694 7308 3639 4479 4474 3226 4662 7051 7323
17695 6405 7308 1816 2761 1534
17696 7308 1099 6439 3322 2174
17697 7308 611 234 3195 3476 4882 1666 315
17698 1479 7308 1407 6651 3150 6940 4585 1499
17699 1546 7308 7551 3852 1797
17700 881 1153 1155 8118 1154
17701 7017 7308 5749 1896 1240 7626
17702 6331 7308 3369 3349 5496 1782
17703 7308 7154 4645 8169 2711
17704 7308 507 1271 5700 4392 305
17705 3530 4826 1483 4771 2149
17706 1479 3530 4826 4823 1488 1521 3923 4517 1415 4572
17707 3530 4826 6597 1415 3279
17708 4826 4489 5173 8154 3907 1848 6392
17709 3530 4826 1483 5306 1602
17710 4826 1483 8216 2934 2691
17711 881 1156 1050 1157 1089 1086 5258
17712 3530 4826 2362 2831 1279
17713 6617 3530 5219 4826 1854 6962 1801 1288 2594 3659
17714 1329 4826 5784 4404 1458 2956 4172 4618 6784 7696 2157 4228 5576 1801
17715 4826 509 1483 7625 3108 3120 8131
17716 4826 1299 1613 1483 6950 1480 4196 3501 712
17717 1482 1753 4826 1483 3231 3444 3455 1152
17718 3530 4826 1483 2404 3181 7276
17719 3530 4826 4208 1483 5697
17720 3530 4826 5686 1483 3009
17721 3530 4826 1688 564 4591 1582 5584 6412
17722 881 675 895 893 955 1158 1111 5258 1162 900 894 1160 1161 1152
17723 6938 4826 1483 5391 4184 2656
17724 4826 6161 6935 708 4200 2833 6390
17725 3530 4826 4175 3181 2247
17726 1223 4826 6581 5147 1483 1316 3915 3818 1522
17727 6295 4826 3203 4550 7530 7529
17728 3530 4826 3013 7487 7189 2811
17729 4826 6960 3239 6344 3460 3513 5854
17730 3530 4826 1483 2295 7721
17731 3530 4826 5721 5955 3190
17732 3530 4826 8161 1535 4900 1158 1524 1571 1161
17733 2980 2969 2947 2958 3003 2991
17734 881 971 1032 1056 5258 1104 1162 1163 894 1040
17735 3530 4826 2983 1483 6199
17736 3530 4826 1483 8160 8164 8162 1406
17737 3530 4826 1483 5299 521
17738 3530 4826 2804 1483 3299 2733
17739 3170 3530 4826 6505 7121 7295
17740 3530 4826 1483 3375 3373 3374 6990 1373
17741 1465 1467 2686 6481 1904 1037
17742 476 1167 1147 1071 1904
17743 4830 3610 1379 1904 6008
17744 1482 3178 1904 5715 5782 3325
17745 1167 1164 881 1165 895 907 955 1130 1166 900 1059
17746 1509 539 477 3915 478 6694 3012 1904
17747 4194 3277 3275 2772 2750 3233 1799 1904
17748 1815 4712 8163 5686 1904
17749 1329 1465 1467 2731 4550 1904
17750 1698 3837 3012 1904 4480
17751 2679 2680 2954 4024 2738 1904
17752 1030 1211 928 1548 1188 1904 1152
17753 2242 6577 3817 4162 1904
17754 1367 3254 6577 3433 1904 1297
17755 1087 1089 1088 1904 1406
17756 908 1168 881 1165 1060
17757 5721 7588 4206 2076 2937 1751 1904
17758 3506 1523 2873 1904 5011
17759 2685 1304 1365 1904 6426
17760 3242 2362 3727 5719 3308 1418 1904 1419 145
17761 1034 5432 946 1111 1711 2976 2977 1904 3632 4484
17762 7186 544 582 2232 7188 5088 7372 1904
17763 1395 1369 4618 5589 5890 1904 3996
17764 6682 1860 7531 6983 5733 3168 3267 1904
17765 5865 3667 5405 3029 1904
17766 1788 4538 1365 5005 1904
17767 89 1016 88 1171 881 1052 77 1132 1027 962 85 895 1169 893 955 998 1012 963 157 155 83 1026 156 995 992 1011 702 775 1151 964 1029 498 776
17768 7127 3369 1782 1520 1046 1904
17769 7468 3404 6766 7463 5811 5009 5272
17770 7764 4026 1996 56 4747
17771 7764 4096 7418 4569 575
17772 7764 6195 6527 6608 4124
17773 7764 2266 5755 5743 6618
17774 1031 7766 7765 8251 7767
17775 6536 7193 6772 1444 5366 4286 473 1267
17776 4408 5234 6536 6486 7770 7769 3486
17777 5478 6718 6536 7077 7771 4399 4286 3092 4106 5993 5371 2437 3171
17778 1173 881 926 955 1172 80 5258
17779 6536 6393 471 6394 6920 6468
17780 4575 5416 6536 5220 3452 3168 3444 280
17781 1716 5038 2802 6536 7022 4859 5793 6967 6537
17782 922 4840 6536 485 5555
17783 5916 6536 5905 4430 613
17784 2057 6536 6172 5375 4509 5290 7185
17785 2057 5234 6536 7077 6394
17786 6536 7771 458 6007 5518 6994
17787 7772 6536 7737 3616 1881
17788 6528 6536 7670 4263 1952 7880 6605
17789 1174 1168 1072 881 1028 1134 1086 5258 912
17790 2077 6965 6464 3400 3117
17791 2124 7644 2077 5059 2059 4757 5128 282
17792 1361 395 2077 1362 7189 5622
17793 7691 7305 1372 5171 4586 4702 3909 1513 1530 5800 8171 2766 4585 6742 6616
17794 1953 3238 1951 6436 5137
17795 2651 7773 6465 1953 7256 6543 652 2294 251 7119
17796 1950 7355 3852 7746 3011
17797 5958 3852 6433 4012 6434
17798 2742 1407 2743 8047 2995 4343 5394 3852 6292 3011
17799 1812 13 6548 3852 2704 6408 1140 4757 3672 3996
17800 1173 1095 950 881 886 1165 884 997 1032 1008 920 5258 896 900 1176 894 1175 2080
17801 1457 4310 5403 1911 910 3852 313 1855 575 3011
17802 6437 3852 7774 6794 3011 4292
17803 4403 3852 6753 2268 4864 3011
17804 6067 2117 3852 5306 3011 7869
17805 465 1393 2176 3852 4105 623 1079
17806 1367 8128 5737 3852 623 2834 1175 506
17807 666 4549 1349 3852 2267
17808 6643 349 2368 1549 3852 5699 3011
17809 6405 6530 5749 3257 1849 4963 3852 1219
17810 1706 6439 1549 3852 6953 1673 7170 7171
17811 881 1165 1134 920 82
17812 1385 2362 302 3852 2396 306 3011 3060
17813 8121 8122 6127 1667 1718 3852 4715 7639 335 5698 2172 5112
17814 3221 3852 1241 2777 3011
17815 2181 3083 3852 3672 7775
17816 3852 3828 4635 5743 6046
17817 5775 5983 3852 7004 2146 1693 3011
17818 7776 2789 3151 3852 3174 7449 4237
17819 3617 6824 1740 3852 3011
17820 6068 4703 3410 31 1897 1849 3852 2112 1077
17821 1193 1628 3832 6317 6330 1286 1617 1405 7104 4556 4605 1415 5564 1399 3907 1618 4228 3497 1194 5556 3121
17822 881 1165 1169 998 1035 5258 1104 1051 1059 882 1131 912
17823 4605 3163 2005 1631 4348 6905
17824 4605 285 4395 284 315
17825 2321 279 4605 2733 280 1269
17826 276 2851 313 221 229
17827 1718 7453 7261 2067 7777
17828 7773 7778 5304 7777 7782
17829 5807 2759 8128 2232 3490 2269 3913 3517 7777 2268
17830 420 5737 4513 4761 4762 7777
17831 6604 6732 4783 5254 5277 4293
17832 7637 2507 4752 5254 5277
17833 999 1168 881 886 971 884 893 1158 930 1178 1177 894 1160 1059 1161 912 2080
17834 5254 1748 4420 5426 7050
17835 1204 2208 204 750 2288
17836 7772 7783 6387 5500 5789 6388 7100 6429
17837 2809 7772 7783 2817 7510 2813
17838 7772 2070 5373 5595 5367
17839 7772 6543 1809 7131 3408
17840 7772 6492 7734 1829 6515 5501
17841 7153 7772 5912 6492 2828 2815 1696 5498
17842 7772 1829 6878 1696 5789 1604
17843 7772 3627 2083 7784 7439
17844 2980 2969 2947 2958 3003 2991
17845 1174 881 994 1070 1165 1008 955 5258 905
17846 3508 7153 7772 3229 1861
17847 6005 421 4752 7641 5030
17848 3085 4655 4915 7641 4731
17849 3079 5212 4142 4111 7641 320 7785 454
17850 4672 4132 1266 7786 4644 4660 7641
17851 3964 5049 4672 3968 4663 6005 5056 4644 4668 5027 7641
17852 4103 7787 5048 4638 7641
17853 4643 3087 8102 7641 6807
17854 4646 475 4648 4685 446 7641
17855 4130 7612 2712 7641 3082
17856 1180 908 1072 881 1179 893 1008 1162 912
17857 5042 2048 4638 7641 3043
17858 3866 1576 6809 4563 3818
17859 4358 40 2004 7348 4805 750 3574 2624 6040
17860 579 593 578 3502 3574
17861 7025 4508 6998 3232 6596 3574
17862 5372 5197 1444 4286 5371 5373 5595 4790 5370 5883 5367 6930 6476 766 3046
17863 5912 1444 1829 4306 1696 6265 5371 5373 4417 7566 5370 4861 3533 7788 6930
17864 5911 2802 7022 4859 1444
17865 5364 5368 5372 1444 5371 5373 5595 5370 5367 766 3046
17866 7153 1257 5372 5283 474 1444 5375 6001 4387
17867 1173 881 1081 1008 1182 1160 882
17868 6867 1444 6001 6967 1646 3229 6479 3171 3533 6930 3046
17869 5372 1444 5371 5595 5376 5370 5367 6930 766 3046
17870 5364 5368 474 1444 5375 6001 5371 5373 5831 5595 5376 5367 6476 4860 2079 3046
17871 5372 5197 1444 5371 3229 5373 5367 6930
17872 474 1444 5375 6001 5371 5373 5831 5595 5370 5367 6476 766 4862
17873 1786 1818 1788 1444 1596 5371 5373 5798 6479 1593 6916
17874 1257 2828 5372 1444 6001 1829 5499 5371 5373 2816 5370 6394 5367 6930 6476
17875 5364 5372 1444 6001 5371 5373 5595 5376 5370 6394 5367 6930 6476 3046
17876 1444 1456 4106 6486 5371 5373 5503 5595 3171 5376 5370 5367 6930 6476 766 4862 5799 3065 1817
17877 1444 2817 3229 5377 5373 5595 5798 5370 6476 6485 766 1406
17878 908 949 1171 881 1052 1183 998 959 5258 1104 900 1177
17879 474 1444 6001 668 1456 5371 2829
17880 5364 5372 1444 5375 6001 4106 5371 5595 5376 6394 5367 6476
17881 1257 5364 5368 5372 1444 5373 5831
17882 1444 5375 6001 5371 5883 6485
17883 7153 1444 6878 2817 2816 6388 5883 2813
17884 1444 1439 1910 5595 6481 1455 5367
17885 1444 1326 5595 8119 6485
17886 1444 6001 5371 5831 3171 5376 5367 6476 6485 766 4862 3046
17887 1257 6614 474 1444 2816 5370 6476 3889
17888 1444 5375 6001 2604 5377 5370 6476
17889 1173 1184 928 1072 1068 881 994 1081 1165 1038 957 1074 1055 1185 909 295 900 940 1051
17890 7101 7734 1444 1829 6715 2816 5798 5751 6504
17891 6603 4337 1830 1257 6599 5497 5364 1444 1035 3229 7713 7372
17892 1444 1696 5373 5367 6476
17893 474 1444 5371 5595 6394 5370
17894 5364 5372 474 1444 5373 5595 5367 6930 6476
17895 1444 6486 7062 7736 4117
17896 5372 1444 5375 6001 5371 5367 6930 766 3046
17897 1444 5375 6001 5371 6930
17898 1444 5375 6001 5595 5370 5367
17899 1888 5368 5372 474 1444 5375 6001 3873
17900 1174 881 1132 1165 956 1163
17901 4408 1444 7364 3485 6493 7769 3486 3117
17902 6490 6772 5366 7461 473 6464
17903 3917 5366 5098 6482 5351 6639
17904 6772 5366 3089 7329 7165
17905 5545 1700 4406 5366 6928 6782 5798 5376 6860 3046
17906 7776 5366 5040 7415 1454
17907 4775 922 1257 6178 6772 5366
17908 6772 5366 3429 7131 5395
17909 5366 5375 7416 6486 2829 5831 3512
17910 5060 4727 4688 5366 3960
17911 1174 1064 881 994 1183 915 1050 5258 894
17912 6603 4702 4848 6772 3094
17913 651 1479 5172 6772 4170
17914 4408 767 1462 7077 6772 4109 6474 6871
17915 6772 6874 6967 1544 5371 5298 473 5376 6930 3117
17916 6772 5476 1766 6564 5209
17917 6603 6772 2550 6304 4885
17918 2057 767 2299 6772 3628 5979 3171 7059 7251 5966 2544
17919 4407 3484 4408 5234 1257 6718 1810 7077 6867 6772 5377 3485 6493 6479 3486
17920 1810 6772 6029 668 1910 5377 473 6479 1334 7736 1455 3533 3117 4266
17921 1464 7789 6106 6772 5685 3094
17922 1174 1072 1171 881 1186
17923 7077 6772 7790 1499 7791
17924 1743 1360 6772 1124 3723 1287
17925 4209 6772 7679 7365 6273 1267 2549
17926 4408 7077 6772 4305 4341 1426 7072
17927 7077 6772 7416 7736 6719
17928 4408 6772 3485 6493 7769 3486
17929 564 5241 5862 5242 4286 4593
17930 5997 3141 5996 4286 4783 2128
17931 6206 4286 3860 8166 5695
17932 4129 6437 4286 6484 1813
17933 1174 881 998 402 1035 5258
17934 4286 7306 4861 240 6860 7248 4266
17935 1830 6029 5197 4286 4383 7510
17936 4286 1910 6479 6464 4211 7601
17937 3487 7193 3816 3473 3962 4015 51
17938 8153 7193 3093 2439 2745 3101 2766
17939 264 1469 6335 3827 7193 6521 3493 3245 41 1501 3824 4496 583 4438 4500 4499 51
17940 2724 7193 1166 3884 5976 6975 6838 4505
17941 7193 6430 5073 41 2464 2276 1216
17942 2426 298 7193 41 5929 6226 1096 7793 51
17943 7193 4595 2214 522 5442 517 1418 2552 4233
17944 1133 6858 1095 1068 881 1099 971 920 945 5258 890 1187 1188 1040 960
17945 6162 6335 7193 2368 2230 41 6950 2212
17946 7503 6956 5113 783 7193 3823 6411 739 8158 2489
17947 7193 5661 41 6993 4294 4921
17948 7193 41 3844 563 51 3265
17949 7193 7542 5656 754 5577
17950 7193 1539 4560 41 52 3433 563 6839 51
17951 7193 41 4579 258 7794 51
17952 7193 7795 7577 51 2128
17953 3484 6493 6484 473 5798 7769 2549
17954 4596 5726 3067 473 1951
17955 2980 3014 2969 2947 2958 3003
17956 908 949 994 881 1070 886 1060 895 884 907 893 1008 920 774 5258 900 1147 940 894 1109 905 540
17957 6967 5377 6885 473 152 3720 3117
17958 4281 473 5376 5367 6474
17959 5372 5595 473 5370 5367 766 3046
17960 5234 5742 7085 7030 2745 1829 1646 2214 1726 473 3449 2813 4326
17961 5111 2437 473 4396 7769 7062 7306 5376 5883 2549 6494 7796
17962 3396 473 6273 6475 7362
17963 7734 6001 7681 7416 473 6612
17964 2711 473 5323 4200 3051 4274 5544
17965 7714 6649 6621 6622 473 6392 6920 6468
17966 510 7076 1267 4315 3478 6315
17967 1173 1171 881 1186 895 884 5258 909 1178 1160 905 912
17968 6217 7131 106 518 4992 4117 1267 233 5967 220 3537 4266 2445
17969 2731 7795 1267 4718 7727
17970 1267 2247 8118 7096 7342
17971 4646 3413 7131 7710 4685 5239 5039 7372 1267 7494
17972 1017 2124 3639 4934 5664 7797 7658 1267
17973 4305 4306 5371 4861 1267
17974 5260 6608 7648 5448 1267
17975 6722 404 5939 6444 709
17976 5279 7799 6298 7798 404 6192
17977 7801 7800 7400 404 7221
17978 881 1186 916 1019 1130 1134 402 1189 929 1086 5258 1162 1146 1190
17979 4899 6935 404 5214 7076 2682
17980 404 3131 1770 7667 327 5977
17981 351 5763 7608 3264 6028 3726 3933
17982 1899 7625 7608 1900 2149
17983 1750 1762 4786 7608 5729 1046 1600 2605 7492
17984 334 1878 3298 7355 7608 5952 7021 1736
17985 3464 5400 4194 7608 6868 4022 4629
17986 5616 6911 7608 3989 568 7880 6564
17987 1777 691 3250 7444 1155 1545 6842
17988 1950 7444 7426 7097 7484
17989 1191 999 1173 949 1193 881 916 886 1169 1008 956 1111 5258 889 1178 1059 905 540 1194 674 621 1131 1175 912 84
17990 1482 391 3216 1627 349 7444 1374 1245 2298 1782 5240 335 621
17991 7444 7087 3429 338 339 5322 335
17992 3949 7444 4598 1078 599 3327 5715
17993 4673 4675 1764 7444 339 3944 335 8144
17994 7444 4918 338 339 6379
17995 7126 7444 5801 2761 622 339 56
17996 7083 615 7444 2326 565 2971 2266 2737 105 2173 5516
17997 4298 1805 6032 3242 7444 339 2997 335 277
17998 7444 5723 6307 6401 1752 6700 6376
17999 2901 3351 2229 7444 338 339 335
18000 928 1112 881 1070 926 886 4925 893 1008 993 157 920 4958 5258 82 1195 4903 960
18001 2765 7444 1166 8181 1568 2988 3582 7467 4964 4018 2133
18002 7799 7444 997 1782 1783 335
18003 7444 4535 6226 5688 1820 4968 5391 1783 5884 335 2952
18004 7444 556 2243 2432 2977
18005 7444 7692 6123 6006 338
18006 7444 338 339 3267 335
18007 3107 7081 810 2699 469
18008 3107 5790 7317 3232 3327
18009 3107 3899 1684 3006 623 6400 5578
18010 4775 3107 5746 3373 2861 3374
18011 881 1028 886 1050 962 1060 1169 1008 963 1086 1176 1196
18012 6932 409 3107 324 4725
18013 6849 1897 818 5666 5484 1077 7009
18014 5997 717 2020 818 6026 5609
18015 6343 3422 6602 818 3817 243
18016 6399 1955 2022 594 818 2652 7523 2343
18017 819 818 811 6398 2140
18018 716 818 821 7390 7802 2378
18019 1765 1710 4640 708 4773 5024 3471
18020 4574 520 521 6751 5024
18021 2251 2250 7181 5870 6794 1724 5024 5206
18022 1180 881 1165 884 893 1008 955 929
18023 1755 4021 7667 3518 5024 7497
18024 5813 3357 496 1740 4513 5024
18025 5471 7804 4112 5024 2845
18026 4895 4021 3081 1452 4442
18027 5742 7085 3985 7030 3207 4919 2697 4021 6207 2695
18028 4354 4021 2930 3523 5863
18029 346 1954 7805 7242 2342 5608
18030 1552 7806 5300 4794 1954
18031 6469 2118 6093 1954 4804
18032 5894 3915 1178 3822 1612 4491
18033 1197 1013 1199 1068 950 881 994 1070 926 886 1060 1019 895 954 924 1055 929 1006 1007 5258 771 1198 967 1162 90 896 308 1040 674 938 979 882 1041 981 948 935 1152 84 2080
18034 1081 1477 5216 3259 2477 3822
18035 5446 6669 856 2472 3822 755
18036 7228 7168 3663 3822 1660
18037 823 5617 349 2063 2112
18038 391 7595 823 7807 4485
18039 823 5973 2187 7808 3588
18040 823 6558 7487 3973 5776 7338
18041 6067 5412 823 2946 298 2351 1707 6943 6942
18042 7304 823 2063 808 1691 99 335
18043 5660 5274 5344 4260 2001
18044 89 1112 881 926 893 998 993 1006 1182 951 933 1139 540 982 985 984 498 1175 1150
18045 1402 6691 7809 6695 6477 6390
18046 1807 5408 1402 1557 4626 2873
18047 1391 3149 1390 1402 2745 3274 4326
18048 3037 1402 576 2360 8135 5107
18049 1402 8047 1523 4701 1424
18050 3186 4913 3510 1407 4940 1402 1286 3204 6620 1454 295 4795 1579 596 230 5441
18051 1402 2721 5026 4827 1280
18052 3216 2767 1472 1397 1402 4589 211 210
18053 1402 5023 2741 4506 1651
18054 1584 4404 7712 1402 552 6573 2046 7658 2970 6410 3616 4395 3890 8165
18055 1133 1112 881 1200 1050 1019 1086
18056 1643 1458 1721 1402 5862 5289 274 3240 4662 1460 1506 2295
18057 3978 1402 1411 1245 1804 1542 4563 1473
18058 6532 1402 6943 2961 4593 6410 6341 6942 3890 6742
18059 2117 2190 1402 3152 3595
18060 5910 5889 4586 1442 1402 5739 3818
18061 1565 1236 1402 2948 1824 6226 3915 7768 1635 7338
18062 1402 2364 1409 1615 1522
18063 1402 1524 1571 1404 2338
18064 1402 1311 1310 1312 2668 6582
18065 1613 1402 1542 1487 4998
18066 2980 2969 2947 2958 3003
18067 881 916 1132 1038 910 1035 1147 1041
18068 4508 4414 1496 665 3911 1451 3244 6596
18069 7097 7098 7099 4508 6596
18070 1697 7714 5981 5787 4024 5240 6596 1216
18071 2715 1587 4214 7068 1302 6596 7342
18072 209 211 210 4508 1073 6596
18073 6664 4104 4508 7631 6596
18074 1393 5735 7319 4508 1394 6596
18075 6838 156 2801 453 995
18076 1787 1785 1744 6418 1742 6838 483
18077 3037 4610 2741 576 6838 6917 7050
18078 1133 881 1052 1156 1050 402 1189 1086 5258 771 1202 940 1201
18079 478 6838 480 301 7795
18080 6695 6838 583 855 6696
18081 7633 2053 6838 7365 2090 7662
18082 927 6335 1368 4535 6838
18083 5413 2713 6838 394 5296 4621 5745
18084 3259 6952 6615 6838 1327
18085 1376 3833 3506 3834 8215 1431 2460 5010 1782 5896 5564
18086 4019 3946 1236 2189 3950 5896 1615 1408
18087 1193 1628 5896 1194 1408
18088 5896 3473 3661 1408 4283 8135 4493 4504
18089 908 881 956 402 1086 5258
18090 1688 1689 1247 1582 5896 1589 6412 1408 1882
18091 6511 3928 1405 3500 5896
18092 2722 3930 3941 5896 8142
18093 5190 4544 5194 5896 3433 6341 6844 1408
18094 4586 997 6430 6519 6645 5319 4593 5896 1408 1272 3890 6616
18095 1136 3928 3259 1090 5896 1288
18096 8153 1530 5896 4557 3244 5542 1297
18097 1344 3977 3506 4560 5896 1634 1408 1216 6653
18098 1186 5900 3942 5896 4184 1272
18099 1721 5661 6963 3913 2689 4621 5896 4861 4557 3244 2944 2079
18100 88 881 931 942 75
18101 3916 2741 1311 4631 5896
18102 1688 5896 6412 1694 1615 1651
18103 3978 5896 2778 1408 6906
18104 7542 5656 5896 2210 1408
18105 1395 4618 4303 3500 5589 5896 6566 3818 2356 1408
18106 5889 1398 7836 7159 5231 2962 4591 4593 5896 1108 1288 3890
18107 2945 7465 3482 3506 5867 6935 5 5896 3818
18108 3976 5896 1362 1408 755
18109 4611 6271 2242 3301 8161 505 584 4172 4618 740 3729 2405 520 6921 6656 1791 6655 6589 739 3502 2135 521 583 1450 1315 1474 5566 2709 8135 4616 44
18110 1743 544 7092 6921 1794 2766 3520 506
18111 881 1132 945 5258 940
18112 6783 3221 6921 2735 4898 6993
18113 1184 6658 1540 1307 2743 4897 6921 2657 1796 5391 1645 550
18114 3038 1716 7022 4859 5793 3371 6773 6928 6921 5238 6478 6494 5163
18115 3879 6921 1106 1473 7323 6857
18116 1778 1894 4330 6921 1076 4024 7227 1298 3256
18117 5403 3301 1862 6921 3175
18118 6324 6921 1696 4007 6004 6971 557 694 6276
18119 3214 7063 5986 2763 6921 3296 4480
18120 6330 6339 3194 6921 4973
18121 6417 6921 7330 1513 1195 5223 5984 506
18122 1173 881 5258 1204 1196 1051
18123 2902 4717 6490 4406 6921 6782
18124 8153 6600 6921 5822 7431 2760
18125 7120 1467 4610 2686 6921 4394 3989 4621 6046
18126 264 1795 1469 1136 5403 5948 5949 584 3924 1442 4330 6452 7442 6972 5413 6921 3259 583 1315 5205 1288
18127 7810 5948 1462 584 1411 6548 5719 50 3884 6921
18128 4618 4555 6921 1438 6411 6379 7914
18129 4568 1804 6921 6742 7578
18130 6921 5822 5110 2787 6920 7811 6468
18131 5682 4588 5712 6928 6921 7314 5072
18132 3964 4840 3369 6921 6505 2260 7914 3478
18133 8127 908 881 926 886 1060 997 1169 1008 1094 1206 5258 1207 1093 76 1040 1205 912
18134 3251 6921 6070 6187 7331 3631 6379 3672 6487
18135 7101 6921 2987 1806 4751 4484
18136 4608 5804 1804 6921 3373 6671 3374
18137 1016 4608 1741 75 1507 6921 945 4004 3502 7407 4294 2253
18138 1584 2956 5216 6921 3294
18139 1741 1743 1411 6921 5589 1855
18140 257 209 6921 3989 211
18141 1464 8161 7470 6867 2838 6548 6921 1740 1696 6486 3533 6322
18142 1716 5911 2802 7022 7470 4859 5793 6921 6967 6477 5321 4011 6487 5374 2253
18143 1491 1490 6921 1726 5569 5571 7812
18144 217 586 881 1208 1157 1209 1210
18145 4489 7813 7108 6921 3172 1757
18146 1398 1894 3506 1442 3942 4704 567 6921 1311 4563 1312
18147 3842 6874 6921 1838 1365 6526 6564
18148 6682 5403 6921 7428 3874
18149 6514 6783 3221 4145 6921 1537 2944
18150 8161 3277 6743 6921 2687
18151 5653 8139 4713 6654 3148 7027
18152 4210 6654 6311 3395 1766 6406 3478
18153 4304 147 3844 6654 6371
18154 5111 6654 6273 7362 4333
18155 1016 1110 881 998 951 1059 1011 982 1000 882 1131 912
18156 264 6922 1800 5726 584 3899 3994 4586 43 3493 5495 7925 7969 6654 1678 1801 1802
18157 4337 4353 4354 6654 7314 3998 44
18158 4342 7071 5757 6042 6654 3394 5750 4292
18159 4824 6654 1124 3217 3878
18160 5473 147 4538 6654 6371
18161 6654 6371 7815 2694 6946 2760
18162 25 5602 2166 5316 5624
18163 7816 4249 7817 750 2108
18164 922 7040 7194 7816 5788
18165 7816 561 8003 206 628
18166 1211 881 1134 1086 621
18167 1461 2987 7015 1426 5982 5245 3423
18168 7011 7015 6179 3230 6588 7818 1848
18169 7819 7820 7391 2482 628
18170 6140 6274 8003 7527 628
18171 1959 7725 8003 628 6040
18172 1442 4257 6762 1315 4491 6906
18173 7024 3985 6992 5172 4175 539 2961 6762 6434 4350
18174 4787 5777 2045 5177 7708
18175 3063 4703 7537 7821 2118
18176 4703 33 1955 2176 6349
18177 4447 4780 4558 4669 4891
18178 2980 2969 2947 2958 3003 2991
18179 1133 908 1173 881 994 1200 926 916 1165 917 913 962 1038 907 1008 921 959 930 889 1104 1147 1051 933
18180 4703 2082 5607 819 3587 7518
18181 2539 4703 227 5997 346 99 419 7749
18182 4590 4703 4714 1737 2339
18183 4703 6849 3667 4487 6870 4511
18184 4703 2086 1707 2324 4716 5698
18185 4703 6308 2023 7763 2170
18186 4703 4714 7139 640 641
18187 4703 5086 2021 6123 4293
18188 4703 7142 717 2865 362
18189 32 2926 7823 5602 6897 7822 5624 5940
18190 922 881 926 77 1169 967
18191 1133 1223 1132 1212 1032 5369 1051
18192 1180 1004 86 1135 1242 917 1111 5369 1249 1083 1071 1046
18193 4122 1727 1162 5369 1713 1759
18194 1180 1072 1167 3160 1147 904 5369 1249 902 939
18195 1173 1072 911 1200 916 917 913 907 3431 1130 1035 909 1147 5369 902 905 1131
18196 1212 1056 1054 5369 1201
18197 922 1117 1222 907 1056 1111 1005 5369 1073
18198 1117 1548 974 1111 1727 976 411 5369 944 1138
18199 1064 1186 1006 1198 1215 5369 1247 1175
18200 1711 5369 1276 1073 1046 1015 1201
18201 881 1212 402 974 5258 1213
18202 3160 975 968 5369 1247 1098 1073
18203 516 968 5369 898 1435 1713 1715 1712 1201 935
18204 3888 1711 909 968 7354 5369 1000
18205 227 6656 2657 6655 5369 684 5118
18206 6042 5369 2734 3998 7485
18207 1117 1048 5369 1435 1276 1084 5776
18208 1548 1200 976 1215 5369
18209 1212 1044 6875 1198 5369 1073
18210 1211 941 1049 1185 5369 898 1498
18211 5450 4951 1076 5369 6297
18212 881 884 998 402 930 771 1215
18213 3888 5369 6844 1497 4497 8118 1201
18214 5369 4484 1201 978 935
18215 1564 6508 6515 1797 3001 6110 6109 1533
18216 2471 1797 1586 3632 5882
18217 4479 1185 7551 1797 8168
18218 6336 1894 1543 3160 1157 5866 1797 3189
18219 7019 4006 1899 6577 1797 6109
18220 7063 1208 4328 1797 8119 7314
18221 1391 1244 4474 1797 2545
18222 4618 1224 1467 2686 1797 6844 3393
18223 1173 1072 881 1008 1146
18224 5432 1797 478 4490 7448 3223
18225 4208 1661 1797 6790 3220 3145
18226 794 415 5146 760 2314 72
18227 794 5033 4966 5055 5044
18228 3386 2707 5146 2360 2256
18229 2255 5453 6784 4008 1387
18230 1950 3410 1955 2115 5757 2266 3829
18231 7501 5617 1955 94 2141
18232 7610 354 1955 7697 5619
18233 1955 7821 2020 7725 3588
18234 1218 1164 881 1217 1220 1219 1216
18235 2117 1955 4429 5602 5683 5624 450
18236 2177 816 5380 2117 1955
18237 1955 4618 601 6837 3176 4253 602
18238 1136 3297 1521 5413 324 5661 6782 2704 4888 2744 6915 6468 6964
18239 7035 5737 324 3066 4370
18240 4775 6903 2424 2955 4736 650 28 4438 7824 452 102
18241 4775 7142 716 6473 6618 7456
18242 4775 4468 1705 7429 6546 2315 641 6890
18243 4775 6922 5518 6994 4664
18244 4775 6543 235 7360 6491 943 944
18245 1133 881 1070 1038 954 1008 955 1035 930 900 1221 905 882 1041 948 883 2080
18246 4775 2754 4902 4748 4745 2756 2757 2755
18247 4775 3085 2358 2653 3640
18248 8176 8177 6464 7826 2120
18249 5040 419 2924 7826 2050
18250 7663 110 569 7826 2050
18251 6704 7827 7021 1835 7828 2694 7571
18252 3207 4100 5584 1452 4428 6196 469 7162
18253 442 2135 4428 4773 1766 357 4166
18254 1353 4428 2911 4564 6046
18255 3994 3270 4584 3383 4428 2478
18256 1184 1016 881 915 1132 895 1169 1032 402 924 920 929 1162 900 1009 882 1131 960 912
18257 1458 4428 4200 2136 6985
18258 5195 3066 4276 6427 4428
18259 611 2236 585 1301 5307 4883
18260 4667 344 4638 5043 585 4665 7991
18261 2994 523 585 587 5104 5106
18262 154 516 4119 5574 5468 585 4186 587 4616
18263 1049 971 1048 411 1040 585 587
18264 7284 1042 3729 5019 5790 585
18265 440 3715 626 585 6434 4921
18266 1116 8143 585 7488 1097 587 6436 7466 4649
18267 1211 1095 881 1050 1044 966 5258 894
18268 1850 6204 2737 585 707 1851
18269 286 1706 5295 3835 7266 7829
18270 4675 5295 1243 2146 3004 3005
18271 1879 1413 7116 1684 5295 8181
18272 6932 5295 3848 4483 1837
18273 3833 6658 1236 1286 5848 5398 1796 5564 3907 1217 1612
18274 7019 1286 4535 4328 7564 7590
18275 4840 3369 3930 4275 4606 7343 1286 1726
18276 7088 3116 1286 5488 2740
18277 1753 3216 5474 1721 1286
18278 1173 881 994 1070 893 1008
18279 3203 1286 2188 4022 4190 5116 3998
18280 4006 1286 4474 3187 5251
18281 1208 1286 5848 3391 2977
18282 1482 7228 5680 1286 1616 1882
18283 2791 1286 5848 3875 1083 7479
18284 1815 3369 1286 3915 1782 1287 8115 5118 6976 3325
18285 1286 2203 9 240 2247
18286 1286 1619 3194 6935 1306
18287 3349 1286 5165 1221 315
18288 7691 3037 1286 3500 576 6917
18289 2980 2969 2947 2958 2991
18290 949 881 1099 1050 85
18291 1765 1816 3349 1286 6794 95
18292 2955 5749 1286 2701 1549 1820
18293 4287 5294 1502 6810 1600 1995 426 5454
18294 7194 2118 4287 5604 4249 2343
18295 7040 1446 3141 4287 6732
18296 6414 6469 2118 4287 6471
18297 6722 4287 3288 5806 3720 7991
18298 4287 1702 5273 3649 3588 5612
18299 5471 4119 4287 5468 2341 7830
18300 5973 1702 6006 2215 6501 5612 2288
18301 1168 928 88 881 1183 1050 1165 956 1086 1040
18302 2183 7644 2208 2128 2288
18303 5273 6093 972 1713 2144 5612 2288
18304 6162 5335 5113 2222 754 853
18305 2471 6027 5335 6168 5891 745 6155 5113 7446 746 7113 7557 854 6780 6951 1747
18306 6027 53 7002 5891 2394 6335 745 2474 3642 1489 6155 5113 741 2486 3823 1378 856 6157 746 7113 1681 742 3264 1714 2473 3726 738 853 6780 5780 497 3175 6156 855 6446 784 857 6224
18307 5891 31 753 3301 5113 741 2487 2222 6002 2996 3826 6113 5224 6557 1703 743 6951 1747
18308 6027 6335 3369 6956 5113 5379 6113 7021 743 6132 3174 6110
18309 6162 7002 5113 741 3823 1378 7113 742 6891
18310 6027 6162 5335 53 6168 5113 741 2487 2486 1378 856 7224 2222 7446 6002 746 4579 6891 854 6113 3824 6176 3678 6156 855 1725 784 6160 1322 5669 788 6224 1747 5558
18311 6027 6162 4600 7002 5891 753 5113 741 740 2486 856 6157 7137 7446 742 853 5780 1725 1747
18312 999 949 1171 881 1165 1038 884 771 90
18313 6027 53 5891 3642 1489 5113 752 746 6411 4579 739 6557 5780 855 1736 6951 755
18314 5113 2946 4330 4024 755
18315 2981 3184 5113 5713 4549 4560 1438 2982 1195 5987 4012 7162 7043
18316 149 5113 261 41 1474 563 4186 591
18317 6168 745 5113 752 746 4004 854 6113 6557 6780 6224
18318 2469 5335 7002 6155 5113 783 7224 7446 2468 3390
18319 2469 6027 6162 5335 7002 5891 2394 745 7335 6155 5113 783 741 7446 746 787 742 3264 6113 3726 743 6780 5780 3175 735 855 6446 784 1322 857
18320 745 5113 6669 7113 5224 738 857
18321 4611 5335 7002 5113 783 740 2222 49 7557 6113 3824 754 3726 3844 737 738 743 563 2489 855 1725 784 1322 5669 1747
18322 6027 5335 745 6155 5113 752 7446 6113 738 5669
18323 89 881 931 886 75 1222
18324 753 6155 5113 741 752 746 3826 6951
18325 5113 741 752 6175 3824
18326 5113 7021 6321 2188 3174
18327 5113 746 4696 1703 6713
18328 6162 5891 753 5113 741 2222 4004 6950 3500 6459 6951
18329 6335 5113 783 1442 49
18330 53 2394 3642 1489 5113 2398
18331 5891 5113 261 4696 1229 6461 5780
18332 5113 3909 4501 232 6276
18333 6178 7831 2274 3413 3715 7559 2574 1630 285 5256
18334 1180 908 1072 881 915 962 1169 929 1109
18335 6944 1630 2591 5560 2593
18336 476 4310 4278 3886 6009 2271 1630 6008 2952 315 7832 3874
18337 2219 6934 2742 2743 1630 285 284 1775 250 6982 1075
18338 6558 6623 6622 1630 6777
18339 1471 2432 1630 2910 2911 468
18340 1112 564 4122 4591 1630 4593 4161 3890
18341 4310 6427 6862 6863 575 4255
18342 7674 5846 495 561 7577 4255
18343 4429 344 4725 4714 972 2172
18344 6602 362 4714 2123 7833
18345 1223 1180 1184 881 994 884 1008
18346 6532 2046 4725 4714 6839 8165
18347 7697 7518 4714 3589 5602 1735
18348 363 4725 4714 3588 5621
18349 6820 5494 4714 5493 6501
18350 651 5894 4104 4517 6790
18351 651 7067 1398 3946 1371 490 3619 4356 3950 5534 3890 1500
18352 651 290 287 6800 2993
18353 651 4574 2994 1879 1684
18354 651 2469 53 2084 5891 618 3642 1489 4099 524 285 284
18355 651 3214 3483 5217 2443
18356 908 609 881 994 1183 917 913 956 974 1185 951 2080
18357 651 3993 671 4824 3578 657 898 1301
18358 651 6693 7530 3723 7529 7834
18359 651 5744 6531 1678 3423
18360 651 2181 1672 4400 5946
18361 6932 5412 290 3491 5072
18362 5495 631 3491 1996 5888 7375
18363 2715 6600 298 6172 3152 3491 1379 1096 8148 3704 4197
18364 5285 3155 8014 3491 3248 7782
18365 7538 7537 7748 6535 3491 372
18366 7284 4404 8047 3491 5904
18367 881 1028 1132 917 907 1224 1035 1182 900 1178 1039 1201
18368 1628 1699 5867 2203 3491 583
18369 212 3491 6216 5214 2435
18370 2232 3491 4761 4762 2687
18371 4501 3491 4300 4299 2760
18372 2731 4897 3491 2704 5443 5240 3970 6904
18373 1290 4227 1479 6684 146
18374 4298 1290 4275 7621 4919 7835
18375 1627 8185 2717 2718 429
18376 2242 520 2843 429 1766 263 4166 3705
18377 475 247 7837 429 2551
18378 881 1070 1196 1040 2158 1131
18379 618 4129 582 508 504 4713 6822 480 429 596
18380 5449 429 4017 272 3640 472
18381 7839 2266 7695 429 3121 7838 7043
18382 480 429 3232 569 3640
18383 508 3299 5287 221 429
18384 3826 2423 5488 2740 6311 7053
18385 653 7563 1048 937 2423 1011
18386 1016 937 411 2423 1011 413
18387 2423 2717 2718 339 7493 7532 8144
18388 7501 5770 7663 640 6572
18389 881 1028 1134 1086 1198 901
18390 7501 6439 1735 1690 6552 2605
18391 7501 4546 3901 6384 2428 5800 6566 1745
18392 7501 7077 6875 7840 5566
18393 445 4096 4686 4111 4665 5037 5128 6807 7785
18394 5211 1694 5128 5873 6798
18395 3386 2707 1664 3708 5128 5873
18396 1699 1642 4821 6582 5128
18397 3386 3631 6448 5128 5873
18398 235 4107 2296 240 5128
18399 4436 245 2228 2144 7841
18400 2980 2969 2947 2958 3003 2991
18401 6858 1013 881 1032 1104 1039
18402 4298 7595 5355 3923 6030 3626
18403 6106 1360 504 510 626
18404 6106 4871 7842 5237 5553 4860 5544
18405 6106 2934 3373 6323 5107 4368
18406 3522 2051 6106 3627 4713 475 2574 2023 7248 468 600 5441
18407 7843 3613 6106 6849 2551
18408 7304 7303 3252 6106 4175
18409 4135 6106 2506 8091 3116 2086 224 236 3876 2260 219 233 238
18410 2983 3369 6106 3817 596
18411 149 5412 461 6619 2232 6106 2241 236 1445 6620 2744 8158 7713 2937 240 5740 230 5459 7185 5518 7702 2268 4274 4957 698
18412 881 1156 1060 402 1086 1059 1131
18413 6106 241 610 276 3232
18414 7142 2316 6546 5389 7744 7121 5137
18415 2119 7142 2020 5619 2024 2116
18416 2130 7142 7644 25 439
18417 6543 8122 6307 3821 3318
18418 2130 6543 5997 6491 4784 326
18419 4777 2227 345 6123 1702 2340 4252 5605 2345
18420 7719 3587 2227 2339 5626
18421 639 1939 416 1940 1976 1979 417 1978 1977
18422 639 1939 1940 7342 417
18423 881 1050 1032 1086 5258 1152
18424 127 7276 639 1939 3742 1940 417 1978
18425 33 5356 372 5920 5732 541
18426 3157 7279 4762 4763 6630 5873
18427 609 5363 2918 1837 6488 438 3512 1680 6219
18428 6489 7734 1837 421 7640 7844
18429 6773 7845 5794 3809 297 4543 2233 313 1837 438 7640
18430 937 1837 438 1040 1009
18431 3378 7698 3228 3371 487 1837 488 483
18432 486 484 3371 489 297 490 7652 4356 1840 1838 1837 3368 3621 488 1839 3394 6856 2253 4357 493
18433 484 3371 490 1838 1837 3368 1839 3394 7649 3051 491 1841
18434 881 913 956 1040 1227
18435 1360 275 1505 1837 4573 7564 698
18436 3075 485 7652 1837 394 1842 5531 491 493
18437 484 6452 6972 490 4356 1840 1837 4417 1839 3394 6856 6522 1841 491 4357 493
18438 485 487 1837 488 438 7640 483
18439 485 3228 484 463 489 490 1840 1837 1839 3394 438 7640 2253
18440 611 5379 2830 1837 4508 2271 1188 7640 3440
18441 3627 2083 1837 1334 2217
18442 2084 3088 1837 524 438
18443 1838 1837 7640 2253 5531 491 493
18444 3378 486 485 1838 1837 6537 3368 488 438 5531
18445 908 881 913 893 956 959 1187
18446 149 3054 297 299 487 1837 488
18447 4416 490 4356 1840 1838 1837 1839 3394 7649 6856
18448 486 489 1837 3368 1839 438 6856
18449 484 490 4356 1840 1838 1837 3368 1839 438 7640 6856
18450 486 3228 1837 3621 488 483
18451 1837 438 2089 2074 6966
18452 6555 6254 943 3364 2930
18453 8122 1706 5294 6254 1671 1704
18454 5326 7846 6647 7448 6985
18455 7810 7848 4651 4432 7846
18456 881 1050 1134 402 1086 5258
18457 6627 7042 7849 7143 598 7274 7850 364
18458 4689 1723 3577 5042 7348
18459 7304 2119 1761 3577 4664
18460 4919 3577 2296 7472 7851
18461 6546 580 2315 3577 5522 6890
18462 2057 7181 2086 6785 7561 7794
18463 3832 544 545 7687 6313 2574 596 7914 4732 44
18464 2574 5514 788 4616 7852
18465 4611 1756 3347 526 4899 1804 2574 6639 2575 6012
18466 1565 1390 1894 1395 2767 1442 1232 3910 2999 5244 1190 2574 1124 5890 2256 6917 3440 1220 4299
18467 881 1050 1134 1086 5258 1146
18468 6217 477 2574 7306 7685 7727 2445 7000
18469 2574 1124 613 620 6568
18470 1565 2251 3297 2250 4586 6691 1190 2574 4571 1187 4839 1420 5690
18471 5220 3056 2214 2574 6920 6568 6389 6468
18472 3087 2574 3948 613 6997
18473 7538 7005 7537 7748 6308 1718 1241 2574 2324 1695
18474 1819 2352 2999 3207 5244 2574 1572 588 152 4200 620 2353 456
18475 3627 5466 521 2574 6316 4232
18476 3531 2697 2574 5591 6987 2695
18477 509 611 610 6943 2574 6942
18478 881 1050 1189 1086 5258
18479 1458 7181 4343 5855 4007 2574 5576 3060
18480 1565 1344 2948 5231 2574 1280
18481 1910 4206 2574 3907 1455
18482 2057 595 3620 6497 280
18483 2299 2326 595 3153 4715
18484 3941 595 4199 6713 5457
18485 6585 4208 595 7625 4022 7947
18486 595 4594 3709 3101 1345
18487 595 7853 446 4628 4144 7371
18488 595 5230 4497 7466 2544 7043
18489 881 926 1086 5258 883
18490 595 7854 7417 6695 7594
18491 4934 1021 1934 5550 335
18492 5899 5285 4879 6704 6607 7936
18493 7377 6607 7855 7609 7727
18494 7789 7663 3828 1241 6607 3829 340 431 6997 6871 5734
18495 7856 290 4783 6607 446 5748 4144
18496 6718 7840 7416 6135 6607 5456 7758
18497 4352 7351 5661 119 7365 6607 1420
18498 7398 4129 7018 6371 7857 6607
18499 7748 5735 2283 6607 4414 2578 7155
18500 881 1156 1212 1044 1134 1228 1086 5258
18501 6399 2160 2021 2022 362
18502 7303 2160 2022 7859 7526 1948
18503 2160 2176 7500 94 6436 5626
18504 7192 2160 2652 2155 6426
18505 2160 716 6123 6026 7119
18506 2242 1395 520 4162 515 4321 521 1450 697 1079 4164 4232 1476
18507 264 1469 1805 2242 4172 584 3729 4162 515 697
18508 6405 4172 6530 7781 515 708 1418 5869
18509 1795 3214 4608 2242 1324 1902 739 4162 515 4206 6937 2146 2443 1751 6990 4164 44
18510 4713 515 251 1450 4754 624 5522 1484 449
18511 2980 2947 2958 3003 2991
18512 1004 881 1050 1086 5258
18513 3817 3376 515 4538 3659
18514 6271 515 3851 6312 5011 6008 3276 2846 3278 2845 277 5854
18515 1391 1390 1472 3301 1538 3299 3239 739 515
18516 3270 52 440 515 1474 6364 3268
18517 515 6595 1450 4200 357 4166
18518 149 1367 2084 1716 3275 4162 515 524 4161 5522
18519 2242 5719 4162 515 2735 5492
18520 1753 2084 5784 4172 515 2135 4228 697 1766 4165 4190 4164 4616
18521 4172 3724 515 2135 5442 521 4396 697 4161 1766 4164 4616
18522 211 515 210 521 6595 697
18523 881 911 926 931 1019 4903
18524 4565 4172 442 515 4396 4165 4190 4616 44
18525 4172 2763 3628 515 4206 2135 521 4164
18526 4575 3378 265 515 4396 4992 697 6873 4211
18527 3227 515 4613 3267 6303 6720
18528 2242 4172 3729 515 6881 4165 263 1406 4190
18529 2242 515 1450 697 4164
18530 2546 4565 508 4813 5801 2761 3635 515 1502 6207
18531 5368 515 1463 2076 5522
18532 6642 6682 515 3984 2738
18533 477 5320 7633 4556 5319 4553 515
18534 908 881 1081 893 402
18535 2219 5334 5611 7510 5628
18536 6407 5334 4588 4109 1776 4623
18537 2822 7792 7803 7713 7702
18538 2177 5458 2644 7460 329
18539 6864 328 597 4851 4976
18540 7698 7315 7071 7364 6975 546 400
18541 363 40 99 400 5605
18542 2177 409 7505 6398 330
18543 2187 2107 3105 5920 2116
18544 294 3956 618 7116 395 3105
18545 881 1028 1156 1050 1086 1229
18546 7192 6071 3105 7139 99 5387
18547 2187 2021 3872 2865 363
18548 2187 7116 1854 5588 4480
18549 6491 716 4784 2121 5606 7729 2116
18550 966 1093 2023 7701 2140 817 2116
18551 6854 7860 5626 541 2116
18552 2141 2378 7861 2174 6890 2116
18553 2107 4783 99 6513 2165
18554 3411 2107 1534 7713 3970 6904 5112 3223
18555 2107 716 7728 7526 7729 6286
18556 881 1234 1238 1235 1236 1232 1230 1239 1233 1231
18557 2107 7523 7526 7525 6287
18558 2107 6546 2315 6890 5608
18559 6585 3228 463 3635 5920 7862
18560 346 5920 7730 750 7723
18561 3282 5764 5920 4861 4138
18562 5920 5629 2141 7744 2378 2024 5626
18563 3847 6095 3825 3836 7677
18564 7831 5029 4764 3043 6807
18565 4661 8102 2573 4660 5032 6807 4732 2204
18566 4130 2712 8102 6807 5089
18567 951 1059 933 1139 540 882 1131
18568 5050 4688 5029 5056 6807
18569 7438 4418 382 7221 7688
18570 4712 1031 4910 2913 7124 4135 7077 4223 265 5294 383 8166 1757
18571 4212 5214 383 3723 5518 277
18572 1367 4586 1371 6535 2704 383 588 1412 3244 698 1297
18573 566 3088 6135 5838 151 4368
18574 257 6824 3292 7509 5689
18575 5190 4544 5194 1541 7509
18576 5722 4820 4358 809 541 2552
18577 2328 6604 1687 2118 4358 972
18578 1132 1165 1038 895 997 954 956 920 896 894 951 1040 1059 882 912 948 2080
18579 1343 2912 7232 3279 6839
18580 1461 4820 7232 7149 7864 6808 7863
18581 4596 5194 3915 1541 7232
18582 3442 1587 3883 652 5451 6652 6041 6441 2594 1859
18583 652 2316 6502 3390 5999
18584 1700 652 6598 7865 1561
18585 6074 652 6255 2316 345
18586 652 6910 601 4253 602
18587 6279 652 1850 1809 4340
18588 3184 7351 652 3188 6537 608
18589 895 924 920 1055 929 1185 1104 82 896 951 1059 905 882 1131 1175 948
18590 6741 1743 3668 652 1706 2912 7081
18591 7980 4596 2912 601 3279 3100 4253 5518
18592 7980 2051 4639 5212 6488
18593 7346 1719 7980 1718 6123 1737 5621
18594 7980 3928 5026 1405 4827 1408
18595 618 5931 5241 5242 4887 2295 620
18596 1819 5931 3652 1632 2366
18597 5931 3277 4900 3275 549
18598 6932 5931 4606 2860 3905
18599 1860 1857 1079 7607 3325 2753
18600 949 1068 1186 1200 1070 1183 1081 916 1165 917 1038 1169 907 893 957 910 1035 889 900 1177 894 1187 1051 905 882 1041 912
18601 8069 4887 6919 6488 1732 7607
18602 5038 4663 6784 5343 5052 4630 7607
18603 5172 3451 6919 5465 7607
18604 4129 6433 1951 6434 7607
18605 618 3396 3062 4710 2271 613 5083 7607
18606 3451 5239 5445 284 3416 7607
18607 6783 3230 4764 2820 7242
18608 1733 640 1731 1734 6436
18609 2236 640 641 4864 4863 4865
18610 3587 1718 2653 4430 640 2324 1731 641 2339 5698
18611 1174 1168 1184 994 915 1132 917 1060 1019 921 993 889 1104 1207 1178 902 1196 78 1160 1051 905 982 882
18612 1087 1089 594 1088 7006 640 5137
18613 2219 640 3588 5621 809
18614 1744 6418 3097 1718 1577 640 4053 2324 1772 5698
18615 5746 5405 2137 640 641
18616 5770 2219 6934 7610 1744 7663 640
18617 2651 1733 3587 640 641 7140 7656
18618 7866 2906 7134 640 3672
18619 4119 5468 5811 8166 5307 5695
18620 6411 973 7093 4012 788 5695
18621 5721 8124 2575 8131 5695
18622 2980 2947 2958 3003 2991
18623 1070 1132 886 1008 5258 882 960
18624 3715 3678 4120 1671 5695
18625 3264 1445 2135 8166 5695
18626 5495 3922 5888 4348 5695
18627 754 2398 2489 2234 3294 5695
18628 1515 6595 8166 4896 5695
18629 5616 4704 8124 1867 2689 4299 6742 5695
18630 5732 5748 2141 7140 3931 5695 2552 5799 2172 7165
18631 3376 7021 4196 6753 3174 5695
18632 2152 4401 1228 2151 5695 2748 2760
18633 4322 4228 8166 4497 5695
18634 1095 950 1167 1112 1070 1038 895 954 956 1012 924 920 929 1185 4958 1035 771 1061 967 968 896 900 940 894 951 1051 308 1059 1139 1011 905 702 624 674 1009 996 882 498 1131 960 948 2080
18635 6309 3095 5853 5695 5637
18636 1043 1117 1548 1042 976 8166 938
18637 4330 2745 3835 8166 6554
18638 3668 6577 3205 8166 5683
18639 783 2398 2485 8166 3664
18640 279 2838 5365 4300 2937 3945 8166 6915
18641 1479 657 5584 8166 1600 684
18642 5211 1806 3704 4601 8166
18643 2152 4135 4351 8166 4233
18644 5352 8166 6942 7914 1666
18645 885 88 1110 1171 896 1241 1188 1051 1040 882 1240 960
18646 1850 8166 7474 1851 6672
18647 4840 5243 2072 5150 5468 6929
18648 7179 4139 4140 5468 7847
18649 7867 3042 5468 4571 8131 6663
18650 7498 610 4119 3101 5468 3920 6304
18651 5471 4119 5468 4168 2578 6690
18652 4583 5215 512 7868 5471 5468
18653 6489 154 265 6482 1426 5468 6885 1751 7654 7329 145
18654 5471 5468 2577 4221 4757
18655 6451 4595 4128 2761 3042 3064 524 5468 4117
18656 1095 950 1132 913 1038 924 920 900 1039 1059 882
18657 509 2086 3084 5468 3377
18658 4119 5468 2090 6568 2138
18659 3580 5471 4119 622 258 5468 2406 251
18660 3053 1776 5811 4363 3445
18661 1699 6590 1554 5811 5470 3382
18662 1442 4560 5811 1315 5009
18663 1367 3301 1613 3203 739 295 5811 5517 1373
18664 1417 7163 63 5811 8120 5384 2256 5009 3864
18665 5147 1526 5811 1406 3893
18666 4409 6766 5811 5385 5009
18667 1200 1070 1165 1177 951 1059 939 882 1131 2080
18668 509 150 7088 4119 5585
18669 5478 6489 2070 4119 4139 4140
18670 5845 7079 5471 4119 4077
18671 4712 5471 4119 6966 1105 698
18672 1417 6959 4598 4119 7847
18673 2486 4119 2485 3175 3702 7175 5782
18674 923 4588 50 5471 4119 4265 6963 6999 1409 4883
18675 5216 4119 1416 6700 460
18676 3396 4831 1374 6174 3922 6173 5788 620 3662 2234 5307
18677 4602 4886 3413 3445 5307
18678 928 931 1169 890 882 912
18679 4755 5778 3951 5307 5696
18680 1515 3383 3635 5697 4200 5307
18681 6534 52 5009 5307 7054 3882
18682 2909 2910 2911 3009 6362 5307 707 3268
18683 5611 344 372 5666 5619 3948 1713 7456
18684 2981 6294 5619 2068 1352
18685 2998 7024 2860 2961 5619 7436 4430 4300 6659 5395
18686 4101 4887 5619 4888 6597 6852
18687 2021 2022 344 5619 5273 5621
18688 6532 6910 2046 5619 6072
18689 1211 1004 950 1242 913 1032 956 924 774 937 896 900 8281 894 951 1009 882 948 2080
18690 1812 3504 1683 3255 5619 1996
18691 6407 2121 5619 5978 7761 6290
18692 1761 4706 6469 3373 5619
18693 2022 363 5390 716 3588
18694 716 3421 7870 6026 4805
18695 717 716 6398 2140 817
18696 2184 2182 819 6398 300 7502 2144 4964
18697 5549 56 6840 7761 7760 2144 5605
18698 7083 2429 2144 5627 5624
18699 3828 3829 4295 2344 2144 5626 5608
18700 926 1145 1060 1019 971 884 907 998 774 1111 966 771 1147 308 540 674 982 882 1201 960 883
18701 6243 5184 2344 2144 7456
18702 3747 2731 7514 5983 4425 5421
18703 4412 4288 5785 4414 2215
18704 4288 5549 5602 2341 5624 2338 7119
18705 3866 5392 1308 1576 1767 1523 3905 1519 5010 3997 3945
18706 3827 7714 623 2873 3582 2977 3477 3945 6800 2993
18707 2983 3151 6660 3945 2504 3011
18708 1153 1796 1645 3945 1545
18709 6162 6168 753 738 855 2479
18710 4537 1595 5715 2479 6982 7318
18711 1095 1167 926 1132 913 1038 1019 895 1169 954 956 1012 157 924 920 929 1185 945 4958 1061 967 968 295 940 308 1059 905 1151 882 1029 498 1131 960 948
18712 7810 6451 584 8150 1794 583 8154 4973 2479
18713 2471 6168 2487 2480 3844 6446 2479
18714 6168 2368 7113 854 2479
18715 7665 5224 3844 1399 2479
18716 7002 5219 2486 856 2480 4004 748 743 2479 5554
18717 262 6113 5255 2479 755
18718 2469 2471 6027 745 5446 6155 741 2486 1378 7446 746 854 6557 738 6780 3175 6446 2479 5554 6224
18719 3254 2837 2480 6010 2479
18720 3635 6156 5940 2479 3933
18721 1341 1613 7871 3501 5884 1615
18722 1072 950 127 10 896 900 894 905 1000 882 1131 2080
18723 5742 7085 767 7030 3994 3228 463 1739 580 3153 295 7872 7958 5322 3377 766
18724 3994 593 4517 4751 7407
18725 1540 3994 6418 1744 4145 1742 3433 4788 3926
18726 4618 3994 3953 739 1537 2735 1890
18727 4577 3994 739 649 1468 1593 6982 1676
18728 3994 4122 2964 5054 7847 2355 1748 6985
18729 7583 3994 552 6901 6975 7332 6004 219 6791 6379 6409 468 6985
18730 2246 3994 7925 1794 7097 7969 7098 7099 6409
18731 3994 1509 2850 6935 1362
18732 4407 582 3994 3968 4761 7969 1789 1997 616
18733 2980 3014 2969 2947 2958 3003
18734 8036 1169 921 1055 4958 1243 1085 904 1083 951 1040 1059 1009 882
18735 6451 8014 3994 7627 563 468
18736 4599 3254 3994 552 4515 2247
18737 1762 3943 3994 222 6417 4897 1578 771 1629
18738 486 3994 463 490 4356 1840 3621 1839 3394 7649 6856 4357 493
18739 3946 2901 3994 1368 7925 3953 7969 576 3950
18740 286 1854 3994 2968 1629
18741 3994 1393 7813 1809 5990
18742 3994 3350 4515 4350 2716
18743 1795 1741 3994 485 484 463 489 297 490 1838 3621 1839 3394 6856 483
18744 3155 3994 6324 3824 6004 3631 2594
18745 1034 1068 1112 1171 1110 1028 1052 1019 956 774 1055 4958 1054 940 1098 918 308 1071 1000 882 960
18746 3442 3994 3842 6586 6012
18747 2484 3994 4555 2982 1195 3621 2735
18748 4353 3994 4354 7792 7803 6983 7713 1855 151
18749 1184 544 582 3994 6004 596 5072
18750 6666 3994 3610 4007 4821 4012
18751 2250 6535 1311 4389 1312
18752 5719 6535 5244 1996 3168
18753 1353 1193 1361 1179 4871 6535 236 3950
18754 1535 6535 1317 2297 2834 4572 7873 6916
18755 2650 5359 3582 4779 7874 2208
18756 1095 86 950 911 913 1038 924 920 774 945 896 900 894 882 1131 948 2080
18757 1738 5343 708 5445 1124 626 5465 684
18758 4207 5697 1124 4200 263 2234 4616
18759 1613 50 3501 1124 3249 1194
18760 2731 3428 7123 1124 6997
18761 1112 1055 1176 1124 1152
18762 3713 1124 3175 6364 3716
18763 7857 1124 4370 2549 7253
18764 6879 6129 6968 1124 5521 5520 3859 6198
18765 8182 4196 1124 1906 7685
18766 5735 2733 5685 1124 6842
18767 772 82 83 1093 944 4903 78 79 2158 882
18768 5142 4129 7717 2696 3248 1280 6188 2217
18769 4955 4956 4162 7122 3966
18770 6741 4452 3923 5094 4572 6742
18771 2362 1744 6418 1691 7319 7056 6799
18772 7665 209 7319 211 210
18773 5894 2619 2620 4741 2352 6956 1619 4740 4953 7319 6645 1221
18774 5412 1344 5682 7319 1018 3632
18775 7319 7594 3338 4494 2843 7433 6877
18776 6414 7319 5574 5208 5575
18777 4965 2901 3351 7319 4883
18778 1027 1006 2125 90 775 982 882
18779 2651 1718 2324 7175 5698 3853
18780 5586 3927 1397 2362 5343 2151 3931 3853 4232
18781 354 3856 2961 1906 6794 3853
18782 3856 4864 4863 3853 4865
18783 7327 1466 5235 7600 3856 480 5099 3853
18784 5770 4596 6403 4429 3853
18785 2506 7108 3207 7875 3296 3853
18786 4510 8160 3856 6308 657 460 3853
18787 1730 3856 590 2235 3853 7791
18788 4595 3856 1497 6362 1240 3853 7316
18789 997 955 998 993 771 1011 905 540 674 932 982 996 882
18790 3856 2754 4902 5732 1601 3853
18791 7438 4155 3707 521 4876 3853
18792 6824 1246 7164 6735 3853
18793 5770 3214 2506 3483 3856 3207 7068 1076 2443 3853
18794 4595 3856 708 3853 7626 4201
18795 5754 3856 7021 3174 3853
18796 6590 3856 3255 6937 6582 3853
18797 2651 1719 354 5754 3856 3097 2940 3828 3829 4635 4637 3853 7485
18798 5856 3118 3828 5853 3853 7485
18799 241 6307 7876 6700 3853 7478
18800 908 911 893 955 998 1147 1139 982 882
18801 1718 475 7487 2324 6219
18802 1718 2324 4716 7877 5698
18803 5617 5086 7719 1718 2653
18804 2651 1719 1718 2324 5698 2748
18805 2115 4400 1718 1061 5602 5624 2338
18806 1879 1684 5404 1718 5698
18807 2651 3097 5262 1718 2653 1772
18808 3630 1718 2653 6197 4607 588 2324 6046
18809 7878 4109 2351 1718 2324 5698
18810 1744 6418 1718 1763 2324 5698
18811 1223 1095 1028 911 916 915 913 956 1244 1245 1185 910 975 1104 1162 900 951 1040 1059 882 230 1131 960
18812 1718 3589 2324 2605 5698
18813 5038 2324 3416 5030 5698 5084
18814 5549 2324 2345 5627 3931
18815 6952 1735 5449 2324 4146
18816 7243 5602 2324 2339 5698 5624
18817 7748 4509 4676 5456 6303 5698
18818 6418 4140 6400 4159 5698 6012
18819 589 2326 7594 7606 5698 5624
18820 6160 1758 7175 5554 1747
18821 53 2394 3642 1489 7113 2488 3826 2398 7175
18822 1038 962 895 1169 955 998 993 945 1104 90 894 933 1139 1009 982 938 979 964 882 1057 1010 912 84
18823 5726 1784 6839 7609 7175
18824 6335 3657 6951 1240 7175
18825 4575 3482 7588 7175 2276
18826 7132 2212 6441 7175 7775 6902
18827 1756 6960 5567 619 1053 2833 3372 1357 3007 4121 7175
18828 1756 6135 7175 4616 6296
18829 2651 7354 5333 4010 4585 5104 3633 5106
18830 2651 4460 4458 274 6434
18831 2651 7192 372 7500 6243
18832 4516 3146 1155 1352 2706
18833 6858 926 886 1050 1008 1094 1206 945 1007 967 1207 900 1071 996 882
18834 1576 8182 8160 5983 1438 4563 1352
18835 1244 8158 1828 1352 621 2706 3996 4616 8157
18836 3877 6457 2834 1079 1352 6873 2706
18837 2730 3259 3896 1352 7227 2706 1388 6579 3256
18838 7589 3323 7854 5689 5094 3322 2291 1352 2706 1757 5690 5544
18839 5889 1800 7879 1466 5495 1744 6418 6384 6385 5309 5888 1352
18840 3482 5173 7625 3886 1857 5443 1352 6870
18841 6011 4415 4587 3528 5793 2896 394 6908 7012 7070 1352 2706
18842 1816 5481 1166 1767 1568 1352 2706
18843 1188 1352 2706 5104 5457 5044 5106
18844 2980 3014 2969 2947 2958 3003
18845 1060 955 1012 920 929 1006 2125 1246 90 1026 900 1247 894 951 78 1051 1059 1139 702 1151 882 1029 1131
18846 1295 1397 1619 3352 3908 1352 2706
18847 6405 5895 6530 1352 2706
18848 6641 2838 6509 7429 5822 5984 1352 2706 7323
18849 6384 5867 224 6385 236 5822 1352 238
18850 6407 1376 5754 2146 1352 2706
18851 2684 6521 1433 3875 1537 1352 2258
18852 2917 4490 1352 2706 1175
18853 5216 1796 1645 3145 1352 2706
18854 8159 5895 1307 1526 1437 2460 1352 2706 3996 4733
18855 7181 4895 7619 4919 4442 458 4012 1352 2706
18856 910 900 1177 1249 951 1059 882 1131 960
18857 3615 7426 7652 3938 1352
18858 3905 1090 1079 1352 2706
18859 7881 1352 2706 6579 4505
18860 5900 3496 1684 4517 3497 1352
18861 3464 6199 8181 6503 1243 7477 2750 1352 2706 2594
18862 1821 3251 1088 3352 5984 1352
18863 5495 6937 1352 2706 2748
18864 4627 6546 2315 7500 6890
18865 3069 3047 3102 3080 3058 3114
18866 3069 3047 3225 3058 3147 3091
18867 895 775 982 882 1175 912
18868 3069 3047 3280 3225 3102 3080 3058 3147 3158 3091
18869 3069 3047 3225 3102 3058 3147 3091
18870 3202 3047 3324 3280 3102 3058 3136
18871 3069 3392 3047 3025 3269 3158
18872 3392 3047 3225 3269 3236
18873 3047 3280 3102 3247 3114 3091 3337
18874 3392 3047 3225 3269 3158 3381
18875 3202 3047 3324 3280 3225 3102 3247 3136 3213
18876 3069 3047 3324 3280 3114 3180
18877 3047 3225 3114 3158 3091
18878 1168 1072 994 916 1165 917 913 962 907 1055 889 76 1040 882 912
18879 3047 3324 3280 3247 3058 3136 3213
18880 3069 3047 3324 3280 3225 3058 3136 3213
18881 3069 3047 3147 3269 3158 3403 3381
18882 3047 3280 3025 3091 3191
18883 3392 3202 3047 3025 3313 3269 3158 3236 3302 3169 2969 3337 3381
18884 3047 3114 3169 3370 3191
18885 717 2020 40 4796 2023
18886 2652 4981 6854 7744 6470 2120
18887 3588 6470 5626 6789 7749
18888 2184 2130 1667 6127 3588 6327 2605 5665
18889 919 1093 882 1057 84 2080 1250
18890 4590 4468 5631 6686 2134 4340
18891 4590 1767 8124 3708 3388
18892 4590 212 482 4392 494
18893 7503 4590 2730 6910 5750
18894 2123 419 7390 2140 817
18895 5915 2123 1901 3990 7688 6876
18896 5086 2123 7762 3588 2343 6288
18897 99 2123 93 2127 932
18898 2896 2123 2399 1693 1615 6552
18899 391 31 279 4429 2315
18900 1147 951 882 1131 960
18901 2315 4772 6890 6800 2993
18902 2130 5997 2316 6502 5390 6123 2315
18903 2315 3867 3176 5884 1612 2353
18904 2315 2756 2757 6890 2755
18905 2022 2315 7523 6345 6288
18906 6763 2063 3118 3884 265 6028 6072 5790 5505 5205 4860
18907 2228 2121 811 7882 94
18908 2121 7390 3629 7882 6473
18909 7728 7526 7882 6398 2140
18910 7882 7761 5184 7762 7883
18911 908 1173 1168 994 1186 1070 1183 916 915 1132 917 913 893 957 959 910 1104 1251 1051 1071 540 882 912
18912 2242 1509 2962 7707 5661 6645 7123 5576 6861
18913 7821 5607 468 598 2552
18914 4271 5872 5226 4339 4628
18915 7086 2715 5724 5226 2966 7884 7471 3446 5576 2831 4896 4482
18916 618 4103 6600 5264 4130 5226 7418
18917 7443 4711 2051 5226 4710 3248
18918 4127 5226 2842 7547 3453
18919 2057 5778 5226 7549 395 4663 4137 2850 4723 5087 7474
18920 3048 6959 1031 4823 5226
18921 5226 2712 6005 4282 4952
18922 1059 905 1009 882 1131 960 776 912 948 2080
18923 8159 5226 4495 4721 5028 4760
18924 5226 4645 5048 4644 3645 4749
18925 5226 2745 3963 1742 3222
18926 5226 6275 6589 4364 8171 7650
18927 6070 2121 93 2140 2378 7883 5609
18928 7192 34 93 7006 7802 5137
18929 2022 1061 6123 93 2164
18930 2130 819 93 5975 5608
18931 6858 1336 7460 7391 419 811 6398 817
18932 5757 345 2266 419 2068 6989
18933 924 1006 930 82 90 83 76 933 775 882
18934 362 2121 821 419 2343
18935 4777 6525 5611 4389 419 247 268
18936 1283 4953 419 4613 1219 3388
18937 1893 1768 1061 419 6855 6045
18938 3872 419 6398 2127 330
18939 2865 419 6794 2924 5734 7885
18940 2021 5390 5597 750 2343
18941 2021 1893 2865 2140 5755 5605
18942 3526 539 6592 477 3519 478
18943 3600 1471 4275 3942 6592 5904 4228 3881
18944 1008 902 1023 951 78 905 882 960
18945 8058 215 7064 2232 3526 3641 6577 1749 6592 7081 1339 4573 7001 5685 2683 3276 7832
18946 7257 4704 6592 5092 6987
18947 4512 3526 6592 937 909 1160 1101
18948 1335 1764 1471 3526 6574 6575 4893 6592 5092
18949 1706 6592 5092 4396 1708
18950 395 508 3526 4137 6592 5441
18951 6995 1700 8047 7417 6592 7886 5092 4107 5697 6301 229
18952 3509 3493 6592 554 5470 5990 238
18953 3600 3526 6592 1809 1138
18954 508 6592 5092 1096 6870
18955 2980 3014 2969 2947 2958
18956 924 90 896 904 902 1023 1252 78 882 935
18957 2765 6641 3526 5801 6592 7621 5092
18958 1749 6592 5092 5851 6553
18959 6600 1749 6592 5092 7001 3488
18960 1749 6592 2754 5092 7543 2755
18961 3526 6592 5092 2295 3059
18962 3600 7698 3526 1347 6592 5092 3480
18963 215 3526 6575 7418 5712 293
18964 6978 3526 7470 7712 3886 6477 3217 3212
18965 4574 6284 3526 4886 4882 2294
18966 1466 3526 154 480 6553
18967 1145 75 1027 85 962 1060 998 993 1012 963 1074 929 945 1006 1035 2125 1104 90 951 1059 933 1009 775 982 985 882 1131 1150
18968 589 3526 1749 3519 2076 8125
18969 1787 3526 3067 4124 6639 6474
18970 7064 5579 3526 7550 1330 5851 3488
18971 3526 4919 6608 2085 6742
18972 3526 2712 3921 4756 4967 3417 5034 5083
18973 3526 1085 1076 7887 3267
18974 2232 3526 465 1809 2269 5092 3233 1790 3517 616 2268 7832
18975 476 3526 622 5206 5454
18976 3526 5638 7044 5494 8176 5493
18977 3526 4785 5092 2717 2718
18978 922 1004 1254 916 888 1256 1253 967 82 4914 8281 902 1040 1255 933 932 985 882 984 1057 1041 960 84
18979 4103 5264 7418 6074 4663 4953 502 5663
18980 1460 502 6840 446 4921
18981 6489 4712 3586 234 502
18982 2899 5361 4663 234 502 3444 3455 7185 4507
18983 1283 502 4678 7914 4746
18984 223 3759 502 480 232 240
18985 279 650 502 3338 3467
18986 4713 3826 4686 3101 502
18987 4099 610 5471 440 7888 4382 502 5212 220 2088
18988 5350 7418 502 301 4282 4676 4585 7650 238
18989 950 1257 952 962 884 932 882
18990 555 7361 6822 650 502
18991 1829 7416 502 5831 1334 2549 6821
18992 4129 502 3296 242 3115
18993 1705 1767 5666 5743 1693
18994 5049 1374 2157 4395 5743
18995 7029 6073 5743 2339 4238
18996 2705 3298 2326 4886 1243 7434 5743
18997 4841 8251 7889 8250 7263
18998 4955 4956 8250 3966 6552
18999 3843 8250 4640 4984 5820
19000 928 924 920 1061 882 960
19001 7445 1738 5790 3345 1612
19002 5768 3301 739 3844 1396 5189
19003 7890 4039 7894 7893 4040
19004 931 962 771 772 1104 1146 4903 79 412
19005 999 1174 949 917 771
19006 999 949 1171 1854 771
19007 6858 999 1052 771 540 674
19008 1035 1253 771 1177 674
19009 1013 85 962 80 983 771 156 76 996 964 1029
19010 6858 923 1112 1001 1008 4958 771 940 156 674 1009 979 996 970
19011 1095 1068 926 915 1132 917 954 907 956 924 889 896 940 87 308 882 948
19012 963 771 1026 965 702 674 1151 996
19013 962 1060 1019 998 1006 771 4903 995 79 333 702 674 982 996 1029 984
19014 908 1013 1027 962 771 90 995 702 996 984
19015 949 1535 983 771 540 1175
19016 85 945 771 8281 156 87 995 702 674 964
19017 999 1012 771 2125 90 1026
19018 962 963 1006 771 2125 90 1139 985
19019 88 771 90 156 540 702 674 1151
19020 1135 1112 85 954 924 920 771 674 996
19021 999 998 157 771 540
19022 1133 950 8058 1258 1132 1165 913 920 1185 1260 308 882 948
19023 1012 771 2125 90 1026
19024 88 77 1027 962 85 1026
19025 1004 1242 1121 1026 935
19026 80 966 983 1026 702 1029
19027 80 1006 966 773 1026 76 78
19028 1027 963 1006 90 1026 1252
19029 919 1026 156 702 1151 964
19030 931 1027 998 1012 963 157 1006 2125 90 1026 933 775 982 1029 776
19031 77 1027 962 963 157 1012 1026
19032 1012 963 90 1026 156 308 933
19033 1006 773 772 90 1026 965 1040 933 985 882 984
19034 962 998 1012 963 772 1026
19035 82 1026 4914 977 904 8281 78
19036 954 920 1093 1026 940
19037 1012 157 1006 919 2125 82 90 1026
19038 983 2125 1026 702 984 1150
19039 1006 983 1026 4914 79 1139 982 1151 964 984
19040 963 2125 90 1026 702 1029
19041 4958 2125 1026 1151 984
19042 772 1026 4914 79 933 702 775 964 984
19043 2125 90 1026 775 985 964 984
19044 1093 904 1252 882 960 935 2080
19045 7895 416 3742 1976 1938 417 1977
19046 2488 3124 6951 2464 5940
19047 3069 3225 3102 3080 3058 3114 3147 3158
19048 3069 3392 3202 3324 3280 3225 3102 3247 3058
19049 3392 3324 3102 3058 3136 3269 3236 3091 3014 3169 2969
19050 3225 3247 3058 3114 3136 3180 3313 3359 3091
19051 3202 3324 3102 3058 3136 3236
19052 3392 3202 3324 3102 3058 3180 3269 3236 3091 3014 3169 2969
19053 3247 3058 3136 3180 3359 3091
19054 3247 3058 3114 3180 3313 3359 3091
19055 1261 1027 954 774 1021 156 951 1059 1262 882 1131 960 948 84
19056 3225 3247 3058 3114 3136 3359 3091
19057 3225 3247 3058 3136 3313 3091
19058 3324 3225 3102 3247 3058 3136 3213
19059 3202 3324 3058 3091 3014 3169 2969
19060 3202 3324 3058 3136 3180 3169
19061 3225 3247 3058 3114 3091
19062 3058 3114 3136 3180 3313
19063 3324 3280 3102 3247 3058 3136
19064 3280 3225 3058 3158 3091
19065 3324 3280 3225 3102 3247 3058 3136
19066 2980 3014 2969 2947 2958 3003
19067 921 1252 1101 882 935
19068 3324 3280 3102 3247 3058 3313 3091
19069 3280 3225 3102 3080 3058 3147
19070 3058 3114 3313 3359 3091
19071 3392 3202 3324 3102 3058 3269 3236 3091
19072 3225 3102 3058 3147 3158
19073 7787 4671 3095 826 3007
19074 4490 708 3689 7606 2833 826
19075 508 549 1096 4532 242 826 621
19076 6658 1130 1638 608 3241
19077 1052 915 917 997 907 956 1130 959 974 1185 975 1162 1040
19078 1095 1038 895 1008 920 945 940 1059 1011 905 882 1131 948
19079 916 1165 1169 1032 1130 14 1162
19080 923 3378 1471 917 907 6324 1130 3116 1739 5822 7958 1416 1101 1357 1676
19081 941 942 1038 907 1130 909 1054 1147 1163 1196 1188 1039 905 901
19082 1174 1095 1110 1171 1032 1130 1215 1160
19083 1242 1171 3529 1130 1160
19084 1004 1242 1130 920 1111 1163 1071
19085 1168 916 915 1130 959 910 1162 1215
19086 1095 1081 946 1132 1130 1853 1035 1550
19087 1186 907 1130 1111 910 1162 918
19088 1173 1184 1044 913 907 1130 2962 1187 1196 1051 6844 1556 1586 1561
19089 1133 86 886 75 1165 997 1008 1074 924 929 1035 772 1093 4903 1109 1040 674 938 882 912 948
19090 1099 1212 1001 1130 1005
19091 1028 1130 1711 1202 1213
19092 994 1186 916 1130 2962 910 1104 1162 295 6940 1051 1801 1108 1288
19093 907 1130 1185 1147 1247 1039 1051 1276 1073 6990
19094 1099 1710 1130 774 1039
19095 1068 1130 1046 979 1282
19096 1130 3255 2355 3273 1748
19097 916 5784 1754 8161 1130 5935 1739 1456 697 4164
19098 916 1130 1055 1162 1249
19099 916 1130 1074 1162 1249
19100 1072 1135 913 954 956 924 945 967 940 894 1011 882
19101 917 1130 1024 979 1284
19102 1016 1049 1130 910 968 4779 905 1205 1175 1152
19103 1110 1130 1074 959 968 1054 1247 1249 1561
19104 1034 1130 1146 1098 1550 1109 1040 8143
19105 3053 5512 1130 909 1498
19106 1130 909 1249 1039 935 7318
19107 1070 907 1130 1074 1055 1035 5258 1054 1176 1039 1051
19108 1130 1550 1109 1255 8143 1313 1053
19109 1779 7586 1130 3226 5985 7568 7051 7259
19110 4925 1130 1082 1039 3363 935
19111 999 949 997 893 1008 929 945 4958 308 674 882
19112 916 1130 1074 1502 5464
19113 3833 2246 97 3950 221
19114 8185 97 7230 2831 3294 5116
19115 4129 223 289 606 241 504 97 271 224 293 236 301 517 221 219 229 243 596 284 240 220 230 238 506 269
19116 286 994 7280 290 97 463 489 271 236 287 219 229 498
19117 544 582 97 242 506 282
19118 3378 485 3228 97 463 489 297 299 488 483 238 2253 5531 491 1841 269 4357 493
19119 53 911 3642 1489 3510 97 307
19120 296 7280 222 97 1176
19121 296 7280 1165 298 97 295 301 219 232 456
19122 1223 1173 1183 1165 1060 957 1146 882
19123 544 231 290 97 283 711 250 506 456
19124 7280 231 97 234 276 596
19125 545 222 97 307 3999
19126 223 610 97 236 622 287 301
19127 286 609 296 606 610 231 97 224 293 236 517 221 219 229 233 243 240 220 238
19128 286 241 97 234 236 622 229
19129 294 239 223 289 582 611 241 231 97 3116 235 234 224 276 2850 236 622 295 219 233 232 596 242 230 238 456
19130 7280 97 276 295 221
19131 4407 5368 7896 3243 7531 2342
19132 476 7896 6466 3210 3517 5240 243 3990 2268
19133 1191 1095 1135 924 896 295 87 905 674 882 960 776 1175 948 84 2080
19134 1768 2460 3905 2873 7897 1808
19135 2979 1244 6307 1155 5526
19136 1899 1087 5968 1088 6003 1900 1233 5787 7451 5526 1882
19137 5289 4098 258 7139 5526
19138 3198 521 2150 5526 1676 1882
19139 4813 5925 4430 5526 6376 1410 3979
19140 6511 1677 2956 5526 1152
19141 5900 3250 1796 3950 1645 5526 1545 1882
19142 1583 1584 4404 2246 8299 7969 5526 1890 1373 1882
19143 2979 1862 3995 2975 5526 656 1882
19144 1030 1095 1167 924 4958 894 905 882 413 2080
19145 3971 3609 1140 1808 3319 5526
19146 4600 2487 497 855 5526 1882
19147 2471 1571 5526 1882 2753
19148 1356 7006 1868 5526 5137
19149 6581 1078 5526 1890 8135 1882
19150 1543 1368 2954 2702 1437 5005 1288 5526
19151 3910 3227 3818 5526 1882
19152 4696 2488 6113 2137 6167 5526
19153 2909 2910 2911 5526 3174
19154 2283 821 99 2164 763
19155 929 1093 904 308 882
19156 5273 7898 4249 763 5829
19157 4063 4088 1127 4085 4066 4064 4077 763 4084
19158 4088 4065 4081 4066 4067 763
19159 4096 1371 5737 4560 6691 4066 1634 763
19160 3686 3682 4062 4067 763
19161 2602 1622 3682 4062 763
19162 5121 6292 5502 5871 7325 7259
19163 544 3240 2236 7336 277
19164 3252 6375 7899 2295 3241 3327 6647 7626
19165 33 3961 594 6043 3922
19166 1095 1119 940 890 1059 933 1009 220 1022 932 938 1000 970 882 1131 960 1010 883
19167 212 343 5026 4827 2171
19168 1391 4577 1390 4741 4599 3301 4618 1818 1442 567 6950 6004 521 3233 1906 4898 3154 1388 6579 1495
19169 1464 239 1390 6887 6497 7865 1529
19170 1391 3149 1753 5894 1390 5784 3301 8299 3729 7900 739 5904 3906 3154
19171 4407 264 1469 3149 1390 584 209 1437 211 210 583 4164
19172 3927 1390 2767 1472 1375
19173 1390 1569 1738 752 4595 1375 6595 5323 2833 277 698
19174 1391 1390 6422 5326 1365
19175 1391 1390 3977 6317 1438
19176 5894 1390 739 1450 4898
19177 2980 3014 2969 2947 2958 3003
19178 921 929 4958 1006 90 1026 1023 308 992 328 2158 985 882 776
19179 3186 4575 1391 6617 4359 1390 1613 1749
19180 1391 1390 3301 739 1450 1801
19181 1391 53 1390 1443 43
19182 1390 2405 520 440 521
19183 6666 1390 7127 3899 1613 3299 3207 1906 8129 7880 686 1373 5117
19184 4575 7063 1390 3301 8161 3205 739 583 263 2771
19185 1391 4574 1390 5784 3729 1818
19186 1390 4172 3064 1848 3300
19187 1391 6011 1390 208 5188 49 1396 1399 6663 1476
19188 1482 1391 1390 5686 3883
19189 78 79 882 776 84
19190 1391 3052 1390 6948 5786 3637
19191 6027 4600 6335 745 3642 31 1489 783 2487 742 4579 748 6113 5224 6557 738 743 3175 1322 6951
19192 1354 31 677 1089 1088
19193 31 5739 5738 262 2212 8158
19194 1633 31 4586 3971 1632 4563 5890 676
19195 6682 31 6164 3152 1714 1096
19196 31 6002 6171 5224 3678
19197 6168 745 31 740 748 6113 738 6951
19198 6027 6335 31 3826 738 2397 1725 1758
19199 53 1741 5446 31 3254 6950 6951
19200 1130 1162 1147 951 905 882 948
19201 3937 31 6411 7021 735 2397 3174
19202 1001 1149 773 83 76
19203 1149 6199 6349 4532 6926
19204 384 7221 4635 4637 4760 2905
19205 537 773 7901 7902 2905
19206 5638 3465 3463 5493 7321 493
19207 7138 3465 5918 3463 5017
19208 5392 4529 7312 6551 2731 2773 3465 7904 5431 3463 7905
19209 3266 4761 3465 4990 3463 1678
19210 1324 3870 578 3463 5745 1890 1388 4505
19211 157 90 1139 775 982 985 882
19212 3964 3929 3465 4210 3463 5990 3395 7914 5163
19213 3465 3463 7314 6826 3998
19214 5392 2679 605 2774 2680 3465 3463 7488
19215 667 3870 4155 3707 3465 3463 1877 3959
19216 3170 609 1457 1471 6532 4392 4821 3463 6971 1220 273 3327 1652 698
19217 5392 4897 6983 3465 3463
19218 3916 7792 3594 3463 7713
19219 476 5392 5686 4596 1458 5783 3490 3886 3465 5443 7230 3463 5854
19220 6336 5392 7792 3463 7702
19221 4501 2687 3463 8171 1651
19222 1133 997 884 1169 893 882
19223 4949 3465 3463 3276 6774 3278
19224 5392 3161 3465 4366 5451 3463 6798
19225 5392 4785 3465 3463 4505
19226 2730 5976 1996 3463 5814
19227 3832 3153 3463 5956 1652
19228 5392 3928 4537 5688 6774 1175
19229 1461 5392 3617 3490 3465 2156 7844
19230 5392 1727 1247 1116 1109 1051 8143 1517 1201 5118 1908
19231 5392 4026 2364 5499 5498 3011
19232 5392 6874 2687 2504 2505 456
19233 1184 1132 997 1169 959 905 882 912
19234 5392 1471 5867 7020 1523 3915 4821
19235 1223 3198 5392 6640 3954 2364 7906 3996
19236 3504 5392 482 464 4393 5982
19237 5392 7907 1326 8117 6790
19238 5392 3168 5904 495 4812 228 7198
19239 5392 5474 3465 1496 5189
19240 6162 5335 6002 853 5135
19241 1722 824 5629 2140 5622 6853
19242 824 1094 1206 1351 98 635
19243 5041 4673 2889 2863 3843 5033 4640 2573
19244 89 999 1173 949 88 931 75 85 997 893 955 998 993 1012 929 80 945 1035 1006 2125 90 933 1139 540 674 1009 775 982 882 984 1150
19245 4755 5350 3079 4737 5013 7612 2863 5098 4133 4749
19246 2469 53 2394 753 1730 752 7113 754
19247 2469 6669 1378 856 6157 7224 742 1229 6113 6557 6780 3175 6156 855 6362 3933 5558
19248 2469 745 5446 6155 7446 1681 2395 3826 3264 6557 6176 738 855 1725
19249 2469 7284 6788 461 1535 2913 5299 7853 4166
19250 2469 1378 7446 7113 738
19251 2469 3511 2996 6113 5224
19252 2469 2487 4175 1681 1475 2477 6176 1474 46
19253 2469 5335 5891 742 6780 735
19254 2469 5335 7002 5891 745 2474 6155 2468 853 3390
19255 908 1200 931 886 75 1038 1020 82 1177 940 951 1059 882
19256 2469 5891 5446 7335 741 748 5780
19257 2469 5335 53 5446 753 1489 1703
19258 2469 5335 53 7002 2474 740 1378
19259 2469 4544 6411 742 5194 1541
19260 2469 2471 6027 5335 7002 5891
19261 2469 53 2474 3642 1489 783 6669
19262 2469 5891 6155 7224 7446 7557 853 1725 784 5669 5558
19263 2469 5335 1378 6157 7224
19264 741 752 6950 754 5224 2398 6224
19265 5335 752 2222 754 737 853
19266 88 884 1169 993 882 1175
19267 752 787 3264 754 737 743 853 2398 497 3175 6446
19268 53 5446 1489 752 743 735 6459
19269 4611 7002 2394 564 1489 6367 752 7446 512 50 3826 742 754 743 855 784 3890 2693
19270 745 2474 783 741 740 2487 2486 752 7224 2222 7446 746 2473 743 5780 6446 784 6160 1322 5558
19271 6162 3642 6669 856 752 7113 742 6171 6891 738 6156 6160
19272 6027 5446 752 6113 738 743
19273 6155 2487 6157 752 2222 7446 49 746 738 743 5780 2397 6446 784 857
19274 5335 753 783 741 752 7557 743 1322
19275 6027 7002 7335 6155 6157 752 7446 746 854 497 3175 5669 857 3933 6224
19276 6027 6162 53 7002 3642 1489 6669 2487 752 7446 746
19277 895 920 1146 900 951 1059 905 882 1131 948
19278 6027 745 5446 741 1378 6157 752 1681 748 6557 738 743 6224
19279 53 5446 3642 752 7557
19280 3642 752 7224 742 6557 1703 857
19281 7335 6669 752 2480 1681 2488 6557 6156 5255
19282 752 743 855 784 6224
19283 6027 3642 1489 752 4696
19284 752 738 743 2397 855 6951
19285 53 3642 752 49 2996 735
19286 752 2222 6557 738 6446
19287 3369 1730 1642 1090 1828
19288 5335 7002 5891 6335 5446 5113 6669 6002 6891 6113 5224 6557 6780 5780 5002 6446 5669 6224 5558
19289 2980 3014 2969 2947 2958 3003
19290 1095 1038 895 954 956 920 896 951 905 882 1131
19291 1771 2352 1738 1730 6955 4316 1572 2353 6046
19292 1730 3239 5732 4973 3440 6560
19293 1730 6656 6655 2997 7157
19294 1730 6384 5428 4569 678
19295 1730 2235 2733 4430 7118 5598 1478 7784
19296 2955 7224 5343 7446 7113 1703
19297 7113 6163 6156 784 1758 857
19298 740 2222 4317 7446 6002 746 7113 2395 1229 3264 3726 737 738 853 6446 5255 5669 857
19299 6027 783 740 7113 7557 742 1714 6780 1322
19300 7446 7113 3264 2468 3726 6163 2485 3175 784 5669 857 3933
19301 1263 963 157 97 940 775 982 569 882
19302 5446 7335 741 1378 6157 7113 6891 854 6780
19303 6027 7002 6168 7335 4317 7446 7113 3264 2468 738 6780 3390 497 6951 857
19304 53 3642 1489 6155 7446 7113 2395 787 3264 754 3726 497 3175 735 6446 1322
19305 2487 7224 7113 3264 5669
19306 6956 6367 7113 2398 2545 5940 277
19307 7002 745 2222 7113 742 5224 6224 1747 1297
19308 5891 5446 7113 6656 6891
19309 6027 753 7113 1681 854 3175 6951
19310 2487 2486 7113 1681 2488 6176
19311 5335 7002 6168 5891 5446 6367 741 746 7113 2480 854 6113 738 743 5780 5558
19312 1038 895 1006 90 1139 775 982 985 882
19313 6168 741 7113 4696 1229 854 6557 6780 6224
19314 753 1378 6157 7113 854 6780 6951 6224
19315 6027 7002 7335 6155 741 6669 7113 7557 742 3264 5224 3726 853 3390 6156 857
19316 2981 2471 6162 745 6669 2486 7113 7557 3264 854 2982 3726 497
19317 5891 1489 2486 7113 6167
19318 5446 1378 7113 742 6446
19319 6164 2486 4175 7113 854 5525
19320 5335 6168 6335 753 6955 1378 6157 742 4579 854 1725 857 1747
19321 753 6155 2506 3344 746 3207 3264 6589 3726 855 6446 5669 857
19322 5891 5446 753 741 1714 854
19323 1012 157 771 83 1026 882 776 935
19324 753 222 520 3239 1358 6948 4162 1766 5522
19325 6027 6162 5335 5446 753 741 856 2222 7446 746 2480 3826 854 855
19326 745 753 6155 4317 7446 746 3826 3264 3726 3175 855 6446
19327 7335 753 6155 2222 7446 2395 6113 6780 6446 5669
19328 6335 753 783 741 3823 1166 1568
19329 6168 753 6002 855 6224
19330 753 1166 1568 1736 6951
19331 4600 6335 745 753 6002 4004 5224 6557 177
19332 1750 4577 1569 753 1613 1507 1515 1905 5865 1358 1554 1703 3501 1572 1474 3345 3175 4167 6951 4367
19333 6168 2474 753 2487 1378 6157 6891 2485
19334 89 88 1027 1012 963 1006 930 1007 2125 90 4914 951 1059 985 882
19335 6027 6168 753 7446 6780
19336 753 6155 2222 7446 754
19337 5446 753 856 7557 737 853 6224
19338 5335 753 4268 2480 737 853
19339 6162 7002 753 6155 754 5224 2398 5669
19340 6335 753 262 5224 855 6951 6224
19341 6027 3642 753 1489 783 738 735 2397 1322
19342 6027 753 6155 7446 746
19343 2471 6027 7002 753 1378 2222 1229
19344 753 6669 1378 738 743
19345 945 966 902 965 1022 970 882
19346 753 754 6557 743 2398
19347 264 1469 2242 753 584 261 3383
19348 753 6451 6956 4696 1681 854
19349 53 7908 1489 3289 4218
19350 6162 149 53 6335 3729 5481 3824 2212 3616 3154
19351 6641 53 5919 3642 7909 4955 4501 6983 1740 2271 1288 3212
19352 53 3442 1489 1667 5397 2713
19353 53 3642 3254 1160 2992
19354 53 3482 4198 3705 277
19355 53 4172 741 4162 2135 1097 1766 4165 4164
19356 775 982 985 882 984 776 948
19357 53 3642 1489 4579 3175
19358 53 3642 1489 3506 43 3635
19359 264 6617 1795 53 5403 584 583 3233
19360 53 3642 1489 1509 4900 3211
19361 53 3642 6956 1489 6884 7426
19362 2981 3149 53 1741 593
19363 1795 53 6011 1787 1785 1741 5403 3642 1489 3884 4604 253
19364 53 1489 1032 4598 3424
19365 264 53 7002 3511 6335 7228 1489
19366 53 3824 6950 4760 315
19367 772 1119 1023 1252 970 882
19368 4600 53 5379 3231 5715
19369 53 5446 3642 1489 5580
19370 6162 4600 53 3642 1489 2486 2489 755
19371 53 3642 1489 6157 6951
19372 53 3642 1489 741 6557 2398 497
19373 53 2394 3642 1489 754 743 2398 735 2397 2234
19374 2471 6027 6162 5335 53 3642 1489 7224 742
19375 53 2790 3642 1489 298
19376 53 3642 1489 783 3203 746
19377 53 3642 1489 6127 1667 233 240
19378 962 1060 1026 4903 882
19379 53 3642 1489 1509 4537 1578
19380 2222 3826 754 258 7021 2398 6446
19381 6656 6655 754 2997 7157
19382 7002 1378 856 6157 742 6113 754 743 6446 784
19383 5335 7002 6155 740 746 854 754 6557 853 2398 6780
19384 5891 1378 6157 2488 3826 4579 6113 754 738 5780
19385 1681 754 1703 1766 2234
19386 5891 1395 783 740 2222 7446 6002 3826 739 3824 754 5780
19387 2394 298 740 3197 754 1096 3480 2397 1725 3488 5433
19388 6168 5446 7335 2486 746 2488 854 754
19389 1266 1265 882 1264 1057 1010
19390 2394 4696 7557 1681 2480 754 6446
19391 6027 2486 2480 262 6113 754 6780 5780 1320 5255
19392 5335 7002 5446 7557 754 738 737 853 735
19393 754 2398 3175 6446 5669 2234
19394 7011 741 2488 754 743 2398 2485 497
19395 2394 3642 577 754 6557 735 789
19396 1469 2394 583 2256 2397
19397 2394 2902 3915 1326 8117 4751 1240
19398 2394 1909 2362 1157 3388
19399 2394 4596 1458 6508 1239 5165 1233
19400 2980 3014 2969 2947 2958 3003
19401 1180 893 896 882 1029
19402 2394 6193 1233 3867 5884
19403 2394 1234 1239 8114 1604
19404 2394 2222 2395 787 4579 2397
19405 2394 1212 5453 937 1233
19406 2394 2902 6205 4871 5952 1090 1612
19407 2394 5900 5453 6508 1239 657
19408 2394 1171 1052 1861 5396
19409 2394 5801 1239 2761 937
19410 2394 687 1235 1233 3867 5884
19411 2394 509 1738 611 6508 1239 6953 3867
19412 1268 6781 1267 883 102
19413 6027 6162 2394 741 2487 856 2996 2472 2480
19414 2394 5446 2398 735 789
19415 2394 6175 3400 3284 3398 4865
19416 2394 6451 746 6175 743 2398 735
19417 2394 5900 1234 1235 677
19418 1461 7315 1784 5215 5552 2777 4898 557 7604
19419 7565 5552 7534 7451 7578
19420 5801 5552 7131 1460 4370
19421 7600 7910 5552 5351 7062 2085 8131
19422 2362 5379 4537 7911 2368 7695 1865
19423 1238 1271 1274 1272 883 1269 1273
19424 3464 2476 7911 6422 1900 7695
19425 7839 7911 5738 7695 1801
19426 1688 2153 7911 5216 1185 1582 5454
19427 1012 2125 933 984 1150
19428 1019 998 993 963 772 78 933 1139 982 985 984 1150
19429 5543 4234 1773 7654 3117 1150 7165
19430 75 772 933 1139 775 982 985 1150
19431 1049 1784 1118 1022 1150
19432 4903 775 1151 964 1029 1150
19433 995 775 985 984 1150
19434 1095 950 994 1186 926 1165 913 1019 895 1169 907 893 956 1130 959 1111 5258 1162 90 1247 894 1160 1051 1041 883 2080
19435 77 963 985 1151 1029 984 1150
19436 82 90 83 4903 79 775 982 985 1150
19437 90 4903 79 933 775 985 1150
19438 1012 157 1006 983 82 90 1139 933 702 775 982 1151 1150
19439 772 933 1139 982 985 984 1150 3332 74
19440 775 982 1151 1029 776 1150
19441 157 1139 985 984 1150
19442 1584 7716 4567 3176 6523
19443 7912 3407 7913 3409 6949
19444 7912 7915 7913 3409 6949
19445 1169 1032 80 1160 883
19446 7912 7915 7916 7913 3409
19447 7912 7915 7913 3409 6949
19448 7912 7915 7913 3409 6949
19449 2960 3434 2182 1232 8216 440 522
19450 2960 2942 2440 7877 7579
19451 1717 1256 966 1711 965 1011 1517 1066 2819
19452 2623 4862 6389 2819 5799
19453 5590 6303 5005 3430 2819
19454 5642 6272 1233 3867 5884 4629 3424 2353
19455 6682 1350 4761 3984 4763 6523
19456 1013 1174 1068 1171 1081 917 907 1053 970 883
19457 1166 8215 3984 1512 1408
19458 2742 208 3277 1283 2743 3275 2657 3984 1799 4613 3321
19459 6682 6581 3506 3984 1512 1220 3538
19460 5529 3529 6590 5119 3984 3912 7307
19461 5795 4278 6172 1153 3519 3848 5998
19462 2759 4278 2090 6522 3276 5374 4505
19463 4278 2188 6362 3488 2952
19464 3170 2242 3482 4278 4483 3480
19465 3600 3580 4278 4828 1300 4829 6042 7321
19466 4278 5394 3233 7488 2138
19467 1068 1167 911 1132 895 997 974 900 1178 951 883
19468 4278 1467 2731 1411 2713 5869
19469 4278 4101 3594 7248 4726 479
19470 75 955 772 82 4903
19471 1099 75 971 1215 1177 6200
19472 1168 1242 75 85 1019 983
19473 950 75 80 773 772 79
19474 75 1027 983 772 82 83 1093 76 79 933
19475 3946 1179 1341 75 1189 920 3950 87 1122
19476 1013 1653 75 1121 1060 1061 967 904 1009
19477 88 75 1027 962 998 993 157
19478 917 997 1111 1247 883
19479 1145 75 1019 954 1018
19480 7562 86 927 653 897 75 899 977 1188 1053 3377 1357 1041
19481 75 953 8281 1252 2158
19482 931 75 1027 998 1006 982
19483 949 1171 75 971 998
19484 1133 89 75 955 959 1006
19485 88 931 75 962 85 998 157 963 80 1006 983 90 79 933 1139 775 982 985 1151 964 1029 984 776
19486 75 962 953 775 982
19487 931 75 1001 90 4914
19488 1095 1200 75 1019 1032 83
19489 1183 1165 895 997 907 959 1104 1178 1249 1082 1160 1039 1275 883
19490 931 75 1027 983 83 982
19491 89 75 1019 772 82
19492 75 955 82 83 4903
19493 1508 2250 2913 6184 6214 5207 7161
19494 609 7067 2251 2250 3037 1397 6573 7681 4631 4626 4827 2156 6639
19495 7040 2251 3522 3521 5153 3583 1754 2250 508 7623 4543 6586 5214 4812 4582 5323 6012
19496 149 2251 2352 2250 442 7008 6948 2214 2353
19497 1364 2251 3930 2250 4394 4631 2189 1312 1386 1500
19498 1565 2250 1397 2999 1311 5244 7238 1406
19499 2251 2250 5026 4827 6376 1890
19500 1256 82 1021 1009 1062 412 1066 883 84
19501 1565 2251 2739 2250 5661 1500
19502 1565 2250 6519 5026 1500
19503 6420 2250 5026 4827 6706
19504 1068 8163 6886 2250 516 1185 1504 4958 3042 1082 1109 308 1011 1272
19505 150 2250 6575 7090 5471
19506 4879 6918 2250 3929 3221 7813 1442 4375 1411 7792 1244 7109 6421 6782 4210 6506 4621 1315 5984 1412 3395 1357
19507 2251 2250 2948 2962 5026 4827 1709 6522
19508 2251 2963 2250 3108 7475
19509 2251 2250 5804 5413 6699 5800 8129 7407 1386
19510 1446 2250 3909 4397 6837 7156
19511 2980 3014 2969 2947 2958 3003
19512 1001 1005 945 1146 411 883
19513 3149 2251 7105 2250 5190 3431
19514 2251 1081 2250 1371 2948
19515 2251 2250 3037 4610 1594 576 4184
19516 2250 2246 1316 2721 6376 1280 1386 1298
19517 1565 2251 2250 2948 2189
19518 2250 3375 3373 1454 6671 1453 4395 7626
19519 609 2251 2084 2250 5591
19520 6837 1520 3997 5437 602
19521 5586 5800 568 6837 7828
19522 6667 7925 7969 6837 4732 5542
19523 942 1005 966 967 772 1023 1009 412 883
19524 576 6837 4282 5987 1365 1406
19525 6704 4786 6172 7075 6837 6744 7323
19526 4544 5194 6837 2933 2766
19527 6462 2232 353 5098 6837
19528 6978 5922 1426 6837 6616 7297
19529 3916 476 1395 1446 1458 1407 2721 6837 655 5890 1474 6917 3494 3248
19530 7022 6776 6837 3537 3819
19531 5219 5889 2775 8159 6235 2701 5023 6837 5888
19532 209 211 210 394 6837
19533 1819 2251 1876 1437 1906 6993 1373
19534 922 76 965 1276 883
19535 6067 2251 6195 2867 542 4896
19536 2251 1741 5403 5241 6656 3375
19537 1565 1364 2251 5026 4827
19538 1364 2251 1398 2962 2721 6639 1709 5750
19539 2251 4675 5778 6509 4639 601 3944 7004 5765
19540 2251 7159 1744 6418 5026
19541 2251 6541 6782 1528 1415 4665
19542 2251 3510 1428 3842 6743 2398 5470 5576 1312
19543 3978 2251 1398 1308 1576 4578 1610 3505 3227 3500 3502 4563 1806 1315 3997 6917 8129 1828 1288 1420 676 1410
19544 2251 5453 1239 8162 1890 6374 3495
19545 917 82 4903 1098 883
19546 1364 2251 3593 5738 4631 1709 1386
19547 2251 3519 3064 7917 2247
19548 1565 2251 2730 4848 5231 4982 2189 7517 7918
19549 1364 5958 1755 6537 2355 3622 5527 1748 6409 7497 7626
19550 1364 8153 5241 5190 1368 4145 4544 1541 468
19551 6682 1565 1364 4594 3259 568 1345 1500
19552 3916 1364 2739 4574 8058 897 6664 4711 5795 3371 3092 3368 2081 898 7307 2787 8126 2710
19553 1364 2948 2721 974 1311 2189 1310 1563 1312 1865
19554 1364 4416 5532 3624 5527
19555 1364 4600 3351 311 4594 1345 6842
19556 1065 915 965 979 984 883 84
19557 1364 2730 1594 3433 1288 1280
19558 1364 3615 5428 4593 4117 6876
19559 1364 7470 5190 2731 4544 5194 6537 151 4978
19560 1364 1446 4606 6521 4217 4345 2189
19561 1364 1688 222 3493 1689 1582 1589 6412
19562 1364 3833 1395 1438 2157 6004 588 7439 456
19563 1364 1070 915 997 3160 2763 1897 1077
19564 3964 1364 289 3968 3299 3255 5437 6423 6196 7914 2268 472
19565 1364 1079 1387 1775 3632
19566 1364 5616 3159 6551 7713 7702
19567 1055 1098 1275 868 883
19568 1364 6411 5000 5407 3083
19569 1364 3369 2948 1527 1519 5010
19570 1687 1733 7118 5748 1205
19571 7240 3589 4430 5602 5748 4597 1704 5624 7255 644 2172 4185
19572 7663 2653 1731 5748 1772
19573 1034 1068 911 1070 1183 1165 1169 956 957 774 4535 1185 1104 900 1160 1205 912
19574 2243 1619 313 5442 6371 1205 4502
19575 916 1169 1550 78 1109 1062 1205 1057 1010 84
19576 1065 1121 1061 772 342 1147 1009 938 1000 1205 1010 84
19577 1019 953 964 1205 776
19578 1001 333 702 1009 775 982 883 84
19579 1417 1727 968 1215 7919 1039 1040 1205 1759
19580 1133 1147 1082 1039 1205
19581 1733 5729 1773 1205 7165
19582 774 898 1205 1066 1041 978 1037
19583 2337 1141 1731 538 2196 8126 5762
19584 7920 421 6346 799 2196
19585 7843 3099 4853 3156 2196
19586 5416 1857 7907 3168 6790 2811 7481 7479
19587 1385 5416 1535 4488 1794 5822 3168 7543 6982
19588 4600 1716 1860 5416 2935 5795 6874 6486 3168 1790 694 693 6523 6860 1874
19589 1279 1280 1277 1278 883 1216
19590 767 5416 5913 6486 6479 766 6871
19591 6788 5416 7631 4165 263 4190 5116 5492
19592 3977 5416 6694 3168 1450 7921 5011
19593 3157 1369 5416 3204 1317 6694 3168 4232
19594 5416 3954 3955 4821 3168 3913
19595 4910 5416 3855 7068 6477 1463
19596 4460 5416 3953 6671 3168 2766 1890
19597 149 5416 1818 2718 3168
19598 5416 688 3204 3168 8154 3935 4273 7013
19599 5416 2935 7422 6887 3168 7865 2846
19600 897 899 945 943 898 1282 901 883
19601 3170 6576 5416 477 478 3168 2694
19602 1168 1200 1215 1249 1901 3974
19603 2963 5895 2966 3352 1437 1106 3502 3975 3974 676 7578
19604 3975 1264 2700 3974 5327
19605 2967 1433 2968 1863 1071 3974
19606 6367 6851 5326 3974 5886 686
19607 6610 6534 5098 7288 4193 3974
19608 4744 7757 3418 4972 2842 7936 1264 3974 1421 4708
19609 4321 2575 3975 1264 3974
19610 1068 6381 4958 1711 3965 308 1011 3975 1264 3974
19611 8127 950 1110 1283 954 1074 896 883 2080
19612 7493 3975 1264 6504 3974 7492
19613 7712 1228 7254 3975 3974
19614 4662 2961 7696 1496 619 6341 3975 1264 3974 42 4885
19615 1502 3975 3466 1264 5105 3974 3996 6374 2693
19616 3921 4177 7880 3974 2688
19617 1324 6699 1260 572 6931 3975 574 3974 7016
19618 6330 5216 7922 4146 4134 3974
19619 7134 3072 6862 6863 1264 3974
19620 1643 1667 6214 4508 2295 4629 6713 2846 3974
19621 922 5172 2961 6341 4159 3974
19622 2980 3014 2969 2947 2958 3003
19623 943 944 979 970 883 1284
19624 7073 2406 6843 3974 3212 7796
19625 5035 6414 5208 5575 3974
19626 5739 2962 2721 1709 1264 1280 3974
19627 5211 1264 3974 4226 2827
19628 1353 1140 3975 1264 3974
19629 6204 478 3975 1264 3974
19630 6381 5218 3975 1264 3974
19631 5095 3439 4098 5326 6341 1264 1775
19632 4129 611 4128 4713 1264
19633 4209 1508 5368 4848 4106 2135 1463 4395 1264 3065
19634 653 77 1006 1035 771 1061 702 674 996 883
19635 5241 4871 4598 1264 1813
19636 1200 1111 4958 968 1264 413
19637 1258 1466 6824 3245 1264
19638 3150 3957 146 4161 2820 1264
19639 5845 7079 7434 2575 1264 4159 4883
19640 4131 6992 4392 5326 2575 1579 7631 1264 3388 935 1802
19641 3975 4739 1264 5461 7923 5854
19642 2229 7079 4394 1767 548 1728 2356 3975 1877 1264 5454
19643 511 3211 3975 1264 1161
19644 2790 3079 2745 2733 3975 1264
19645 1200 1050 1019 1086 5258 1146 1177 1176 1205 883
19646 5427 3975 1264 4333 7924
19647 6943 5352 3975 6942 1264
19648 2768 294 3971 5958 8181 1243 2909 2271 2910 1901 5782
19649 294 223 289 2257 234 283 622 2271 285 1901 284
19650 294 618 3252 227 544 582 3396 4175 5473 1755 2271 5685 596 3232 620 506 7497
19651 294 7486 7426 4615 6651 3531 2697 7484 718 2138 7782
19652 294 347 350 2271 5755
19653 7717 2715 5434 4126 4017 3082 4883
19654 1367 7717 1677 305 3308 6211
19655 4096 3842 4704 601 5326 1140 1357
19656 8224 1275 912 1285 883
19657 3439 3842 5289 4621 2575
19658 1329 3842 4145 6341 1766
19659 3242 1613 3842 1866 1804
19660 6962 3842 2961 4835 7203
19661 7186 4331 1462 6619 565 3842 6620 4124 568 1416 7926 4395 4118
19662 3842 6384 6385 5242 6699 6520 7323
19663 5770 3201 3842 3837 523 1595 5572
19664 1565 1344 577 4203 3842 4145 2351 3164 4662 1594 471 6410 3440 2944 6010 5052 4505 1495
19665 4209 3713 3842 3715 5208 6374 3716
19666 3842 7420 5082 5099 4507 7000 4664
19667 83 1093 904 4903 76 79 933 932 412 996 883 2080
19668 1643 3842 5216 5464 5463
19669 3842 6541 6129 3965 6341 6406
19670 3842 4662 2961 3460 4431
19671 3842 5893 4697 5574 5575 5208 4835 6198 6374 2726
19672 2901 3351 3037 3842 4560 576 7680 8171 1634
19673 3741 4051 1976 1938 1978 1977
19674 1939 3741 416 3742 1940 1976 1979 1938 417 1978 1977
19675 1939 3741 416 3742 1940 1976 1938 417 1978 1977
19676 3741 3742 1940 1976 417 1978
19677 1939 3741 416 4051 1976 1938 417
19678 1286 1289 1287 1288 883
19679 3741 416 3742 1940 1976 417 1978
19680 2531 8214 389 3858 4380 3825 3836 8204
19681 496 5846 495 1563 3661
19682 1030 4545 1068 927 1112 1397 1008 1190 3502 940 1563 1419
19683 1017 994 1081 1042 1038 1371 1169 907 1032 2962 1111 4958 909 3502 918 1563 1051 308 1108 1419 676 6964 2258 1297
19684 1565 1560 1311 4533 1310 1563 1312 1011
19685 3930 7836 3297 2246 1397 3500 1563 6917 571 1297
19686 1565 3037 4827 3500 2360 1563 1280
19687 609 4337 3111 554 236 1096 2744 1563 596
19688 1034 946 1042 1717 6184 974 1563
19689 1290 949 771 2125 772 1026 1143 1093 8281 76 965 982 935 2080
19690 6819 1088 3145 1563 2272
19691 5219 1706 3989 1791 5589 1563
19692 1030 3927 927 1324 1049 1834 1563 965 4561 1053 979 1357
19693 1307 5739 5738 6782 1563
19694 6375 4662 1709 7631 2793 315
19695 1477 3240 1480 6362 2793
19696 6205 4006 7612 4730 2793
19697 3524 3523 2793 6432 7862 6431
19698 4362 624 3524 3523 2793
19699 3340 7013 4323 7721 2793
19700 1095 950 1167 994 1295 911 915 1132 1291 895 1293 1104 896 900 1296 1187 951 905 1131 948 1294 2080
19701 149 1479 1491 1490 2741 1445 3230 5569 6839
19702 7712 2678 1445 3064 524 3168 3629 2575 2738 2937 2683 3276 2353 5492
19703 4342 1445 6910 4771 4772 2258
19704 7503 2722 2719 7418 6005 1445
19705 7218 6955 3729 6161 8205 1445 4311 4838 5492
19706 1349 1445 2906 7745 4380
19707 3985 1445 4954 5205 2846 2845
19708 4602 3170 586 4129 2913 6235 1445 706 7853 3248 6046
19709 4602 1569 461 3245 3118 2438 1445 6497 2933 357 7869
19710 4172 6178 3245 516 1445 1475 3064 1468 626 517 1418 2353 6200
19711 950 7280 1299 5958 610 221 268 228 506 1298 456 2080 1297
19712 3396 2153 3809 1445 4321 2406
19713 5911 461 6773 1445 7372 6494
19714 3623 1445 6655 2997 2787
19715 1391 3201 4565 2837 1283 1613 8160 1445 1494 6780 4567 1412 8129 698
19716 3628 1445 5442 2908 626
19717 2955 1445 291 2272 1302 2276 4731
19718 3214 2913 3968 6943 1445 3064 2443 1600 3489
19719 3916 4828 1445 4829 4601 7321
19720 4129 461 504 4713 1445 517 3450 4315
19721 1050 298 2185 2355 3319 1748 4016 4183
19722 950 994 1132 913 954 893 956 1012 924 920 1055 1162 90 1215 896 900 1249 1059 948 2080
19723 3434 2185 6656 4264 3008 2833 4883 4166
19724 4877 2185 7179 7594 4582
19725 2185 4629 7449 3294 2693
19726 144 3052 2185 2475 3263 5442 3384 6364 5522 277
19727 2219 8121 2326 2185 2342
19728 4840 4129 5973 504 2185 4134
19729 2051 2185 4645 7288 6434 6345
19730 3724 2185 3006 6296 3325
19731 86 7315 5172 5263 2185 665
19732 7505 5551 7452 2435 7927
19733 2980 2969 2947 3003 2991
19734 1173 1174 1184 1095 928 1016 1068 1167 1070 926 1044 1060 1019 1008 1094 955 924 929 4958 771 967 968 82 1146 900 904 943 944 894 1098 1196 308 674 1022 996 960 2080
19735 7505 7730 7532 6124 7723
19736 2126 1061 342 76 802 932 397 1282 2050
19737 6067 1830 1257 4109 5371 397 4920
19738 264 1469 1471 3642 1489 584 6113 583 1855 3377
19739 2000 1855 1287 4333 3007
19740 2954 549 5444 1330 1855
19741 3039 1521 5983 1626 4506 1855 616
19742 3320 313 1195 4573 3907 1855 686
19743 1543 1804 2954 1867 1855 621 4482 3325
19744 3200 4517 1596 1593 1855 6322
19745 1167 1183 915 1132 913 907 1300 893 1032 956 896 900 894 951 2080
19746 5412 3498 5494 1349 6776 1907 1855 616 7253
19747 2998 2999 5244 2704 1855
19748 8058 4353 2232 4897 2970 1855 7832
19749 4897 2982 2711 7746 1855 3473 3472
19750 609 1628 5188 1855 5189
19751 6983 5733 3835 1855 1708 6857
19752 609 1341 6590 4007 1855 1289 5977
19753 1464 6599 5795 5377 6484 5376 1855 4746 3046
19754 1862 7129 3884 4902 4742 1855
19755 2737 1855 1775 4896 7027
19756 999 1068 950 1167 1112 1186 1070 997 4958 967 896 1147 940 1304 1188 1302 1301 1205 960 948 1152 2080
19757 1862 3250 4587 4488 2896 1855 5317
19758 286 289 2362 1674 1336 3199 2751
19759 3901 2362 6179 1279 2505
19760 3956 296 395 2362 1723 7230 6744 3049 4507
19761 2362 7619 3875 5588 5105
19762 2362 5405 4490 4179 1901 7928
19763 1613 2362 4543 2965 5214 1415
19764 1385 2362 5404 1276 1586 7481 7479
19765 223 2953 2362 3178 4480 1652
19766 3250 7687 2362 3817 3906 5882
19767 974 1035 896 1163 2080
19768 1560 2362 1539 5398 1632 6378
19769 6530 2362 3204 3257 2909 2910 2911
19770 4512 3442 3898 6973 3708 3433 7835
19771 4512 5575 5011 7048 3430 1881 3185 2726
19772 4512 7674 6298 4405 4273 468
19773 6011 6367 7714 1166 1568 1791 6531 1399 3007 3294
19774 6011 1465 2240 1467 2686 5794 5981 2896 2762 5107
19775 264 1469 6011 5948 584 4618 3277 43 6503 583 5477
19776 6011 6419 1532 3111 6406
19777 6011 5948 5949 6615 1790 5205
19778 928 86 950 1112 1038 954 1012 924 155 4958 904 902 1023 951 1305 934 1000 1105 2080
19779 3048 6011 6611 6462 7929 4762 5790 3443
19780 2181 6953 4771 2366 542
19781 2181 1511 5775 2115 3690 1219 7869 1864
19782 2181 4400 2344 5734 6244
19783 2181 3904 4662 2366 1302
19784 2181 1672 5895 615 4893
19785 2181 4771 623 1580 4772 1864
19786 2181 1491 1490 2791 5569
19787 2181 3181 6621 6623 6622 1806
19788 2474 5615 5188 1396 5189
19789 908 950 1167 1165 893 896 900 1051 905 1282 1131 2080
19790 609 4879 1894 5615 4533
19791 1258 1619 1245 6319 3682 1217 2992 1476
19792 1127 4081 3682 6355 4084 3688
19793 4065 4085 4081 3682 4066 3687
19794 4063 4087 4090 4065 3682 3687 4084 3688
19795 3682 4062 3685 3683 4084
19796 3682 4066 4077 6354 4070
19797 4088 4065 3682 4066 4064
19798 4088 6363 4068 3686 3682 3688
19799 4830 6357 5730 3682 6356
19800 1223 1135 1167 1200 895 959 889 896 1177 1051 905 960 2080
19801 4600 7224 855 6160 4084 5554 5558
19802 4063 4088 4064 4062 4084
19803 4063 4088 4068 4064 4062 4084
19804 6281 1258 6284 6283 2241 4084
19805 4063 4088 4068 5730 4062
19806 4085 4081 4068 4062 6353
19807 6363 4085 4064 4062 5789
19808 4063 4088 5730 3686 4066 4062 6356 4092 3688
19809 6360 4062 4077 6355 6353
19810 4068 4062 6353 3683 4083
19811 999 949 893 955 920 5258 896 900 1116 894 951 1306 1059 8143 1131 2080
19812 4068 3686 4062 4077 6353 4070
19813 4063 7653 3686 4062 3683
19814 3326 1377 4068 3686 4062 4078
19815 618 231 3116 2957 224 1349 2850 635 6006 106 301 2908 2271 3649 620 5605
19816 5965 4135 3643 2618 3649 616 468 3488
19817 7286 2908 3649 546 5436
19818 7766 767 4706 7618 3183 3065
19819 1479 4823 4604 1011 4898 1404 4572 1419
19820 1479 461 1360 3923 4887 3500 3502 1806 1404 4572 1419 1410
19821 1753 2084 4311 524 4572 1406
19822 913 954 997 920 1185 1051 905 960 948 2080
19823 6027 579 6656 743 2398 735 4572 5669
19824 3152 4579 3824 4572 1420 6046
19825 4600 6577 657 7858 5323 4572 6982
19826 8127 1417 4567 146 4572 4167 1419 4159
19827 5744 3209 4596 1458 7181 520 4595 4662 5352 1118 2151 4572 1600 4294
19828 461 1483 4598 3923 4571 1579 4572 1419 5690
19829 4489 937 6586 4572 3661 1813 1420
19830 1494 4567 5904 4572 1704
19831 1451 2590 4572 6768 6701
19832 7417 2070 4392 5451 597
19833 89 1004 884 998 896 156 894 78 674 982 1151 996 984 498 960 776 1175 84 2080
19834 6689 144 6721 5299 4919 7299 3705 3637
19835 144 1391 3052 1360 3428 3345
19836 144 6737 6168 5299 6766 1475
19837 144 1391 3270 3383 6656 6595 2613
19838 8127 144 1030 509 8161 6195
19839 144 52 1475 5697 3634
19840 144 4712 3713 5473 3715 524
19841 144 3170 1805 1584 4662 1460 5575 1678
19842 4575 144 3052 1136 2744 2406
19843 144 3630 3727 5719 5214 263
19844 2980 2969 2947 2958 3003 2991
19845 1072 950 1308 1132 917 913 907 956 1307 930 889 968 940 1196 1160 2080
19846 144 3052 3263 1791 4200 6364
19847 144 5686 2152 2956 2966 466
19848 144 1515 2477 6595 3384 5786
19849 144 4900 6621 3320 6622 5462 7135 5460
19850 467 3230 7774 3497 6753 228
19851 3159 1909 6901 3177 7930
19852 6168 7335 3678 497 7930
19853 7327 7600 5935 5121 5932 7325
19854 7933 7931 6835 5878 7932
19855 7520 5719 4265 6595 4200
19856 946 1038 929 896 905 2080
19857 3814 3858 3825 3836 798 5143
19858 1173 1095 911 909 1144 1131
19859 1144 156 7934 3365 2921
19860 1940 4189 1979 1938 1978
19861 1940 1979 1938 417 1978 1977
19862 3742 4051 1979 1938 417 1977
19863 3742 4051 1979 1938 417 1977
19864 1939 3742 1979 1938 417 1977
19865 3194 3664 1940 3004 3005 1938 1978
19866 127 1939 1940 1979 1938 417 1978 1977
19867 1070 896 1176 940 1039 2080
19868 3742 4189 4051 1979 1938 4226 1977
19869 1939 3742 1940 1938 417 1977
19870 416 1940 1976 1938 417 1978 1977
19871 1939 3742 1979 1938 1978 1977
19872 1940 1979 1938 417 1977
19873 3742 1940 1976 1938 1978
19874 3742 4051 1979 1938 1977
19875 416 1940 4051 1976 1979 417 1938 1978
19876 3742 1979 1938 417 1977
19877 1939 3742 4051 1979 1938 1978 1977
19878 884 954 924 896 308 2080
19879 3742 4051 1976 1979 1938 1978 1977
19880 5847 1939 3742 4051 1976 1938 417 1978 1977
19881 3742 4189 1976 1979 1938 417 1977
19882 1979 1938 417 1978 1977
19883 3742 4189 4051 1938 1977
19884 1939 3742 1979 1938 1977
19885 416 3742 1940 1976 1938 417 1978 1977
19886 3742 1940 4051 1938 417
19887 416 3742 1940 4051 1938 417 1978
19888 416 1940 4051 1938 1978
19889 1112 952 926 1081 1019 954 1309 157 924 920 929 1185 4958 771 1311 968 82 1026 1093 896 1106 940 1310 308 1312 702 674 938 1151 996 1029 498 776 2080
19890 3742 4189 4051 1976 1938 1978
19891 1939 416 1940 4051 1976 1938
19892 3742 1976 1938 1978 1977
19893 127 6094 416 1940 417
19894 127 1939 416 3742 1940 4051 1976 1979 417 1978 1977
19895 2844 1940 1976 1978 1977
19896 416 3742 1976 1979 417 1978 1977
19897 416 3742 1940 1976 1979 1978 1977
19898 3742 1940 1976 417 1978 1977
19899 1939 416 1940 4051 1976 1979 417 1977
19900 8127 1112 895 8160 954 1074 943 944 1051 1313 1022 960 948 2080
19901 416 1940 1976 417 1978
19902 416 1940 1976 417 1978
19903 1939 3742 4051 1976 1979 417 1978 1977
19904 1939 416 3742 1940 1976 417
19905 1939 416 1940 1976 1978
19906 7935 129 1172 128 1976
19907 3742 1940 1976 417 1978
19908 416 1940 1976 417 1978
19909 3742 1940 1976 1978 1977
19910 1939 1940 1976 417 1891
19911 1044 884 1169 1316 896 943 902 1304 1315 308 79 905 912 676 1298 2080
19912 1939 3742 4051 1976 1979 417
19913 1939 416 3742 1940 1979 417 1978 1977
19914 1939 416 3742 1940 4051 1979 417 1978
19915 5279 4683 3453 7502 3416
19916 2487 3826 6113 738 743 2212 735 6951
19917 745 740 2222 746 2996 7557 853 735
19918 5446 783 2222 7446 738 6174 5780 6173 735 6224
19919 5891 745 2487 2996 1834 735
19920 2730 6955 737 743 735
19921 5335 6155 3264 737 735 784
19922 1169 929 4958 896 900 2080
19923 1430 1428 1349 4954 2590
19924 1153 5848 2702 4751 1561 7479
19925 3219 1261 1909 1543 2702 4626
19926 1543 1661 8181 2702 1140 2710 3004
19927 1461 7083 1543 3728 5735 2702 315
19928 2702 7551 1799 1645 3881 1545 3256
19929 3593 4085 2702 3595 707
19930 1353 3866 3062 2368 6935 2702 4662 2295 2366 7947 7316
19931 173 586 1543 1826 4264 2702
19932 8160 3349 5848 2702 1561
19933 950 1130 1317 739 1162 896 1147 1051 1318 1101 2080
19934 7024 8182 2702 6214 211 7847
19935 1543 4085 6318 2702 1876 5223 1666 1297
19936 3198 1778 1894 3159 1208 1543 4535 2702 3255 1217 8118 3430 1561 3185
19937 3277 1543 3299 6500 3275 2702 4759 3325
19938 1815 3197 1619 2702 4582 6109
19939 1543 3883 3197 1153 2702 1791 1356 1645
19940 1174 685 3386 1169 1111 937 1104 1093 1249 6790
19941 945 1067 1093 940 1109 5588 84
19942 1013 85 1019 921 83 1093 84
19943 998 963 157 1006 83 1093 156 933 674 775 932 982 776
19944 1319 367 1320 366 1323 368 1322 1321 2080
19945 921 945 966 1093 904 902 1062 84
19946 653 897 921 1048 968 1093 1187 951 898
19947 1093 904 2972 1116 965 3959
19948 1068 5958 1061 967 1093 944 76 1022
19949 1013 1060 1019 998 966 82 1093 4914 8281 76 84
19950 773 1093 938 1517 1066
19951 8127 1013 927 653 942 1060 1146 1093 78 79 960
19952 6858 950 772 1104 82 1093 2158 1009 84
19953 1223 772 1093 8281 3689 76 78 79 540 2158 1009 1262 84
19954 927 1135 899 966 1093 965
19955 2980 2969 2947 2958 3003
19956 919 1202 90 934 775 964 2080
19957 6162 5335 6118 2468 2473 6780 1725 5255 857 1747
19958 1574 1844 7640 8146 469
19959 1092 1574 2948 120 1207 1098 1657 5761
19960 6889 1092 1068 1653 1070 1574 129 953 1008 1094 1206 921 774 900 1305 674
19961 1574 1641 1094 1206 1351 98 635 540
19962 1653 1145 1574 6003 1207 1023
19963 1092 1575 1653 1574 687 1641 1347 1094 1206 1351 774 1485 98 635 1655 4947 120 1246 1664 1207 3625 1657 676
19964 1092 1574 1641 635 1655
19965 1092 1575 1653 1574 687 1641
19966 1028 1574 687 615 1094 1206 1351 1485 98 635 120 2238 1656 1207 1654
19967 890 932 1015 1301 2080
19968 1575 1653 952 1574 129 687 1641 1094 1206 1351
19969 1575 1574 687 1347 1485 98 1349 635 120 1207 1346 1657 676 637
19970 1092 579 1575 1574 1347 1094 1351 98 120 1656 1346 1654 1887
19971 1574 129 1206 1351 98 4947
19972 1653 1574 687 1094 98 635 4947 120
19973 1092 1574 1094 1206 98
19974 1092 1575 1574 687 1094 1351 1887
19975 1574 1094 1206 1351 98 1485
19976 1575 1574 129 687 635 1655 1246 1346
19977 1575 1574 1094 1485 635 120 1207 1346 1654 659
19978 1067 904 890 308 1139 1009 84 2080
19979 1574 1094 1206 1351 98 1207 1654 340 637
19980 1653 1574 687 1094 1206 1351 635 1655 120 1207
19981 1574 1094 1206 98 4947 120 1654
19982 1575 1574 129 687 1008 1347 1094 1206 98 1485 1655 4947 120 1207 3625
19983 1574 687 1351 1207 1657
19984 1574 1206 635 120 1246 1654 2936 1657
19985 1584 1574 4404 687 635 120 1654
19986 1391 4310 5299 6534 4561 575
19987 4209 4599 589 5194 2297 4170 2711 1451 1404 575 1373
19988 520 6589 521 5970 575
19989 932 938 1062 979 84 2080
19990 3638 4129 2086 3084 2704 524 4193 3327 575
19991 4310 4565 4375 6341 575
19992 505 3586 7625 3120 4569 4022 2941 575 4734 5457 4511
19993 7086 4194 1516 4352 5220 2750 2271 6753 575
19994 4310 7188 5231 421 5697 4193 1422 5096 1357 575
19995 4310 1644 5398 7746 575
19996 5784 1232 285 284 7880 575
19997 3535 3153 6866 3537 575
19998 6214 1437 5131 575 5107
19999 2084 5361 276 2295 3520 7248 575 269 277
20000 1017 1030 1135 950 1112 75 884 954 1012 924 929 945 4958 896 308 2080
20001 4204 7640 4121 6314 575
20002 4209 4310 6659 3248 575
20003 227 3009 4165 575 3489
20004 2742 5495 552 511 575 686
20005 4310 7551 3261 3211 3190 7466 575 5034
20006 3638 4310 589 588 2771 575
20007 274 3628 6698 6449 575
20008 305 3532 3276 575 3278
20009 569 5989 426 2904 498 638 1891 1250
20010 5582 4517 1596 7001 694 693
20011 895 997 954 955 956 924 82 896 900 894 951 540 1107 996 1131 2080
20012 1860 4330 5398 7001 6870 3060
20013 4359 4310 7126 2978 241 4311 7001 1418
20014 2998 1716 5911 4416 7022 4859 485 5793 3371 463 489 297 490 487 5244 4356 1840 1838 394 6537 7001 488 1839 3394 6107 6856 5528 2253 491 4357
20015 1564 5400 7625 7001 1896
20016 3170 3522 4595 7001 686
20017 3215 7084 2995 4343 7001 2735
20018 6309 6477 973 5087 7001 5853 5232
20019 1482 8150 7001 8154 3472 7316
20020 482 464 7875 7001 1330 494
20021 3498 4623 7001 6909 3517 2268
20022 949 86 950 884 893 993 157 896 940 996 2080
20023 7008 5955 7001 686 238
20024 1681 567 6175 262 5224 563 1451 784 8135 6224
20025 6002 3264 6171 5224 3726 1725 1758 1747
20026 3197 49 567 3826 1513 739 5224 563
20027 1378 5224 738 6780 3678 5255
20028 6027 2474 7335 6155 741 740 1378 6157 2222 7446 746 1681 3264 6891 854 6113 6177 5224 3726 743 2485 5780 3175 6446 5669 1736 857
20029 6175 6950 5224 738 6446 6951
20030 1743 49 5455 4579 5224
20031 5335 1378 856 6157 742 5224
20032 1378 7137 5224 2489 6424
20033 1034 1068 1112 1070 899 1008 308 1255 674 1084 2080
20034 6027 5891 745 741 7665 7446 2996 3264 5224 3726 737 853 5780 855 6446 5669 857
20035 7002 5891 745 7335 742 854 5224 5780 3659
20036 6956 6891 5224 1703 743
20037 6168 6171 5224 6156 855
20038 6335 2487 2486 8152 5224
20039 3048 4403 6599 6443 5224 2212 4504 5083 1676
20040 6451 6956 1378 856 6157 5224 784
20041 783 1378 6171 5224 855
20042 4600 5891 741 2486 2996 2480 3826 6113 5224 5780 2489 5554 6224
20043 6027 745 746 5224 738
20044 774 896 1116 1057 2080
20045 2471 6027 7002 741 6891 5224 6557 6176 737
20046 2996 2480 739 5224 2489 6951
20047 4696 5224 6163 6780 6446
20048 6002 7557 6411 262 5224 855
20049 49 6691 5224 784 1736
20050 741 3826 5224 738 855 6951
20051 2222 854 6113 5224 6780
20052 5224 7021 4888 855 3174 6510
20053 7088 3270 3383 3120 2475 5224 4022
20054 1341 687 584 6313 3161 6318 1317 4762 3708 4763 3885
20055 77 1132 1038 954 924 4958 894 308 2158 2080
20056 4546 1341 3298 1746 3194 1504 2428 1176 1745 550
20057 1464 7067 1716 5911 2902 4741 1341 2935 5368 6867 5372 4555 4740 1456 4106 5370 6920 6468 3065 1817
20058 1879 1341 2246 1384 3505 5976 3905
20059 257 1341 4918 3320 3376 1561
20060 1816 1341 279 6318 2704 5868 5096
20061 5770 1341 2901 3351 3386 2707 6901
20062 3198 6664 1341 1862 4104 1374 3262 1288 1864
20063 3157 1341 2773 8216 4264 1656 2834 5853 1382 2261
20064 1341 1576 4563 3477 2993
20065 1341 3146 2955 1783 6744
20066 2980 3014 2969 2947 2958 3003
20067 8127 928 952 1324 929 889 968 940 944 1022 970 948 1138 2080
20068 1341 4824 2691 4838 1801 3248 4164 5555 1802 5441 7155 698
20069 1341 1224 1055 1185 1098
20070 1341 5051 1876 578 4973 694 6523
20071 1341 7792 7803 7713 7702
20072 1341 1542 7317 2811 4315 6876
20073 1341 3860 7321 6345 2840
20074 6294 1341 3297 5147 6975 3500 1315 1220 3996
20075 1341 1307 5409 6520 6904
20076 3301 545 5739 3884 6161 739 549 655 1790 1416 1318 7873 3276 616 3278 7543
20077 1688 655 6412 7631 3248
20078 896 943 944 995 979 2080
20079 1367 2994 1379 3308 655 1297
20080 5485 5188 5952 1896 655 5381 5189
20081 3301 1477 1617 739 6950 1480 655 1618 6183 1322
20082 5219 3231 4212 655 2834 5381 1302
20083 239 1820 7331 655 4273 6672
20084 5155 649 5829 809 7937
20085 480 446 569 695 809 2552 4233 269
20086 5530 599 809 2630 7938 74 607
20087 2523 468 4231 472 7135
20088 7040 7773 4894 2424 2317
20089 8127 949 952 886 954 1008 771 82 83 1093 900 890 1151 2080
20090 8128 8058 2358 4342 4894 3610 3349
20091 6532 1299 4489 4894 1393 4228 3234
20092 5746 4894 7057 5405 7781 1580
20093 5335 5891 6335 783 6955 2222 7557 853 6156 855 1725 784 1322 1747
20094 5891 2474 7335 2730 7446 2480 7557 1229 1714 737 853 5780 497 1725 6160 857 3933 6224 1747
20095 737 738 853 855 1725 6446 1758 1747
20096 737 853 1725 6160 1758 857 1747
20097 5335 7446 2468 737 853 5780
20098 745 746 742 854 2473 737 853 3175 6446
20099 6162 5335 7557 737 853 6224
20100 6858 999 949 886 884 1169 1008 998 993 929 1035 896 940 1040 540 982 912 2080
20101 6335 5446 6155 740 3823 6157 4317 7446 49 2395 787 3264 738 737 853 855 6446 5669 5558
20102 4600 2486 856 853 6951
20103 7446 3726 737 853 6156
20104 5335 6168 5446 741 1378 6157 7224 2222 854 853 6446
20105 5335 2474 6155 1378 7224 853 3390
20106 7335 7224 1229 1714 738 853 6160
20107 5335 7002 745 7335 6155 6669 7224 7446 2468 853 6156
20108 7557 737 853 497 5554 3933
20109 7446 7557 737 853 6163 2485
20110 6335 6669 2486 7224 853 5558
20111 1095 1028 915 77 1132 222 895 920 4958 896 1326 304 1098 308 948 2080
20112 2222 737 738 743 853 855 1725 784
20113 5335 2486 1703 737 853 1678 855 6951
20114 2468 6891 737 853 3390 5669 1874
20115 740 1378 6157 738 853
20116 262 2473 737 853 3390
20117 7557 2468 1714 737 853
20118 5335 3823 1568 738 743 784 6951 1747
20119 5335 6669 1378 6157 1714 855
20120 6027 5335 6168 5891 2480 7557 6156 784
20121 5335 6955 6411 743 1758 1736
20122 929 773 1067 79 979 996 2080
20123 5335 2222 6002 3726 737 738 743 6780 5780 497 855 3154 857
20124 6027 6162 5335 7017 6155 2395 787 738 1616 6446 5669 1882
20125 5335 1068 3254 3270 3383 2475
20126 2471 6027 6162 4600 5335 5891 5446 2474 783 6669 740 746 6557 5780 1322 6224 1747
20127 5335 6155 6669 7224 7446 7557
20128 6162 7002 2486 3826 4579 5296
20129 6027 6162 6335 741 3826 6113 855 6951
20130 6162 7002 1378 6157 7557 2473
20131 6162 1442 6656 3826 6655 3848 1703 3163 2997 7157 2234
20132 6162 6617 740 4579 1475 1468 2478
20133 1173 1329 950 1328 1327 2080
20134 2471 6027 6162 6168 5446 6157 854 855 6446
20135 2471 6162 6168 6155 2487 6157 6780 6156 855 6446
20136 6162 2487 1378 6157 2489
20137 2471 6162 1261 6557 2397 1725
20138 6162 4546 1368 2996 6862
20139 6162 740 2487 1378 6780
20140 6294 1193 3301 3823 1442 2222 49 739 6950 1415 1315 3154 3001 4486
20141 2945 1628 6335 1699 6955 2222 3884 2265 2489 690
20142 6161 3628 7364 5111 4790 7362
20143 2051 1622 3439 7939 3921 2480 305 464 2575 830 4228 6010
20144 6858 6803 1013 886 75 953 924 909 967 82 904 4903 2080
20145 2620 3369 2789 2246 3151 1782 1287
20146 3506 2789 3928 1642 3151 548 1405 6950 3321 1440 6579
20147 2789 2730 6411 3154 5011 1388
20148 3937 5726 2789 2776 3150 6940 6566
20149 3085 2789 2175 1959 2340 1731
20150 1532 4353 2789 4354 3151 1585 1638 7554
20151 3198 3946 1472 2789 4489 4001 3151 3817 1645 1474 4484 3268
20152 4587 2789 3151 5317 3664 1497
20153 2789 7845 3151 6423 3881 5077 4502
20154 6938 2352 2789 3831 7550 6418 7012 6696 2656 2952
20155 949 884 998 771 982 996 912 2080
20156 2789 3161 3151 4501 1632 7680
20157 98 4947 1246 1656 3012 3662 676 637 4511
20158 2361 1094 1351 98 635 1207 1346 1654
20159 1575 1653 687 1641 1347 1206 1351 1485 98 635 4947 1655 120 3625 1657 676
20160 662 129 98 4947 1246 3319 1262
20161 1351 98 4947 120 1246 1207 637
20162 1094 98 1485 1655 4947
20163 1092 687 1094 1206 1351 1485 98 4947 1246 1207
20164 1653 687 1641 1094 1206 1351 98 635 120 1207
20165 1575 1653 687 1351 1485 98 635 4947
20166 1223 950 1070 920 2080
20167 1641 1094 1206 98 4947 1654 3664 1657
20168 687 953 1347 1094 1206 98 1485 3568 635 4947 900
20169 1094 1206 98 635 1655 4947 1654
20170 1094 1206 1351 98 4947 1246 1207 1654 540 3625 1657
20171 1575 1653 687 1094 1206 98 4947 120 1246 1207 3915 3625 676 637
20172 687 1094 1206 98 3568 635 3722
20173 1094 98 635 4947 1654 990 676
20174 1641 98 4947 3625 1657 637 7755
20175 1094 1206 1351 98 4947 120 1246 1207 3625 711 1891
20176 1206 1485 98 1207 1654 2429
20177 3025 2969 2947 2958 3003 2991
20178 1186 1081 915 1132 913 895 1032 920 1111 1131 960 948 2080
20179 1347 1094 98 1655 4947
20180 4627 6363 6353 3683 4078 3688
20181 6617 6662 384 3233 6093
20182 7475 2000 4303 5572 3893
20183 391 5318 5235 5265 7415 7940 4630
20184 4548 2739 1136 5318 2744 3895
20185 5349 7792 7803 7713 7702 4851 1832
20186 2926 7725 2290 4851 3555
20187 667 1136 3833 3894 1397 2962 2721 1709 5687 1410 6985
20188 1180 1397 1008 2962 909 1146 1247
20189 950 895 997 924 920 894 2080
20190 7108 2962 5094 1108 5690
20191 1034 1112 946 1535 7470 959 2962 512 4958 1311 968 1190 7858 1310 1187 1051 308 1312 1108 1419
20192 3297 2962 4594 6507 1345 1287 4486
20193 7691 6666 6420 5889 1136 2946 3928 212 2962 1090 6915 1108 1288 1890 4504 6616
20194 1117 3487 1044 957 1055 2962 1709 1484
20195 4578 2962 1709 5750 1108 4585
20196 6574 2962 1709 1310 4621 3388
20197 1121 2962 1709 1051 1108
20198 917 2962 1221 1108 413
20199 8153 1532 2946 6250 5051 1316 2962 5782 1298
20200 1095 1050 954 896 1176 1187 951 948 2080
20201 7712 2962 4889 1709 1108
20202 2962 5026 4827 1190 1345 1499
20203 8127 1165 2962 1556 1108
20204 1897 2962 7559 1107 413
20205 1805 2962 1709 1108 5116
20206 2962 1709 1107 1108 413
20207 2962 1709 1107 1108 413
20208 8058 2962 1709 1107 1108
20209 2962 1709 1107 1108 413
20210 3630 2962 1709 1108 413
20211 950 994 924 929 771 82 83 896 1176 902 308 674 996 84 2080
20212 1371 2962 5026 4827 1107 1108
20213 2962 5026 4827 3626 1312 1108
20214 2962 6680 1537 1709 1108
20215 5754 7827 5216 9 5464 2504 5463 2505
20216 3978 7619 1316 3824 1287 1288 7650 2504 1298 2505
20217 1565 1560 4535 3500 4533 4567 1310 1312 2504 1386
20218 1565 5889 7130 4535 1311 4567 1310 5918 2363 6409 2504 1386 1500
20219 2719 212 1345 5589 2545 2504 3890 2505
20220 5949 4304 5023 3816 2504 2748 6904
20221 3582 3992 7539 2504 1273 2505
20222 999 931 1027 998 929 1026 8281 940 933 982 1151 996 498 776 1150 2080
20223 7503 1166 1568 2504 2505
20224 1089 1153 3235 1088 1796 7907 1645 1790 2504 2505 6293
20225 5616 6741 2956 3929 490 5093 6710 1840 3913 488 1839 3394 6856 5096 2504 491 1841
20226 1372 4594 3997 2504 2505
20227 7792 3505 7803 1287 2504 2505
20228 7055 2744 1287 2504 2505
20229 3909 1526 1528 4761 6917 2504 2505
20230 6313 1220 2504 3926 2505
20231 1752 2504 7253 1881 1522
20232 5900 6941 6590 2504 2505
20233 1331 1335 1339 1338 1332 1330 1333 1334 2080
20234 3149 3496 5399 3497 2504
20235 1537 2504 6322 1410 6842 2505
20236 1511 3929 4563 542 2504
20237 4127 2873 7547 2504 2505
20238 4339 4340 2504 5873 2505
20239 2358 2229 6403 4715 2505
20240 4203 1509 3845 7792 7429 3346 4303 1494 5207 7713 1801 2505
20241 6420 7154 5800 5589 2505
20242 5403 544 6195 4304 1804 2701 1504 4053 2505
20243 1136 2657 2744 3261 2505 1273
20244 78 1009 775 984 2080
20245 1688 5419 1689 1582 1589 6412
20246 7218 3231 1740 6171 8205
20247 7218 2405 520 3383 2475 2477 2406 3384
20248 3941 7218 921 8205 2908
20249 7218 3118 6573 4396 7156 5518 6994
20250 5378 7218 4779 6455 6186
20251 1888 4001 997 1094 1351 1074 5122
20252 1094 1206 1351 4947 120 1246 1207 3625 637
20253 1094 1206 1351 1485 1207 1654
20254 1653 1094 1206 1351 120
20255 157 896 940 308 2080
20256 5529 1653 687 1206 1351 635 1654
20257 129 1347 1094 1206 1351 1485 635 4947 120 1246 676
20258 687 1347 1094 1206 1351 4947 120 1346
20259 7941 1351 1656 786 3906 1194 1693 1382 1154 5519
20260 1575 687 1641 1094 1351 635 1346 1654 1657
20261 1653 687 1236 1351 1512
20262 1351 635 1346 1887 1382 1657 990
20263 2979 7228 7341 1351 1889 3008 3663
20264 1347 1351 1485 635 120 1246 1657
20265 1628 1816 3259 1673 1828 1612 676
20266 1340 950 8215 1059 2080
20267 3209 687 2966 1094 2134 1617 1618 2262 676
20268 685 1316 2188 676 1298
20269 5586 5686 7724 5228 4730 1619 1740 3609 6319 3452 1439 6950 3163 676
20270 5894 1366 3915 3818 1693 4628 1612 1634 4701 6495 676 1421
20271 1186 3506 997 1206 1485 548 1207 676
20272 1395 4618 3954 63 5589 5890 676
20273 1372 1385 3617 6317 6658 1754 1617 4576 1310 1312 676 3926
20274 1252 802 1657 676 7942
20275 1856 3506 2246 1239 7073 1594 3915 3500 2735 3176 1419 676
20276 3971 1349 7330 1527 1519 5010 1615 676
20277 1019 4958 1026 308 702 674 775 1151 996 964 1029 498 776 2080
20278 1511 3971 1371 3905 1673 1808 2353 676
20279 1184 1095 911 1132 913 6313 956 1055 3609 578 2812 912 676
20280 3833 3942 4184 228 676
20281 3946 1179 3411 3950 912 676
20282 3037 4568 2189 5527 1280 676 1500 1410
20283 1511 1477 6907 1691 1480 1808 676
20284 14 1996 1782 676 1298
20285 2203 2850 5575 5010 676 1273
20286 6886 3346 5893 4835 1304 676
20287 1653 3506 5343 4560 1557 1611 1346 273
20288 3025 3014 2947 2958 3003 2991
20289 90 1026 79 702 775 985 1150 2080
20290 4310 1653 3242 5784 1458 687 3713 2297
20291 1092 1575 1653 129 687 1347 1206 1485 540
20292 1653 227 687 3942 1896
20293 687 3506 3942 1374 4576 1615
20294 3832 687 5862 1631 3567 1273
20295 687 1655 1246 1207 3625 1657 637
20296 1575 687 1641 1656 2975 1497 3671 3256 5776
20297 1462 7563 687 466 2737 272 7739
20298 7562 7105 6575 4362 4839
20299 7464 6749 4784 4362 3408
20300 1341 895 884 971 1169 893 1008 955 956 993 929 1342 540
20301 6879 3628 5423 4362 2081 1304
20302 3347 526 4362 3217 2591
20303 2577 7833 7943 1432 1404 5162 4564
20304 6027 745 6155 4317 7446 2395 787 3264 737 6156 855 6446
20305 5891 740 7224 7446 787 742 3264 5780 855 6446 784 5669
20306 7011 2395 787 4396 6588 277
20307 819 2865 2126 2923 6618
20308 4418 7029 393 7111 6998 7115
20309 5872 4338 3924 4339 393 4340 5061 5868 3148 6448 6241
20310 1862 3097 7286 393 1775
20311 949 1200 884 997 893 1263 955 157 963 771
20312 6489 4418 5235 393 6998 4634 7449 3469
20313 7083 393 2298 4715 4716
20314 3326 7550 393 6392 2700
20315 5235 393 7451 6564 5571
20316 6489 7538 5355 7748 393 6987
20317 3198 4837 4977 1356 7227 656 4978
20318 1218 3198 4001 2246 1236 1824 6790
20319 1353 3198 1879 1684 5123
20320 3198 1778 1894 3617 1208 1543 9
20321 1353 3198 1778 3411 1208 2977 5396 5776
20322 908 1016 884 1169 1032 1008 5258 896 1147 1176 948
20323 5586 3198 1778 5474 4895 4479 2713
20324 3198 6205 4001 1153 1534 3867 1217 3567 2751 6976
20325 1546 1218 3198 2902 1158 1161
20326 3198 1157 1153 1796 2977 7338
20327 216 3198 6205 5895 2917 3352 1251 6376
20328 1092 3198 6205 1217 6579
20329 3198 1894 1826 2472 1824 3255 6522
20330 3865 3198 677 2865 1089 1088 1306 3723 1217 1273
20331 1133 1218 3198 2966 4006
20332 3865 3198 3349 3957 4192
20333 927 1112 1145 1001 884 1057
20334 3198 5900 1157 1087 1089 2954 1209 1645 1629
20335 3198 1778 1343 1894 1208 282
20336 3198 5486 6307 3226 6744
20337 3198 3369 1208 6744 6520
20338 3464 1777 2983 1899 5258 3177 1900 4484
20339 1795 5403 5258 1146 5904
20340 2768 1092 5446 2480 5258
20341 1212 1711 5258 1198 1202
20342 5258 909 1162 1073 5696
20343 5147 5036 5258 5091 5102 5125 5136 5202 5180
20344 949 884 993 157 771
20345 7825 5801 5365 8151 2908
20346 6544 1490 7929 5375 1241 2908 6665 4774
20347 3282 6074 6250 3084 2908
20348 2242 4565 521 2908 357 5522 4164 6389
20349 4845 4606 3093 3299 2908
20350 2354 5285 2908 6988 4630
20351 5250 2995 2908 7944 3523 4788 4616 5089
20352 5220 5479 2908 6484 8119 7865 3274 7834
20353 941 1068 897 942 411 904 902 1163 1082 898 1435 1000 901 1138
20354 1223 1186 971 2743 1534 2657 967 1163 1561 1284
20355 999 949 1171 1070 1183 75 884 997 963 90
20356 1173 1095 994 1163 1152
20357 1168 1074 1035 1006 909 1163 1498 1073
20358 2902 994 1165 1163 1196
20359 1072 1247 944 1163 1082 898 1000 901
20360 1173 1168 1186 1032 1163
20361 1034 1068 1112 8036 774 1146 1480 1116 1163 1550 8143 1011
20362 1168 1032 910 975 1163
20363 1034 4631 1163 428 905
20364 1034 8036 946 1185 1048 1163 1908
20365 1163 1709 905 1073 1037
20366 949 1095 1052 915 1132 1165 1038 895 884 1169 907 893 955 157 929 1035 5258 1178 894 1051 540 982
20367 1479 1488 1804 1163 1476
20368 3160 7331 1163 1251 1693
20369 1064 1038 1032 1147 1163
20370 2998 1295 915 1055 3451 1163 1187
20371 1070 1081 946 1146 1163
20372 1367 1807 971 997 1163 1023 3176
20373 1068 1111 910 1163 4440
20374 3530 1157 1209 1163 2977 3187
20375 3184 2917 3188 1163 7945 608 4774
20376 1950 1777 3946 3411 7073 3950 3905 3896 1310 550 621
20377 1050 1038 85 895 884 893
20378 1777 3946 3901 1087 1089 2917 1155 6215
20379 3946 1179 5900 5108 2917 1523 3950 3629 7713 5240 7702 1561
20380 3946 1179 5900 3369 5108 3950 1782 3190 1545
20381 3946 1087 1089 1088 2750 3950 2706
20382 3946 1179 3950 1512 3998
20383 3946 1179 1767 3950 7485
20384 1095 3946 1032 774 1796 1247 1082 7248 6861 1041
20385 2219 1688 3946 1179 5319 3950
20386 3946 1179 3950 1890 2688 1651
20387 3946 1179 5400 1087 6868 1088 1549 3950
20388 884 674 775 964 498
20389 3946 1179 1372 1350 1078 3950 1272 228 456
20390 3946 1856 3161 7768 621 1154
20391 3946 5775 1698 961 6527 5952 3950
20392 3946 1179 1200 1087 1089 1088 3950
20393 3946 1179 573 6319 3950 1726
20394 3946 4823 4741 7946 3244
20395 1354 3946 1179 4353 1740 5981 6975
20396 3946 1179 1081 1169 1104 3915 3950 1440 912 84
20397 4546 3946 2720 3615 3506 1307 3950 951 3997 6917 5322 1220 1408 1131 7051
20398 3075 3946 3667 3950 1693